customer_id,first_name,last_name,age,gender,marital_status,number_of_dependents,education_level,province,employment_status,monthly_income,income_band,monthly_expenses,account_tenure_years,monthly_transactions,avg_transaction_value,digital_login_frequency,branch_visit_count,late_payment_count,preferred_channel,has_savings_account,has_credit_card,has_home_loan,has_personal_loan,has_vehicle_finance,has_investment_account,active_products_count,credit_score,loan_utilisation_rate,days_since_last_default,churn_risk_label
CUST-00001,Mihlali,Mthembu,33,Female,Single,1,Degree,Eastern Cape,Employed,23300.0,LSM 7-8,11800.0,0.6,19,398.63,4,2,3,Passive,1,1,1,1,1,1,6,588,0.457,9999,Low
CUST-00002,Thabo,Nxumalo,25,Male,Single,0,Degree,Gauteng,Employed,31400.0,LSM 7-8,14900.0,0.5,26,471.37,17,4,0,Digital-Preferred,1,1,0,1,1,0,4,603,0.277,9999,Low
CUST-00003,Sipho,Daniels,36,Male,Married,0,No Matric,Gauteng,Self-Employed,3700.0,LSM 1-4,1600.0,3.4,13,50.0,6,2,0,Passive,1,0,0,0,0,0,1,611,0.0,9999,High
CUST-00004,Jade,Pillay,37,Female,Single,0,Postgraduate,KwaZulu-Natal,Employed,55700.0,Affluent,37400.0,5.1,57,255.98,6,7,0,Branch-Preferred,1,1,1,1,0,0,4,676,0.377,1480,Low
CUST-00005,Mihlali,Daniels,35,Female,Married,3,Matric,Eastern Cape,Unemployed,2054.9,LSM 1-4,2200.0,8.3,12,174.22,18,2,7,Digital-Preferred,0,0,0,0,0,0,0,379,0.0,108,High
CUST-00006,Bongani,van der Berg,61,Male,Married,0,No Matric,KwaZulu-Natal,Retired,3713.98,LSM 1-4,2200.0,5.3,13,548.31,17,12,2,Digital-Preferred,1,0,0,1,0,0,2,591,0.491,9999,Medium
CUST-00007,Jade,Ndlovu,32,Female,Single,0,Postgraduate,Mpumalanga,Employed,32700.0,LSM 7-8,18900.0,8.9,23,636.53,12,5,0,Digital-Preferred,1,1,1,1,1,0,5,737,0.319,1518,Low
CUST-00008,Ruan,Sithole,38,Male,Single,0,Degree,Limpopo,Employed,40700.0,Affluent,21200.0,9.1,51,593.95,19,4,0,Digital-Preferred,1,1,0,1,1,0,4,726,0.247,9999,Low
CUST-00009,Bongiwe,Mkhize,31,Female,Married,1,Postgraduate,Western Cape,Employed,57100.0,Affluent,30800.0,6.9,57,750.01,17,4,1,Digital-Preferred,1,1,1,0,1,1,5,697,0.29,9999,Low
CUST-00010,Mihlali,du Plessis,26,Female,Married,6,Degree,KwaZulu-Natal,Employed,42300.0,Affluent,22000.0,8.0,48,602.68,3,3,1,Passive,1,1,0,1,1,0,4,644,0.328,9999,Low
CUST-00011,Kagiso,Buthelezi,37,Male,Married,1,Diploma,Eastern Cape,Employed,10100.0,LSM 5-6,5600.0,7.0,5,1519.29,17,3,0,Digital-Preferred,1,0,0,1,0,0,2,652,0.249,9999,Low
CUST-00012,Ashleigh,Jacobs,36,Female,Married,5,Matric,Limpopo,Unemployed,2100.04,LSM 1-4,2200.0,4.2,14,348.18,14,2,3,Digital-Preferred,1,0,0,0,0,0,1,536,0.0,977,High
CUST-00013,Aaliya,Motsepe,56,Female,Married,0,Matric,Gauteng,Unemployed,1427.36,LSM 1-4,800.0,0.5,3,627.6,16,4,1,Digital-Preferred,1,0,0,0,0,0,1,607,0.0,9999,High
CUST-00014,Tebogo,Ngubane,49,Male,Single,0,Postgraduate,Mpumalanga,Employed,57600.0,Affluent,37300.0,10.4,55,448.77,18,2,3,Digital-Preferred,1,0,1,0,0,1,3,636,0.425,1852,Low
CUST-00015,Arjun,February,65,Male,Married,2,Degree,Western Cape,Employed,52600.0,Affluent,29500.0,4.7,48,763.65,13,4,2,Digital-Preferred,1,1,1,0,1,1,5,706,0.388,9999,Low
CUST-00016,Ayanda,Pretorius,26,Female,Married,2,Matric,North West,Employed,9600.0,LSM 5-6,6200.0,6.1,21,597.42,29,2,1,Digital-Preferred,0,0,0,0,0,0,0,598,0.0,475,High
CUST-00017,Nhlanhla,Khumalo,34,Male,Divorced,1,Matric,Free State,Employed,10300.0,LSM 5-6,5800.0,5.9,11,372.87,17,6,0,Digital-Preferred,1,1,0,0,0,0,2,626,0.375,9999,Low
CUST-00018,Arjun,Botha,43,Male,Married,1,Matric,Gauteng,Employed,6200.0,LSM 1-4,3700.0,1.3,6,50.0,20,3,2,Digital-Preferred,1,1,0,0,0,0,2,546,0.411,923,Medium
CUST-00019,Thabo,Cele,55,Male,Married,2,Matric,KwaZulu-Natal,Unemployed,706.23,LSM 1-4,700.0,5.8,5,50.0,5,4,0,Branch-Preferred,0,0,0,0,0,0,0,670,0.0,9999,Medium
CUST-00020,Fatima,Maharaj,31,Female,Single,0,Degree,Western Cape,Employed,26400.0,LSM 7-8,18900.0,7.3,30,485.05,17,5,5,Digital-Preferred,1,1,1,1,0,0,4,519,0.655,87,Low
CUST-00021,Kagiso,Joubert,50,Male,Married,2,No Matric,Western Cape,Unemployed,1374.77,LSM 1-4,1400.0,5.7,9,267.79,9,2,3,Passive,1,0,0,0,0,0,1,574,0.0,9999,High
CUST-00022,Shenay,Maharaj,27,Female,Single,0,Diploma,Mpumalanga,Employed,22800.0,LSM 7-8,15300.0,5.9,27,453.38,20,2,5,Digital-Preferred,1,1,0,0,1,0,3,489,0.704,1881,Low
CUST-00023,Musa,Williams,39,Male,Married,3,Postgraduate,Gauteng,Employed,68800.0,Affluent,47000.0,7.6,48,979.79,21,3,5,Digital-Preferred,1,0,1,0,1,1,4,515,0.535,1102,Low
CUST-00024,Sipho,Maharaj,49,Male,Single,0,Diploma,Eastern Cape,Self-Employed,22800.0,LSM 7-8,14500.0,8.3,25,459.13,20,6,2,Digital-Preferred,1,1,0,0,1,0,3,665,0.318,398,Low
CUST-00025,Zara,Mokoena,29,Female,Married,1,Diploma,North West,Employed,17400.0,LSM 5-6,10600.0,4.1,33,295.5,19,4,3,Digital-Preferred,1,1,0,1,1,0,4,578,0.468,1198,Low
CUST-00026,Lethiwe,Mkhize,29,Male,Single,0,Matric,Northern Cape,Employed,9100.0,LSM 5-6,5600.0,2.4,19,281.49,0,3,1,Passive,1,0,0,0,0,0,1,567,0.0,2264,Medium
CUST-00027,Kyle,Pretorius,55,Male,Married,0,No Matric,Gauteng,Self-Employed,9200.0,LSM 5-6,5900.0,7.6,19,184.05,10,2,0,Passive,0,0,0,0,0,0,0,673,0.0,9999,Medium
CUST-00028,Luca,van der Berg,23,Male,Single,0,Matric,Free State,Unemployed,95.8,LSM 1-4,100.0,6.3,13,171.94,22,2,0,Digital-Preferred,0,0,0,0,0,0,0,613,0.0,126,Medium
CUST-00029,Ayanda,Ngubane,52,Female,Married,1,No Matric,Gauteng,Employed,7900.0,LSM 1-4,4400.0,7.3,11,676.06,5,3,0,Passive,1,0,0,0,1,0,2,668,0.388,9999,Low
CUST-00030,André,Daniels,34,Male,Single,1,Matric,Western Cape,Retired,6323.64,LSM 1-4,4900.0,4.8,27,50.0,17,3,1,Digital-Preferred,1,0,0,0,0,0,1,565,0.0,658,Medium
CUST-00031,Mandla,Brown,63,Male,Married,3,No Matric,Gauteng,Retired,4424.42,LSM 1-4,4600.0,0.5,16,330.96,15,2,3,Digital-Preferred,1,0,0,0,0,0,1,542,0.0,635,Medium
CUST-00032,André,Motsepe,29,Male,Married,2,Matric,Eastern Cape,Unemployed,540.05,LSM 1-4,600.0,9.5,12,50.0,6,3,8,Passive,1,1,0,0,0,0,2,332,0.862,260,High
CUST-00033,Pieter,Reddy,28,Male,Single,0,No Matric,Gauteng,Employed,5900.0,LSM 1-4,3800.0,0.5,19,50.0,19,0,3,Digital-Preferred,0,1,0,0,0,0,1,479,0.472,811,Medium
CUST-00034,Nkosinathi,February,27,Male,Single,0,Postgraduate,Gauteng,Employed,68700.0,Affluent,34100.0,7.3,63,748.58,14,6,0,Digital-Preferred,1,1,1,1,1,0,5,748,0.337,9999,Low
CUST-00035,Kavitha,Dlamini,51,Female,Divorced,2,No Matric,KwaZulu-Natal,Employed,5800.0,LSM 1-4,5700.0,11.7,4,1826.48,5,4,2,Branch-Preferred,1,1,0,0,0,0,2,637,0.547,9999,Medium
CUST-00036,Lethiwe,Motsepe,57,Male,Married,2,Matric,North West,Unemployed,862.76,LSM 1-4,900.0,5.5,11,50.0,13,6,4,Digital-Preferred,1,0,0,0,0,0,1,525,0.0,109,High
CUST-00037,Dylan,Adams,45,Male,Married,1,Degree,Western Cape,Employed,34900.0,LSM 7-8,16000.0,8.2,51,680.38,16,3,0,Digital-Preferred,1,1,0,0,1,1,4,698,0.427,9999,Low
CUST-00038,Kim,Botha,26,Female,Married,4,Matric,Eastern Cape,Employed,7500.0,LSM 1-4,7900.0,6.1,28,152.5,11,4,6,Digital-Preferred,1,1,0,0,0,0,2,383,0.829,142,Medium
CUST-00039,Thandi,Hendricks,27,Female,Married,4,Diploma,Eastern Cape,Employed,13200.0,LSM 5-6,11900.0,6.1,18,614.21,13,4,0,Digital-Preferred,1,1,0,1,0,0,3,656,0.6,9999,Low
CUST-00040,Priya,Botha,35,Male,Married,0,Degree,KwaZulu-Natal,Self-Employed,17400.0,LSM 5-6,9700.0,13.2,27,692.81,9,4,4,Branch-Preferred,1,1,1,1,0,0,4,577,0.447,9999,Low
CUST-00041,Dylan,Mthembu,36,Male,Married,1,Diploma,Gauteng,Unemployed,2362.55,LSM 1-4,1900.0,2.6,9,50.0,5,6,2,Branch-Preferred,1,0,0,0,0,0,1,568,0.0,9999,Medium
CUST-00042,Lungelo,Mthethwa,35,Male,Married,2,Matric,Gauteng,Self-Employed,5400.0,LSM 1-4,4800.0,2.5,16,483.34,2,2,1,Passive,1,0,0,0,0,0,1,574,0.0,9999,Medium
CUST-00043,Zara,Sithole,28,Female,Married,1,Degree,KwaZulu-Natal,Employed,47600.0,Affluent,28500.0,5.0,38,680.34,26,1,2,Digital-Only,1,1,1,0,1,1,5,601,0.403,9999,Low
CUST-00044,Kyle,Smith,42,Male,Divorced,3,Diploma,North West,Self-Employed,27700.0,LSM 7-8,17700.0,12.1,25,563.86,22,3,3,Digital-Preferred,1,1,1,1,0,0,4,625,0.397,9999,Low
CUST-00045,Kagiso,Khumalo,36,Male,Single,0,Matric,Gauteng,Unemployed,1866.3,LSM 1-4,1200.0,3.4,7,69.67,19,3,2,Digital-Preferred,0,0,0,0,0,0,0,513,0.0,129,Medium
CUST-00046,Johan,Khumalo,40,Male,Married,1,No Matric,Eastern Cape,Unemployed,1573.23,LSM 1-4,1700.0,6.4,25,50.0,12,6,8,Digital-Preferred,0,0,0,1,0,0,1,383,0.98,124,Medium
CUST-00047,Kiran,Zulu,37,Male,Married,1,No Matric,Mpumalanga,Self-Employed,3400.0,LSM 1-4,2800.0,8.4,8,602.22,8,3,6,Passive,1,1,0,0,0,0,2,444,0.675,511,High
CUST-00048,Mandla,Joubert,33,Male,Single,0,Degree,North West,Employed,28300.0,LSM 7-8,19500.0,9.2,38,558.42,23,2,0,Digital-Preferred,1,1,1,0,1,0,4,696,0.501,9999,Low
CUST-00049,Lethiwe,February,36,Male,Married,2,Matric,KwaZulu-Natal,Unemployed,1796.14,LSM 1-4,1900.0,8.2,8,207.9,16,2,1,Digital-Preferred,0,0,0,0,0,0,0,661,0.0,1963,High
CUST-00050,Siphokazi,Naidoo,32,Female,Married,3,Matric,North West,Employed,6300.0,LSM 1-4,5700.0,9.7,10,431.41,23,3,3,Digital-Preferred,0,0,0,1,0,0,1,539,0.574,1345,High
CUST-00051,Bongiwe,Daniels,33,Female,Married,0,Diploma,Eastern Cape,Employed,14500.0,LSM 5-6,8100.0,6.9,23,414.53,18,1,0,Digital-Preferred,1,1,0,0,0,0,2,655,0.27,9999,Low
CUST-00052,Fatima,Smith,35,Female,Married,2,Postgraduate,Western Cape,Employed,71100.0,Affluent,32700.0,8.1,47,872.43,31,2,0,Digital-Preferred,1,1,1,1,1,1,6,731,0.324,9999,Low
CUST-00053,Siphokazi,Pillay,23,Female,Single,0,No Matric,Limpopo,Self-Employed,5200.0,LSM 1-4,2600.0,3.9,19,81.93,11,5,1,Digital-Preferred,1,1,0,1,0,0,3,539,0.438,1176,Low
CUST-00054,Sbusiso,Pillay,75,Male,Widowed,2,No Matric,Gauteng,Retired,1760.48,LSM 1-4,1800.0,4.1,10,372.72,0,4,3,Branch-Preferred,1,0,0,1,0,0,2,567,0.64,155,High
CUST-00055,Kim,Cele,29,Female,Married,3,Diploma,Mpumalanga,Employed,28200.0,LSM 7-8,16500.0,13.0,24,742.52,16,2,4,Digital-Preferred,1,1,1,1,1,1,6,519,0.553,9999,Low
CUST-00056,Chanel,Jacobs,28,Female,Married,3,Degree,Eastern Cape,Employed,14800.0,LSM 5-6,9900.0,4.4,14,688.47,3,4,2,Branch-Preferred,1,1,1,1,0,0,4,597,0.492,147,Low
CUST-00057,Ashleigh,Hendricks,30,Female,Single,0,Diploma,Limpopo,Employed,16800.0,LSM 5-6,12300.0,7.6,37,514.9,8,4,3,Branch-Preferred,1,0,0,1,1,0,3,538,0.692,1286,Low
CUST-00058,Fatima,Johnson,40,Female,Married,4,Degree,Mpumalanga,Self-Employed,48900.0,Affluent,27800.0,3.8,42,560.32,20,4,4,Digital-Preferred,1,1,1,1,1,1,6,543,0.526,660,Low
CUST-00059,Marco,February,26,Male,Married,2,No Matric,Eastern Cape,Unemployed,2021.98,LSM 1-4,2100.0,5.4,11,50.0,7,5,6,Branch-Preferred,0,0,0,0,0,0,0,398,0.0,403,Medium
CUST-00060,Tebogo,Mokoena,37,Male,Single,1,Matric,Gauteng,Self-Employed,6900.0,LSM 1-4,5000.0,4.6,22,216.65,13,2,0,Digital-Preferred,0,1,0,0,0,0,1,600,0.5,9999,High
CUST-00061,Kyle,Zulu,21,Male,Single,1,Matric,KwaZulu-Natal,Unemployed,1244.71,LSM 1-4,1300.0,4.5,4,332.06,8,1,2,Passive,1,0,0,0,0,0,1,532,0.0,679,Medium
CUST-00062,Kyle,Johnson,29,Male,Married,0,Matric,Mpumalanga,Employed,9700.0,LSM 5-6,4400.0,7.8,26,124.77,11,7,2,Digital-Preferred,1,0,0,0,1,0,2,550,0.435,248,Medium
CUST-00063,Thabo,Botha,52,Male,Married,4,Matric,Eastern Cape,Unemployed,3472.69,LSM 1-4,3600.0,9.5,12,537.98,22,6,1,Digital-Preferred,0,0,0,0,0,0,0,602,0.0,89,High
CUST-00064,Mandla,Jacobs,35,Male,Married,1,Degree,North West,Employed,39200.0,LSM 7-8,21500.0,11.6,25,960.1,24,2,1,Digital-Preferred,1,1,1,1,1,1,6,686,0.386,9999,Low
CUST-00065,Vusi,Reddy,36,Male,Married,1,Matric,KwaZulu-Natal,Employed,11800.0,LSM 5-6,7700.0,5.6,14,526.99,15,7,6,Digital-Preferred,1,1,0,0,1,0,3,476,0.639,919,Medium
CUST-00066,Nandi,Cele,36,Female,Married,2,Degree,Western Cape,Retired,20194.41,LSM 7-8,12400.0,3.5,15,825.56,17,1,3,Digital-Preferred,0,1,0,0,0,1,2,556,0.473,287,High
CUST-00067,Aaliya,Motsepe,29,Female,Single,1,Matric,Mpumalanga,Employed,8600.0,LSM 5-6,6000.0,3.1,16,391.13,23,8,2,Digital-Preferred,1,0,0,0,0,0,1,531,0.0,964,Medium
CUST-00068,Shenay,Pillay,29,Female,Married,0,Diploma,Limpopo,Employed,16300.0,LSM 5-6,11500.0,7.0,15,871.88,18,1,2,Digital-Preferred,1,1,1,1,1,0,5,597,0.563,9999,Low
CUST-00069,Kagiso,Sithole,55,Male,Divorced,0,Matric,KwaZulu-Natal,Employed,9800.0,LSM 5-6,5900.0,6.1,9,666.06,3,8,4,Branch-Preferred,0,0,0,0,1,0,1,511,0.534,166,Medium
CUST-00070,Priya,Buthelezi,30,Female,Married,1,Diploma,Gauteng,Self-Employed,16500.0,LSM 5-6,8300.0,6.9,23,329.98,27,2,2,Digital-Preferred,1,0,0,0,0,0,1,541,0.0,9999,Medium
CUST-00071,Samantha,Nxumalo,24,Female,Single,0,Matric,Mpumalanga,Employed,10600.0,LSM 5-6,6900.0,2.4,17,139.04,21,1,0,Digital-Only,1,0,0,1,0,0,2,587,0.529,225,Medium
CUST-00072,Mihlali,Govender,25,Female,Single,1,Postgraduate,Limpopo,Employed,34800.0,LSM 7-8,18500.0,8.8,43,288.27,5,5,1,Branch-Preferred,1,0,1,0,0,1,3,642,0.28,631,Low
CUST-00073,Ashleigh,Nkosi,26,Female,Single,0,Degree,KwaZulu-Natal,Employed,34100.0,LSM 7-8,24300.0,0.6,42,633.97,12,5,2,Digital-Preferred,1,1,0,0,1,0,3,542,0.623,506,Medium
CUST-00074,Heinrich,Ndlovu,34,Male,Married,2,Degree,Western Cape,Student,2663.06,LSM 1-4,2800.0,3.4,12,270.93,13,4,5,Digital-Preferred,1,0,0,1,1,0,3,459,0.685,1580,High
CUST-00075,Dylan,Nkosi,32,Male,Single,1,Degree,Gauteng,Employed,56800.0,Affluent,36600.0,4.8,52,406.78,14,5,5,Digital-Preferred,1,1,1,1,1,1,6,499,0.63,9999,Low
CUST-00076,Ashleigh,Maharaj,36,Female,Married,1,Matric,KwaZulu-Natal,Self-Employed,10800.0,LSM 5-6,6000.0,5.1,6,887.62,2,5,2,Branch-Preferred,1,0,1,0,1,0,3,602,0.54,9999,Low
CUST-00077,Nomvula,Dlamini,49,Female,Married,4,Diploma,Gauteng,Employed,21300.0,LSM 7-8,13200.0,10.2,30,254.05,12,6,1,Digital-Preferred,1,1,0,1,0,1,4,694,0.389,9999,Low
CUST-00078,Devan,Mthethwa,50,Male,Single,0,Matric,Gauteng,Unemployed,0.0,LSM 1-4,0.0,4.1,13,272.93,14,7,0,Digital-Preferred,1,0,0,0,0,0,1,684,0.0,9999,Low
CUST-00079,Tebogo,Zulu,28,Male,Married,1,Degree,Mpumalanga,Employed,43700.0,Affluent,20600.0,6.3,47,488.52,20,2,0,Digital-Preferred,1,1,1,1,1,0,5,719,0.377,9999,Low
CUST-00080,Devan,Joubert,30,Male,Single,0,Matric,KwaZulu-Natal,Self-Employed,20600.0,LSM 7-8,10200.0,8.4,21,571.78,17,2,0,Digital-Preferred,1,0,0,1,1,0,3,644,0.287,9999,Low
CUST-00081,Devan,Nkosi,54,Male,Single,1,Matric,Mpumalanga,Retired,4419.37,LSM 1-4,3600.0,4.3,11,313.93,8,7,2,Branch-Preferred,1,1,0,0,0,0,2,568,0.545,1491,High
CUST-00082,Palesa,Dlamini,28,Female,Single,0,Degree,Western Cape,Employed,47000.0,Affluent,27400.0,7.1,39,577.3,29,3,2,Digital-Preferred,1,0,1,1,1,1,5,630,0.363,82,Low
CUST-00083,Zanele,Sithole,29,Female,Single,2,Matric,Gauteng,Employed,8800.0,LSM 5-6,7200.0,6.3,27,177.58,16,5,2,Digital-Preferred,1,0,0,1,1,0,3,555,0.514,1945,Low
CUST-00084,Vusi,Reddy,51,Male,Married,1,Diploma,KwaZulu-Natal,Unemployed,247.83,LSM 1-4,300.0,1.6,12,123.54,7,6,1,Branch-Preferred,1,0,0,0,0,0,1,606,0.0,9999,Medium
CUST-00085,Sandile,Ndlovu,60,Male,Married,1,Matric,Gauteng,Employed,9200.0,LSM 5-6,5600.0,4.2,4,1347.98,5,5,0,Branch-Preferred,1,0,0,1,0,0,2,654,0.27,140,Low
CUST-00086,Pieter,Botha,57,Male,Single,0,Diploma,Eastern Cape,Employed,23000.0,LSM 7-8,14600.0,7.6,30,587.28,0,5,1,Branch-Preferred,1,1,0,0,0,0,2,677,0.386,9999,Low
CUST-00087,Bongani,Daniels,49,Male,Married,0,Degree,North West,Employed,52100.0,Affluent,33200.0,12.3,41,838.35,17,6,0,Digital-Preferred,1,1,1,1,0,1,5,775,0.348,9999,Low
CUST-00088,Zanele,Naidoo,32,Female,Married,2,Diploma,Limpopo,Unemployed,236.66,LSM 1-4,200.0,8.9,19,69.64,11,1,0,Digital-Preferred,1,0,0,0,0,0,1,635,0.0,637,Medium
CUST-00089,Mihlali,Adams,43,Female,Married,2,Matric,Limpopo,Retired,5492.79,LSM 1-4,4200.0,11.7,18,302.64,17,4,4,Digital-Preferred,1,0,0,0,0,0,1,491,0.0,581,Medium
CUST-00090,Aaliya,Ngubane,34,Female,Single,0,No Matric,Mpumalanga,Unemployed,2215.67,LSM 1-4,1400.0,6.6,21,50.0,8,4,1,Branch-Preferred,1,0,0,0,0,0,1,626,0.0,9999,Medium
CUST-00091,Sandile,Jacobs,51,Male,Divorced,0,No Matric,Limpopo,Unemployed,1421.27,LSM 1-4,800.0,3.9,19,50.0,18,6,2,Digital-Preferred,1,0,0,0,0,0,1,562,0.0,622,Medium
CUST-00092,Lerato,Zulu,56,Female,Single,1,No Matric,Western Cape,Self-Employed,7300.0,LSM 1-4,5400.0,5.3,22,427.22,6,1,2,Passive,1,0,0,1,0,0,2,596,0.6,489,Medium
CUST-00093,Thandi,Pillay,29,Female,Single,0,Diploma,Limpopo,Employed,10600.0,LSM 5-6,6700.0,5.4,26,622.96,14,6,6,Digital-Preferred,1,0,0,0,0,0,1,414,0.0,250,Medium
CUST-00094,Nkosinathi,Mthethwa,31,Male,Single,0,Matric,KwaZulu-Natal,Employed,2200.0,LSM 1-4,1500.0,3.9,18,266.93,18,6,3,Digital-Preferred,0,1,0,0,0,0,1,522,0.478,1190,High
CUST-00095,Kefilwe,Nkosi,21,Female,Single,1,Matric,Gauteng,Employed,8700.0,LSM 5-6,5800.0,3.6,10,50.0,13,3,1,Digital-Preferred,1,0,0,0,0,0,1,555,0.0,2611,High
CUST-00096,Palesa,Jacobs,23,Female,Single,0,Matric,Eastern Cape,Employed,10100.0,LSM 5-6,7300.0,4.8,8,760.9,5,7,0,Branch-Preferred,1,1,0,0,0,0,2,595,0.457,9999,Medium
CUST-00097,Bongiwe,Reddy,24,Female,Single,1,Degree,Limpopo,Employed,43700.0,Affluent,32600.0,0.5,32,1041.69,30,3,1,Digital-Preferred,1,1,0,0,0,0,2,594,0.444,337,Medium
CUST-00098,Nkosinathi,Nxumalo,41,Male,Married,5,No Matric,Gauteng,Employed,5100.0,LSM 1-4,5400.0,8.6,19,64.57,20,7,1,Digital-Preferred,1,1,0,1,0,0,3,660,0.46,2316,Low
CUST-00099,Rayan,Nkosi,34,Male,Married,2,Matric,Free State,Employed,12100.0,LSM 5-6,9300.0,0.5,3,2870.98,10,6,1,Branch-Preferred,1,1,0,1,1,0,4,597,0.483,1736,Low
CUST-00100,Bongiwe,Govender,65,Female,Widowed,2,Matric,Gauteng,Self-Employed,11600.0,LSM 5-6,8700.0,5.1,18,399.59,9,5,2,Branch-Preferred,1,1,0,1,0,0,3,604,0.495,2533,Low
CUST-00101,Arjun,du Plessis,29,Male,Married,2,No Matric,Limpopo,Employed,5100.0,LSM 1-4,3800.0,8.8,11,414.52,11,3,1,Digital-Preferred,1,1,0,0,0,0,2,584,0.491,165,Medium
CUST-00102,André,Nkosi,39,Male,Married,1,Postgraduate,Free State,Employed,29600.0,LSM 7-8,19500.0,8.8,40,611.01,16,2,1,Digital-Preferred,1,1,1,1,1,0,5,682,0.27,9999,Low
CUST-00103,Kavitha,February,29,Female,Single,0,Matric,KwaZulu-Natal,Employed,8700.0,LSM 5-6,4000.0,4.5,15,193.2,13,3,0,Digital-Preferred,1,0,0,0,1,0,2,644,0.44,9999,Medium
CUST-00104,Johan,Maharaj,57,Male,Married,0,Diploma,North West,Employed,21300.0,LSM 7-8,12900.0,12.3,21,525.46,16,2,3,Digital-Preferred,1,1,0,0,0,1,3,612,0.456,1501,Low
CUST-00105,Dylan,van der Berg,26,Male,Married,3,Diploma,Mpumalanga,Employed,19300.0,LSM 5-6,10700.0,3.7,33,155.51,15,2,1,Digital-Preferred,1,1,0,0,1,0,3,577,0.496,797,Low
CUST-00106,Palesa,Cele,30,Female,Married,0,Degree,Limpopo,Self-Employed,19900.0,LSM 5-6,9100.0,0.5,23,497.07,30,1,1,Digital-Only,1,1,0,0,1,0,3,594,0.453,204,Low
CUST-00107,Samantha,Buthelezi,26,Female,Single,0,Diploma,Free State,Unemployed,1416.73,LSM 1-4,700.0,6.4,9,165.76,27,1,2,Digital-Only,0,0,0,1,0,0,1,556,0.518,81,High
CUST-00108,Nozipho,van der Berg,39,Female,Married,4,Degree,Eastern Cape,Self-Employed,45500.0,Affluent,25500.0,2.7,36,889.74,21,5,1,Digital-Preferred,1,1,1,0,1,0,4,640,0.41,9999,Low
CUST-00109,Thandi,Nkosi,37,Female,Married,0,Diploma,Western Cape,Employed,11900.0,LSM 5-6,5000.0,3.3,20,275.95,16,4,1,Digital-Preferred,1,0,0,1,1,0,3,584,0.35,278,Low
CUST-00110,Devan,Motsepe,21,Male,Single,1,Diploma,Eastern Cape,Unemployed,2317.0,LSM 1-4,2000.0,4.4,9,50.0,9,3,0,Passive,1,0,0,0,0,0,1,611,0.0,1866,Medium
CUST-00111,Marco,Nxumalo,53,Male,Divorced,0,Diploma,KwaZulu-Natal,Employed,19400.0,LSM 5-6,12200.0,4.9,20,540.22,15,4,1,Digital-Preferred,1,1,1,1,0,0,4,658,0.519,9999,Low
CUST-00112,Lindiwe,Ndlovu,54,Female,Single,0,Diploma,KwaZulu-Natal,Employed,20600.0,LSM 7-8,11100.0,8.1,35,488.53,21,4,4,Digital-Preferred,1,1,1,1,1,0,5,584,0.503,1154,Low
CUST-00113,Johan,Zulu,28,Male,Married,2,Diploma,Gauteng,Employed,16400.0,LSM 5-6,11000.0,2.5,21,176.71,20,3,1,Digital-Preferred,1,0,1,1,0,0,3,593,0.41,9999,Low
CUST-00114,Ruan,Mokoena,23,Male,Married,1,Matric,KwaZulu-Natal,Employed,8900.0,LSM 5-6,4900.0,6.1,12,391.37,10,2,0,Passive,1,1,0,0,0,0,2,661,0.301,9999,Low
CUST-00115,Kagiso,Sithole,32,Male,Single,0,Matric,Limpopo,Employed,7100.0,LSM 1-4,3900.0,0.5,7,614.17,15,0,3,Digital-Preferred,1,1,0,0,1,0,3,516,0.688,89,Low
CUST-00116,Anika,Mokoena,28,Female,Single,2,Matric,North West,Employed,7300.0,LSM 1-4,5900.0,9.4,16,769.49,19,1,5,Digital-Preferred,1,0,0,0,1,0,2,512,0.598,892,High
CUST-00117,Rayan,Reddy,50,Male,Married,0,No Matric,Free State,Unemployed,1241.36,LSM 1-4,700.0,3.7,6,50.0,11,4,4,Digital-Preferred,0,0,0,0,0,0,0,502,0.0,2255,Medium
CUST-00118,Chanel,Pretorius,32,Female,Single,0,Diploma,Gauteng,Employed,15500.0,LSM 5-6,10000.0,10.6,17,563.9,18,3,3,Digital-Preferred,1,1,1,0,1,0,4,551,0.466,765,Low
CUST-00119,Ruan,Mkhize,41,Male,Single,0,No Matric,Western Cape,Unemployed,1578.12,LSM 1-4,900.0,2.6,4,562.52,16,3,2,Digital-Preferred,1,0,0,1,0,0,2,584,0.419,1325,High
CUST-00120,Megan,February,30,Female,Single,1,Diploma,Western Cape,Unemployed,6.55,LSM 1-4,0.0,10.8,12,50.0,15,5,0,Digital-Preferred,1,0,0,0,0,0,1,640,0.0,9999,Medium
CUST-00121,Kagiso,Maharaj,25,Male,Single,0,Degree,Gauteng,Employed,27800.0,LSM 7-8,15200.0,1.6,18,1059.39,29,2,2,Digital-Preferred,1,1,0,1,1,0,4,557,0.52,1402,Low
CUST-00122,André,van der Berg,33,Male,Single,1,Diploma,Western Cape,Employed,15300.0,LSM 5-6,10500.0,0.6,23,535.05,15,2,0,Digital-Preferred,1,1,0,0,1,0,3,655,0.381,9999,Low
CUST-00123,Lerato,Nkosi,41,Female,Married,2,Diploma,KwaZulu-Natal,Employed,26700.0,LSM 7-8,15200.0,6.9,23,616.67,8,2,0,Passive,1,1,1,0,0,1,4,657,0.392,9999,Low
CUST-00124,Samantha,Williams,40,Female,Married,2,No Matric,North West,Employed,4600.0,LSM 1-4,4800.0,9.0,19,342.96,14,6,1,Digital-Preferred,1,0,0,1,0,0,2,587,0.785,9999,Medium
CUST-00125,Lethiwe,Adams,49,Male,Married,0,No Matric,Gauteng,Student,5074.22,LSM 1-4,2900.0,7.7,17,141.09,8,4,0,Branch-Preferred,1,0,0,0,0,0,1,660,0.0,9999,Medium
CUST-00126,Marco,van der Berg,51,Male,Single,0,Diploma,Mpumalanga,Self-Employed,23500.0,LSM 7-8,15400.0,10.1,26,1043.87,10,8,0,Branch-Preferred,1,1,0,1,0,0,3,716,0.217,9999,Low
CUST-00127,André,Khumalo,40,Male,Married,2,Degree,North West,Self-Employed,68100.0,Affluent,36500.0,12.0,62,175.6,20,7,0,Digital-Preferred,1,0,1,1,1,1,5,769,0.217,9999,Low
CUST-00128,Kagiso,Ndlovu,24,Male,Single,0,Degree,Limpopo,Employed,36100.0,LSM 7-8,24200.0,1.5,47,458.4,13,1,1,Digital-Preferred,1,1,1,0,1,1,5,618,0.459,9999,Low
CUST-00129,Zara,Buthelezi,28,Female,Married,4,Degree,Gauteng,Employed,28300.0,LSM 7-8,18400.0,8.3,39,421.16,13,1,1,Digital-Preferred,1,1,1,1,1,0,5,593,0.334,247,Low
CUST-00130,Lethiwe,Nxumalo,26,Male,Married,1,Degree,KwaZulu-Natal,Self-Employed,51400.0,Affluent,26400.0,5.3,34,749.67,16,3,2,Digital-Preferred,1,1,1,1,1,0,5,587,0.482,1406,Low
CUST-00131,Palesa,Nxumalo,29,Female,Single,0,Degree,Free State,Employed,11600.0,LSM 5-6,6600.0,3.6,13,723.78,22,0,1,Digital-Only,1,1,0,1,1,0,4,577,0.54,655,Low
CUST-00132,Mandla,Sithole,73,Male,Widowed,0,Diploma,Gauteng,Employed,18700.0,LSM 5-6,9500.0,6.8,19,410.59,10,6,4,Branch-Preferred,1,0,0,0,0,1,2,495,0.0,413,Low
CUST-00133,Shenay,Nkosi,35,Female,Single,0,Degree,Gauteng,Employed,21600.0,LSM 7-8,13600.0,6.3,30,551.74,13,2,0,Digital-Preferred,1,1,1,1,1,0,5,676,0.268,641,Low
CUST-00134,Sbusiso,Mokoena,30,Male,Single,1,No Matric,Free State,Unemployed,766.53,LSM 1-4,800.0,9.3,6,179.63,6,6,2,Branch-Preferred,1,0,0,0,0,0,1,585,0.0,1560,Medium
CUST-00135,Johan,Johnson,23,Male,Single,1,Matric,Limpopo,Unemployed,1535.81,LSM 1-4,1600.0,2.0,7,396.27,2,6,4,Branch-Preferred,1,0,0,0,0,0,1,480,0.0,54,Medium
CUST-00136,Pieter,Johnson,25,Male,Single,0,Matric,Limpopo,Self-Employed,3100.0,LSM 1-4,1500.0,2.8,6,222.56,5,4,2,Branch-Preferred,1,0,0,0,0,0,1,546,0.0,723,High
CUST-00137,Ayanda,Dlamini,52,Female,Divorced,1,Diploma,Gauteng,Employed,24500.0,LSM 7-8,14400.0,4.5,29,560.99,9,2,0,Passive,1,1,1,1,0,0,4,676,0.36,9999,Low
CUST-00138,Nozipho,Reddy,37,Female,Single,0,Degree,Western Cape,Unemployed,778.06,LSM 1-4,400.0,10.7,16,50.0,13,2,0,Digital-Preferred,1,1,0,0,0,0,2,695,0.338,9999,Low
CUST-00139,Lerato,February,53,Female,Married,1,Matric,Mpumalanga,Employed,7200.0,LSM 1-4,5200.0,3.6,5,842.79,8,10,1,Branch-Preferred,1,1,0,0,0,0,2,618,0.516,1213,Low
CUST-00140,Kagiso,Joubert,62,Male,Married,3,Matric,KwaZulu-Natal,Employed,17900.0,LSM 5-6,9100.0,10.1,18,825.36,1,4,0,Branch-Preferred,1,1,0,0,1,1,4,715,0.513,237,Low
CUST-00141,Dylan,Sithole,34,Male,Single,0,Degree,Gauteng,Unemployed,1573.18,LSM 1-4,900.0,2.0,3,147.56,14,4,4,Digital-Preferred,1,0,0,0,0,0,1,455,0.0,478,Medium
CUST-00142,Sbusiso,Botha,26,Male,Single,0,Matric,Gauteng,Retired,4976.31,LSM 1-4,3300.0,6.5,3,1004.3,25,1,2,Digital-Only,0,0,0,1,0,0,1,549,0.468,1508,Medium
CUST-00143,Vusi,Nxumalo,19,Male,Married,2,Degree,Eastern Cape,Employed,50300.0,Affluent,24100.0,2.3,47,341.4,14,3,1,Digital-Preferred,1,0,0,1,0,1,3,594,0.466,9999,Low
CUST-00144,Shenay,Sithole,53,Female,Married,2,Matric,KwaZulu-Natal,Employed,11900.0,LSM 5-6,8900.0,9.5,20,525.4,12,5,5,Digital-Preferred,1,1,0,1,0,0,3,489,0.608,851,Medium
CUST-00145,Aaliya,Williams,27,Female,Married,3,Matric,Mpumalanga,Retired,4715.58,LSM 1-4,4600.0,8.6,15,211.03,8,3,0,Passive,0,0,0,0,0,0,0,645,0.0,9999,Medium
CUST-00146,Shenay,Pillay,43,Female,Single,0,Matric,KwaZulu-Natal,Unemployed,953.41,LSM 1-4,700.0,5.3,23,333.48,12,2,2,Digital-Preferred,0,0,0,0,0,0,0,568,0.0,667,High
CUST-00147,Liezel,Mthethwa,40,Female,Single,0,Matric,Gauteng,Unemployed,1674.23,LSM 1-4,1200.0,3.5,3,506.79,5,6,3,Branch-Preferred,0,0,0,0,0,0,0,535,0.0,9999,High
CUST-00148,Jason,Zulu,59,Male,Single,1,No Matric,Free State,Employed,9600.0,LSM 5-6,5600.0,10.5,3,1811.3,5,4,0,Branch-Preferred,1,1,0,1,1,0,4,693,0.322,9999,Low
CUST-00149,Marco,Brown,38,Male,Married,1,Matric,Free State,Self-Employed,12200.0,LSM 5-6,9300.0,3.9,9,851.38,15,4,1,Digital-Preferred,1,0,0,0,1,0,2,625,0.475,9999,Medium
CUST-00150,Nozipho,Khumalo,32,Female,Single,0,Matric,Eastern Cape,Unemployed,1784.36,LSM 1-4,1100.0,0.5,3,344.53,10,3,3,Passive,1,0,0,0,0,0,1,457,0.0,163,High
CUST-00151,Siyanda,Maharaj,49,Male,Married,2,Matric,North West,Unemployed,592.72,LSM 1-4,600.0,0.5,5,224.01,11,3,4,Digital-Preferred,1,0,0,0,0,0,1,500,0.0,364,High
CUST-00152,Sbusiso,Ngubane,25,Male,Married,3,Degree,Gauteng,Employed,42800.0,Affluent,26700.0,0.5,43,611.75,24,0,2,Digital-Only,1,1,1,1,1,1,6,605,0.487,203,Low
CUST-00153,Jade,Buthelezi,41,Female,Married,5,No Matric,KwaZulu-Natal,Unemployed,1262.04,LSM 1-4,1300.0,6.9,13,71.93,10,5,8,Branch-Preferred,0,0,0,0,0,0,0,333,0.0,9999,High
CUST-00154,Kim,Khumalo,29,Female,Single,0,Diploma,Gauteng,Self-Employed,13700.0,LSM 5-6,8500.0,12.6,27,110.72,2,0,2,Passive,1,0,0,0,0,0,1,624,0.0,10,Medium
CUST-00155,Fatima,Motsepe,31,Female,Single,0,No Matric,Western Cape,Unemployed,905.53,LSM 1-4,500.0,0.5,14,484.34,15,9,2,Digital-Preferred,1,0,0,0,0,0,1,569,0.0,1330,High
CUST-00156,Rayan,Reddy,56,Male,Married,0,Degree,Limpopo,Employed,33100.0,LSM 7-8,15400.0,4.9,29,490.81,21,7,0,Digital-Preferred,1,0,1,0,0,1,3,676,0.33,2010,Low
CUST-00157,Palesa,Mthethwa,32,Female,Married,0,Degree,Mpumalanga,Employed,32300.0,LSM 7-8,21400.0,7.4,27,517.69,19,4,3,Digital-Preferred,1,1,1,0,0,0,3,604,0.489,9999,Low
CUST-00158,Johan,Dlamini,37,Male,Single,1,Postgraduate,Gauteng,Employed,69000.0,Affluent,39300.0,14.2,59,451.09,15,7,0,Digital-Preferred,1,1,1,1,0,0,4,704,0.324,1253,Low
CUST-00159,Tebogo,Cele,29,Male,Married,2,Postgraduate,KwaZulu-Natal,Self-Employed,61000.0,Affluent,44400.0,4.1,38,1099.6,15,0,0,Digital-Preferred,1,1,1,1,1,1,6,691,0.317,9999,Low
CUST-00160,Pieter,Khumalo,24,Male,Single,1,Matric,Northern Cape,Employed,8600.0,LSM 5-6,6200.0,5.8,3,2455.62,15,3,3,Digital-Preferred,1,0,0,0,1,0,2,458,0.71,378,High
CUST-00161,Ayanda,Sithole,44,Female,Married,3,Diploma,Western Cape,Employed,19400.0,LSM 5-6,12900.0,5.5,26,462.07,11,1,5,Digital-Preferred,1,1,1,0,1,0,4,529,0.632,144,Low
CUST-00162,Lindiwe,Brown,27,Female,Married,3,Matric,KwaZulu-Natal,Retired,6224.87,LSM 1-4,5500.0,11.0,16,268.79,2,2,3,Passive,1,1,0,1,0,0,3,522,0.701,342,Low
CUST-00163,Samantha,Jacobs,44,Female,Single,0,Degree,KwaZulu-Natal,Employed,33500.0,LSM 7-8,23500.0,7.7,45,691.16,2,8,2,Branch-Preferred,1,1,1,0,1,1,5,590,0.548,9999,Low
CUST-00164,Marco,February,27,Male,Single,0,Diploma,KwaZulu-Natal,Employed,17200.0,LSM 5-6,9400.0,6.6,27,531.69,10,4,3,Branch-Preferred,1,0,0,1,0,0,2,545,0.435,2191,High
CUST-00165,Shenay,Ndlovu,56,Female,Married,0,Matric,KwaZulu-Natal,Employed,3800.0,LSM 1-4,1600.0,5.5,15,238.48,11,6,0,Digital-Preferred,0,1,0,0,0,0,1,683,0.232,9999,Low
CUST-00166,André,Botha,26,Male,Married,0,Postgraduate,KwaZulu-Natal,Self-Employed,40100.0,Affluent,21800.0,3.8,34,681.15,13,5,1,Digital-Preferred,1,1,0,0,0,0,2,598,0.511,9999,Medium
CUST-00167,Palesa,Nkosi,75,Female,Married,0,Degree,Western Cape,Employed,29900.0,LSM 7-8,19300.0,9.8,23,618.26,10,6,0,Branch-Preferred,1,1,1,1,0,0,4,724,0.235,9999,Low
CUST-00168,Johan,Botha,32,Male,Married,2,Postgraduate,KwaZulu-Natal,Employed,108100.0,High Net Worth,61300.0,4.5,80,616.05,26,1,3,Digital-Only,1,1,1,0,1,1,5,664,0.318,1055,Low
CUST-00169,Arjun,Joubert,31,Male,Single,0,No Matric,Western Cape,Unemployed,2480.82,LSM 1-4,1200.0,0.5,19,50.0,9,1,3,Passive,0,1,0,0,0,0,1,472,0.729,735,High
CUST-00170,Liezel,Hendricks,43,Female,Single,0,Matric,Gauteng,Employed,13300.0,LSM 5-6,8400.0,5.4,23,320.42,8,3,1,Passive,1,0,0,1,0,0,2,599,0.504,9999,Medium
CUST-00171,Nkosinathi,Mokoena,41,Male,Married,5,Matric,Gauteng,Unemployed,1340.74,LSM 1-4,1400.0,7.5,18,50.0,17,1,5,Digital-Preferred,0,0,0,0,0,0,0,494,0.0,159,High
CUST-00172,Siphokazi,Nkosi,34,Female,Married,1,Diploma,KwaZulu-Natal,Employed,27400.0,LSM 7-8,17900.0,5.1,29,511.55,8,9,1,Branch-Preferred,0,1,0,0,0,0,1,615,0.465,1080,Medium
CUST-00173,Luca,van der Berg,29,Male,Married,0,Diploma,Mpumalanga,Employed,21800.0,LSM 7-8,12200.0,7.0,17,773.5,15,5,1,Digital-Preferred,1,1,0,1,0,0,3,660,0.227,9999,Low
CUST-00174,Palesa,Mthethwa,37,Female,Married,4,Matric,Limpopo,Employed,9900.0,LSM 5-6,9100.0,2.0,26,218.56,11,3,5,Digital-Preferred,1,0,0,1,0,0,2,423,0.688,931,Medium
CUST-00175,Kyle,Naidoo,53,Male,Married,0,Degree,Gauteng,Employed,44800.0,Affluent,22000.0,11.2,48,390.24,12,2,1,Digital-Preferred,1,1,1,0,1,1,5,666,0.415,567,Low
CUST-00176,Arjun,Ndlovu,50,Male,Married,1,Matric,Western Cape,Employed,10600.0,LSM 5-6,6600.0,7.7,19,250.1,9,4,4,Branch-Preferred,1,1,0,0,0,0,2,503,0.447,1180,High
CUST-00177,Marco,Pillay,54,Male,Divorced,0,Diploma,Eastern Cape,Unemployed,1465.12,LSM 1-4,800.0,5.2,15,50.0,16,6,3,Digital-Preferred,0,0,0,1,0,0,1,567,0.505,9999,High
CUST-00178,Ruan,Sithole,32,Male,Married,5,Degree,Western Cape,Employed,39300.0,LSM 7-8,29000.0,8.1,40,797.93,12,2,4,Digital-Preferred,1,1,1,1,0,0,4,579,0.406,854,Low
CUST-00179,Nozipho,Adams,56,Female,Divorced,1,Matric,Eastern Cape,Employed,17100.0,LSM 5-6,11900.0,2.0,18,392.2,5,4,5,Branch-Preferred,1,0,1,0,1,0,3,517,0.522,9999,Low
CUST-00180,Thabo,February,46,Male,Divorced,2,Matric,Northern Cape,Employed,6400.0,LSM 1-4,5300.0,1.4,12,532.31,7,8,2,Branch-Preferred,1,0,0,0,1,0,2,582,0.415,9999,High
CUST-00181,Pieter,Nxumalo,39,Male,Married,5,Matric,Gauteng,Unemployed,1205.41,LSM 1-4,1300.0,4.7,4,377.85,19,6,4,Digital-Preferred,1,0,0,0,0,0,1,524,0.0,169,High
CUST-00182,Siphokazi,Adams,33,Female,Married,1,Matric,Western Cape,Employed,13800.0,LSM 5-6,10300.0,7.5,17,689.61,21,3,2,Digital-Preferred,1,1,0,0,1,0,3,577,0.529,2031,Low
CUST-00183,Lungelo,Zulu,29,Male,Married,2,Degree,Western Cape,Unemployed,1830.2,LSM 1-4,1900.0,6.8,19,126.65,13,3,4,Digital-Preferred,0,0,0,0,0,0,0,431,0.0,204,Medium
CUST-00184,Ashleigh,February,39,Female,Single,0,Diploma,Western Cape,Self-Employed,16100.0,LSM 5-6,9000.0,5.0,27,405.65,18,5,3,Digital-Preferred,1,0,0,0,1,0,2,507,0.406,2162,High
CUST-00185,Samantha,Botha,34,Female,Married,4,No Matric,Gauteng,Unemployed,745.8,LSM 1-4,800.0,7.3,15,50.0,14,4,8,Digital-Preferred,1,0,0,0,0,0,1,322,0.0,206,High
CUST-00186,Sbusiso,Adams,50,Male,Married,0,Postgraduate,Eastern Cape,Employed,73200.0,Affluent,39300.0,14.1,66,684.13,14,5,0,Digital-Preferred,1,1,1,1,1,1,6,736,0.279,9999,Low
CUST-00187,Shenay,Hendricks,33,Female,Single,0,Degree,Gauteng,Employed,22400.0,LSM 7-8,12900.0,6.2,22,815.28,24,4,0,Digital-Preferred,1,1,1,0,1,0,4,635,0.458,593,Low
CUST-00188,Vusi,Pillay,24,Male,Single,1,Degree,Limpopo,Unemployed,1336.05,LSM 1-4,1400.0,4.9,3,367.59,9,4,3,Branch-Preferred,1,0,0,0,0,0,1,483,0.0,9999,High
CUST-00189,Musa,Sithole,23,Male,Single,1,Diploma,Eastern Cape,Retired,5994.84,LSM 1-4,5000.0,2.9,13,292.8,14,1,5,Digital-Preferred,1,0,0,0,0,0,1,443,0.0,69,Medium
CUST-00190,André,Adams,41,Male,Married,1,Postgraduate,KwaZulu-Natal,Employed,64900.0,Affluent,31200.0,8.9,53,714.78,19,3,1,Digital-Preferred,1,1,1,1,1,1,6,712,0.311,9999,Low
CUST-00191,Nandi,Botha,57,Female,Married,0,No Matric,Free State,Unemployed,1600.38,LSM 1-4,1000.0,5.6,16,50.0,9,4,0,Branch-Preferred,0,0,0,0,0,0,0,686,0.0,9999,High
CUST-00192,Tayla,Govender,30,Female,Single,0,Matric,Mpumalanga,Employed,8600.0,LSM 5-6,4200.0,10.7,20,66.15,13,0,4,Digital-Preferred,0,0,0,1,0,0,1,483,0.584,20,High
CUST-00193,Ayanda,Pillay,40,Female,Married,1,Degree,Western Cape,Employed,8000.0,LSM 1-4,5300.0,8.3,23,314.87,1,2,5,Passive,0,0,0,0,0,0,0,483,0.0,469,Medium
CUST-00194,Shenay,van der Berg,40,Female,Single,1,Degree,Northern Cape,Self-Employed,44900.0,Affluent,34000.0,10.5,24,1330.57,16,1,2,Digital-Preferred,1,1,1,0,1,1,5,687,0.423,9999,Low
CUST-00195,Jason,Ndlovu,51,Male,Married,1,Matric,Mpumalanga,Retired,5391.51,LSM 1-4,3900.0,4.0,7,801.49,18,6,2,Digital-Preferred,1,0,0,1,1,0,3,583,0.501,603,Low
CUST-00196,Jade,Buthelezi,26,Female,Single,0,Matric,Gauteng,Employed,10100.0,LSM 5-6,7300.0,2.3,16,363.01,17,1,1,Digital-Preferred,1,0,1,0,0,0,2,569,0.518,167,Low
CUST-00197,Zanele,Williams,35,Female,Married,3,Matric,Eastern Cape,Unemployed,1490.17,LSM 1-4,1600.0,6.3,15,50.0,10,1,5,Passive,1,0,0,0,0,0,1,495,0.0,1840,High
CUST-00198,Nokwanda,Pretorius,29,Female,Single,1,Degree,Western Cape,Employed,43400.0,Affluent,27800.0,10.2,56,495.47,9,2,4,Passive,1,1,1,1,1,1,6,565,0.527,2092,Low
CUST-00199,Priya,Naidoo,31,Female,Married,2,Degree,Eastern Cape,Employed,23800.0,LSM 7-8,11900.0,11.8,18,748.2,11,3,2,Digital-Preferred,1,0,0,0,0,1,2,645,0.0,1997,Low
CUST-00200,Ashleigh,Cele,31,Female,Married,0,Matric,North West,Unemployed,2420.19,LSM 1-4,1100.0,0.5,6,247.4,15,1,2,Digital-Preferred,1,0,0,0,0,0,1,494,0.0,1214,Medium
CUST-00201,Luca,Reddy,44,Male,Married,0,No Matric,Western Cape,Unemployed,1867.33,LSM 1-4,1100.0,12.5,8,245.28,14,2,1,Digital-Preferred,1,0,0,0,0,0,1,685,0.0,9999,Low
CUST-00202,Ashleigh,Botha,40,Female,Married,0,Diploma,Gauteng,Self-Employed,13500.0,LSM 5-6,6100.0,7.2,13,358.6,9,9,0,Branch-Preferred,1,0,1,0,0,0,2,694,0.218,9999,Low
CUST-00203,Thandi,Nxumalo,32,Female,Single,0,Degree,Western Cape,Student,0.0,LSM 1-4,0.0,7.7,3,227.1,0,11,0,Branch-Preferred,1,0,0,0,0,0,1,613,0.0,9999,Medium
CUST-00204,Anika,Zulu,35,Female,Married,1,Diploma,Limpopo,Employed,14700.0,LSM 5-6,9500.0,0.8,20,143.93,14,1,4,Digital-Preferred,1,0,0,1,0,0,2,477,0.569,81,High
CUST-00205,Priya,Sithole,19,Male,Single,1,Diploma,KwaZulu-Natal,Employed,17400.0,LSM 5-6,11200.0,0.8,29,230.04,10,4,1,Branch-Preferred,1,0,0,1,0,0,2,536,0.698,705,High
CUST-00206,Priya,Joubert,47,Female,Married,0,Postgraduate,Gauteng,Employed,74000.0,Affluent,40100.0,12.4,60,676.01,9,5,2,Branch-Preferred,1,1,1,1,1,1,6,689,0.377,9999,Low
CUST-00207,Kiran,Buthelezi,26,Male,Married,3,Matric,KwaZulu-Natal,Employed,6800.0,LSM 1-4,5500.0,1.5,8,548.08,22,3,5,Digital-Preferred,1,0,0,0,0,0,1,387,0.0,32,High
CUST-00208,Nozipho,Cele,54,Female,Married,2,Diploma,Eastern Cape,Employed,14200.0,LSM 5-6,8900.0,0.5,18,432.5,0,6,0,Branch-Preferred,1,1,0,1,0,0,3,611,0.549,9999,Low
CUST-00209,Mihlali,Buthelezi,56,Female,Married,3,Matric,Gauteng,Unemployed,1242.07,LSM 1-4,1300.0,6.1,3,237.0,9,4,3,Branch-Preferred,0,0,0,0,0,0,0,514,0.0,83,Medium
CUST-00210,Nhlanhla,Buthelezi,29,Male,Single,0,Diploma,KwaZulu-Natal,Employed,20000.0,LSM 5-6,10500.0,6.2,31,297.08,16,4,1,Digital-Preferred,1,1,0,1,1,0,4,653,0.4,9999,Low
CUST-00211,Kim,Adams,37,Female,Married,1,Degree,Gauteng,Employed,41200.0,Affluent,22800.0,12.1,49,557.92,18,0,3,Digital-Preferred,1,1,0,0,1,0,3,558,0.426,2320,Low
CUST-00212,Kagiso,Botha,24,Male,Single,0,Diploma,Western Cape,Employed,13100.0,LSM 5-6,8100.0,3.5,6,1242.89,14,0,2,Digital-Preferred,1,1,1,1,0,0,4,601,0.433,9999,Low
CUST-00213,Lerato,van der Berg,32,Female,Single,0,Diploma,Gauteng,Employed,23800.0,LSM 7-8,13900.0,6.3,28,320.64,16,1,1,Digital-Preferred,1,1,1,0,0,0,3,649,0.255,9999,Low
CUST-00214,Nomvula,Khumalo,29,Female,Divorced,3,Matric,Gauteng,Unemployed,2452.36,LSM 1-4,2600.0,7.3,5,427.82,15,1,4,Digital-Preferred,1,1,0,0,0,0,2,533,0.774,9999,High
CUST-00215,Siyanda,du Plessis,41,Male,Married,1,Diploma,Eastern Cape,Self-Employed,35300.0,LSM 7-8,17600.0,10.5,34,738.42,13,6,0,Digital-Preferred,1,1,1,1,1,1,6,736,0.346,191,Low
CUST-00216,Samantha,Jacobs,38,Female,Married,1,Matric,Gauteng,Employed,9200.0,LSM 5-6,5100.0,3.5,15,559.11,14,4,3,Digital-Preferred,1,1,0,0,0,0,2,575,0.399,9999,Low
CUST-00217,Luca,Adams,35,Male,Single,1,No Matric,Gauteng,Retired,2901.84,LSM 1-4,2100.0,8.0,3,604.38,9,7,0,Branch-Preferred,0,1,0,0,0,0,1,609,0.541,9999,Medium
CUST-00218,Palesa,van der Berg,49,Female,Single,0,Matric,Eastern Cape,Employed,11800.0,LSM 5-6,6600.0,4.2,28,337.37,7,4,0,Branch-Preferred,1,0,0,0,0,0,1,687,0.0,9999,High
CUST-00219,Fatima,Ngubane,31,Female,Married,3,Diploma,Gauteng,Employed,17000.0,LSM 5-6,15200.0,6.2,20,756.33,14,5,1,Digital-Preferred,1,0,0,1,0,0,2,688,0.499,9999,Medium
CUST-00220,Johan,Mokoena,35,Male,Married,2,Postgraduate,Gauteng,Employed,39000.0,LSM 7-8,26300.0,9.6,32,1078.68,19,3,2,Digital-Preferred,1,1,1,1,1,0,5,632,0.446,304,Low
CUST-00221,Ashleigh,Dlamini,30,Female,Married,3,Degree,KwaZulu-Natal,Employed,49500.0,Affluent,26700.0,9.5,44,645.13,12,5,2,Digital-Preferred,1,1,1,0,1,1,5,636,0.433,147,Low
CUST-00222,Lerato,Dlamini,33,Female,Single,1,Degree,KwaZulu-Natal,Employed,28200.0,LSM 7-8,21200.0,7.8,22,923.33,22,3,2,Digital-Preferred,1,1,1,0,1,0,4,588,0.557,9999,Low
CUST-00223,Samantha,Hendricks,50,Female,Married,0,Matric,Western Cape,Unemployed,2427.64,LSM 1-4,1600.0,1.9,10,479.98,13,5,1,Digital-Preferred,0,1,0,0,0,0,1,603,0.498,9999,High
CUST-00224,Siphokazi,Smith,42,Female,Married,0,Diploma,Northern Cape,Employed,22900.0,LSM 7-8,10400.0,0.9,11,760.69,13,5,1,Digital-Preferred,1,0,1,1,1,0,4,626,0.393,9999,Low
CUST-00225,Fatima,Jacobs,39,Female,Married,1,Postgraduate,KwaZulu-Natal,Employed,50400.0,Affluent,26700.0,7.8,25,1131.84,13,4,3,Digital-Preferred,1,1,1,1,1,1,6,557,0.485,2449,Low
CUST-00226,Siphokazi,Naidoo,33,Female,Single,2,Diploma,Western Cape,Unemployed,0.0,LSM 1-4,0.0,7.9,3,273.21,15,0,0,Digital-Preferred,1,0,0,0,0,0,1,654,0.0,2007,Low
CUST-00227,Rayan,Williams,51,Male,Married,2,Degree,North West,Employed,40200.0,Affluent,30000.0,9.0,33,1042.32,9,5,2,Branch-Preferred,1,1,1,1,0,0,4,680,0.364,9999,Low
CUST-00228,Mandla,Mthethwa,43,Male,Married,6,Diploma,Western Cape,Employed,24300.0,LSM 7-8,20500.0,7.3,12,1555.77,8,5,3,Branch-Preferred,1,1,1,0,1,0,4,564,0.638,2006,Low
CUST-00229,Jade,Cele,26,Female,Married,1,Matric,Limpopo,Employed,7800.0,LSM 1-4,5800.0,5.0,11,363.94,12,9,7,Digital-Preferred,1,1,0,0,0,0,2,372,0.903,682,Medium
CUST-00230,Heinrich,Cele,30,Male,Single,0,Diploma,Western Cape,Employed,13400.0,LSM 5-6,8200.0,6.8,15,264.97,5,2,4,Passive,1,0,0,1,1,0,3,535,0.438,12,Low
CUST-00231,Kefilwe,Cele,23,Female,Single,0,Matric,Eastern Cape,Employed,7300.0,LSM 1-4,4800.0,0.5,14,639.44,18,3,2,Digital-Preferred,1,0,0,1,0,0,2,507,0.574,828,Medium
CUST-00232,Kyle,Adams,28,Male,Married,2,No Matric,North West,Employed,8200.0,LSM 5-6,5700.0,7.9,20,58.42,18,2,0,Digital-Preferred,1,0,0,1,0,0,2,664,0.359,9999,Low
CUST-00233,Fatima,Dlamini,33,Female,Single,0,Matric,Gauteng,Self-Employed,12500.0,LSM 5-6,6300.0,8.4,32,339.56,29,1,2,Digital-Only,1,1,0,0,0,0,2,595,0.473,264,Low
CUST-00234,Nandi,Jacobs,65,Female,Married,0,No Matric,North West,Employed,5100.0,LSM 1-4,2400.0,4.3,17,50.0,10,3,2,Passive,1,0,0,1,0,0,2,649,0.395,9999,Medium
CUST-00235,Siyanda,Hendricks,40,Male,Divorced,0,Matric,Western Cape,Employed,10800.0,LSM 5-6,5600.0,7.0,9,1133.64,12,4,2,Digital-Preferred,1,1,0,0,1,0,3,595,0.445,9999,Low
CUST-00236,Jason,Motsepe,39,Male,Single,0,Degree,Eastern Cape,Employed,32200.0,LSM 7-8,18200.0,2.0,37,221.31,15,9,1,Digital-Preferred,1,1,1,1,1,0,5,624,0.369,639,Low
CUST-00237,Arjun,Reddy,19,Male,Single,0,Matric,KwaZulu-Natal,Employed,15100.0,LSM 5-6,11100.0,2.0,31,366.57,9,4,4,Branch-Preferred,1,0,1,0,1,0,3,481,0.585,308,Low
CUST-00238,Shenay,Zulu,49,Female,Married,0,Degree,KwaZulu-Natal,Employed,43400.0,Affluent,18000.0,7.5,30,842.41,20,2,0,Digital-Preferred,1,1,1,1,0,1,5,725,0.2,9999,Low
CUST-00239,Tayla,Mthethwa,25,Female,Single,1,Diploma,Gauteng,Self-Employed,45400.0,Affluent,28000.0,8.3,32,734.39,26,2,3,Digital-Preferred,1,1,0,0,1,0,3,611,0.308,9999,Low
CUST-00240,André,Ndlovu,28,Male,Single,0,No Matric,North West,Employed,9000.0,LSM 5-6,5800.0,5.0,5,1272.75,19,0,0,Digital-Preferred,1,0,1,1,0,0,3,678,0.479,9999,Low
CUST-00241,Nozipho,Ndlovu,62,Female,Single,1,No Matric,Eastern Cape,Employed,6800.0,LSM 1-4,5700.0,8.1,10,513.63,0,4,3,Branch-Preferred,1,1,0,0,1,0,3,565,0.616,97,Low
CUST-00242,Lethiwe,Dlamini,31,Male,Single,0,Postgraduate,Mpumalanga,Employed,75700.0,Affluent,41800.0,6.3,63,741.13,9,4,1,Branch-Preferred,1,1,1,0,1,0,4,663,0.473,9999,Low
CUST-00243,Bongani,Daniels,21,Male,Single,0,Diploma,KwaZulu-Natal,Employed,7900.0,LSM 1-4,4400.0,0.5,27,379.12,2,5,0,Branch-Preferred,1,0,0,1,0,0,2,580,0.434,9999,Medium
CUST-00244,Thabo,Adams,23,Male,Single,0,Degree,KwaZulu-Natal,Employed,35400.0,LSM 7-8,17600.0,2.8,41,343.59,20,2,3,Digital-Preferred,1,0,0,1,1,0,3,511,0.558,9999,Medium
CUST-00245,Priya,Brown,44,Male,Married,4,Matric,KwaZulu-Natal,Unemployed,1705.68,LSM 1-4,1800.0,5.7,14,427.95,8,8,2,Branch-Preferred,0,0,0,0,0,0,0,486,0.0,475,High
CUST-00246,Jade,February,43,Female,Married,4,Diploma,Gauteng,Employed,10300.0,LSM 5-6,7600.0,6.1,17,517.54,10,3,0,Passive,1,1,0,0,1,0,3,710,0.306,9999,Low
CUST-00247,Thandi,Jacobs,25,Female,Married,0,Degree,Western Cape,Employed,30900.0,LSM 7-8,16100.0,5.0,34,863.22,10,2,0,Passive,1,1,0,0,1,0,3,632,0.349,9999,Low
CUST-00248,Chanel,February,43,Female,Married,2,Postgraduate,North West,Unemployed,1938.04,LSM 1-4,2000.0,3.6,15,50.0,11,6,3,Digital-Preferred,0,1,0,0,0,0,1,518,0.836,635,Medium
CUST-00249,Nokwanda,Dlamini,49,Female,Married,0,No Matric,Mpumalanga,Employed,3400.0,LSM 1-4,1500.0,4.3,23,50.0,8,5,2,Branch-Preferred,1,0,0,0,0,0,1,647,0.0,9999,Medium
CUST-00250,Vusi,Hendricks,24,Male,Single,0,Postgraduate,Western Cape,Self-Employed,19300.0,LSM 5-6,12800.0,0.6,23,510.07,34,4,0,Digital-Preferred,1,1,0,0,0,0,2,594,0.448,9999,Medium
CUST-00251,Kiran,Maharaj,39,Male,Married,0,Diploma,KwaZulu-Natal,Unemployed,728.84,LSM 1-4,400.0,0.5,13,50.0,26,1,6,Digital-Only,1,0,0,0,0,0,1,397,0.0,9999,High
CUST-00252,Tayla,Khumalo,49,Female,Married,0,Degree,Eastern Cape,Employed,66400.0,Affluent,28300.0,9.1,51,740.08,13,4,1,Digital-Preferred,1,1,1,1,1,1,6,725,0.34,9999,Low
CUST-00253,Kim,Zulu,56,Female,Single,0,Matric,Eastern Cape,Employed,11000.0,LSM 5-6,6300.0,3.5,18,334.83,10,4,0,Branch-Preferred,1,0,1,1,0,0,3,677,0.381,1180,Low
CUST-00254,Lerato,February,26,Female,Married,0,Diploma,Eastern Cape,Employed,4400.0,LSM 1-4,2400.0,8.2,11,50.0,16,1,0,Digital-Preferred,1,0,0,0,0,0,1,617,0.0,2070,Medium
CUST-00255,Kim,Brown,30,Female,Married,4,Matric,Western Cape,Retired,5752.93,LSM 1-4,6000.0,0.5,4,1335.44,12,4,1,Digital-Preferred,1,1,0,0,0,0,2,602,0.472,2110,Medium
CUST-00256,Aaliya,Mokoena,38,Female,Married,2,Degree,Gauteng,Employed,38500.0,LSM 7-8,25800.0,8.4,43,426.01,18,0,3,Digital-Preferred,1,0,1,1,0,0,3,590,0.474,771,Low
CUST-00257,Bongiwe,Mthembu,34,Female,Single,0,Matric,Gauteng,Unemployed,541.5,LSM 1-4,300.0,11.4,22,198.37,21,3,0,Digital-Preferred,1,0,0,0,0,0,1,661,0.0,2027,Medium
CUST-00258,Lerato,Mokoena,29,Female,Married,3,Diploma,Free State,Employed,17500.0,LSM 5-6,14200.0,5.6,21,767.63,30,7,2,Digital-Preferred,1,1,1,1,0,0,4,570,0.579,2608,Low
CUST-00259,Nokwanda,Dlamini,60,Female,Married,0,Matric,Limpopo,Unemployed,1385.59,LSM 1-4,700.0,5.1,14,50.0,18,5,0,Digital-Preferred,0,1,0,0,0,0,1,651,0.425,9999,High
CUST-00260,Dylan,Reddy,23,Male,Single,2,Degree,North West,Employed,26600.0,LSM 7-8,15600.0,4.8,35,372.65,16,2,3,Digital-Preferred,1,1,0,1,0,0,3,562,0.347,9999,Low
CUST-00261,Kagiso,Motsepe,26,Male,Married,3,Diploma,KwaZulu-Natal,Employed,14000.0,LSM 5-6,9900.0,6.5,18,502.25,19,2,3,Digital-Preferred,1,0,1,0,0,0,2,558,0.453,233,Low
CUST-00262,Kefilwe,Nkosi,42,Female,Married,2,Diploma,Western Cape,Employed,20300.0,LSM 7-8,10800.0,5.1,25,788.22,16,6,2,Digital-Preferred,1,0,0,0,1,0,2,579,0.48,1280,Medium
CUST-00263,Vusi,February,51,Male,Single,0,Matric,KwaZulu-Natal,Retired,5028.6,LSM 1-4,2700.0,2.3,12,178.22,12,2,1,Digital-Preferred,1,0,0,1,0,0,2,595,0.364,266,Low
CUST-00264,Thandi,Smith,28,Female,Married,1,Diploma,North West,Employed,23800.0,LSM 7-8,12900.0,8.0,21,785.8,10,6,1,Branch-Preferred,1,1,1,0,1,0,4,659,0.468,145,Low
CUST-00265,Tayla,Brown,34,Female,Single,1,Degree,KwaZulu-Natal,Unemployed,50.65,LSM 1-4,100.0,0.5,14,50.0,14,2,0,Digital-Preferred,1,0,0,1,0,0,2,619,0.307,9999,Low
CUST-00266,Rayan,February,57,Male,Married,1,Diploma,Eastern Cape,Student,1584.71,LSM 1-4,1300.0,7.6,15,423.17,0,6,2,Branch-Preferred,0,0,0,0,0,0,0,610,0.0,1845,High
CUST-00267,Siyanda,Dlamini,32,Male,Single,0,Degree,Gauteng,Employed,30100.0,LSM 7-8,21700.0,5.8,37,342.65,20,2,5,Digital-Preferred,1,0,1,1,1,0,4,472,0.668,285,Low
CUST-00268,Thandi,Hendricks,34,Female,Single,1,Diploma,Gauteng,Employed,14100.0,LSM 5-6,9200.0,5.9,19,645.62,23,1,2,Digital-Only,1,0,0,0,1,0,2,577,0.597,9999,Medium
CUST-00269,Nomvula,Hendricks,31,Female,Married,4,Matric,Gauteng,Employed,6900.0,LSM 1-4,6200.0,3.9,5,1088.12,12,5,3,Digital-Preferred,1,1,1,0,0,0,3,554,0.495,332,Low
CUST-00270,Kyle,Hendricks,45,Male,Married,1,Diploma,Western Cape,Employed,11100.0,LSM 5-6,7700.0,10.0,26,738.81,11,1,3,Digital-Preferred,1,0,0,1,0,0,2,560,0.561,471,Medium
CUST-00271,Mihlali,Buthelezi,54,Female,Married,2,No Matric,Mpumalanga,Student,3974.0,LSM 1-4,3500.0,6.0,7,639.47,12,2,4,Digital-Preferred,1,0,0,1,0,0,2,575,0.575,239,Medium
CUST-00272,Heinrich,Sithole,33,Male,Married,2,Matric,Northern Cape,Unemployed,1903.61,LSM 1-4,2000.0,4.2,5,59.24,10,3,2,Passive,0,0,0,0,0,0,0,585,0.0,716,Medium
CUST-00273,Siyanda,Williams,31,Male,Married,2,Degree,Eastern Cape,Unemployed,2222.28,LSM 1-4,2300.0,4.1,7,142.28,6,1,6,Passive,0,1,0,1,0,0,2,411,0.803,9999,High
CUST-00274,Kagiso,Mthembu,44,Male,Married,3,Matric,Western Cape,Employed,8700.0,LSM 5-6,5300.0,5.1,3,1903.7,10,2,0,Passive,1,1,0,0,0,0,2,650,0.383,279,Low
CUST-00275,Liezel,Naidoo,41,Female,Married,2,Matric,Limpopo,Self-Employed,3600.0,LSM 1-4,2900.0,12.4,11,395.19,10,4,7,Branch-Preferred,1,0,0,0,0,0,1,439,0.0,1984,High
CUST-00276,Nozipho,Hendricks,34,Female,Married,2,Postgraduate,Gauteng,Employed,76300.0,Affluent,38100.0,5.0,66,693.9,31,4,2,Digital-Preferred,1,1,1,1,1,1,6,651,0.38,9999,Low
CUST-00277,Priya,Daniels,27,Female,Married,2,Matric,Limpopo,Unemployed,2459.37,LSM 1-4,2600.0,8.4,8,356.32,9,6,4,Branch-Preferred,0,0,0,0,0,0,0,517,0.0,1184,High
CUST-00278,Dylan,Pillay,25,Male,Single,0,No Matric,Limpopo,Employed,2900.0,LSM 1-4,1800.0,6.2,23,50.0,12,5,3,Digital-Preferred,0,1,0,1,0,0,2,501,0.333,103,Low
CUST-00279,Lerato,Hendricks,39,Female,Married,3,Matric,Western Cape,Employed,12300.0,LSM 5-6,9400.0,10.4,28,553.06,12,5,2,Digital-Preferred,1,0,1,0,0,0,2,585,0.618,9999,Medium
CUST-00280,Priya,Brown,33,Female,Single,0,Matric,Gauteng,Employed,15400.0,LSM 5-6,9100.0,7.9,27,164.21,13,6,0,Digital-Preferred,1,0,1,1,0,0,3,672,0.265,9999,Low
CUST-00281,Dylan,Hendricks,34,Male,Single,0,Degree,Gauteng,Employed,35900.0,LSM 7-8,25900.0,7.4,18,1449.58,12,3,3,Digital-Preferred,1,1,1,1,1,0,5,601,0.63,1122,Low
CUST-00282,Marco,Ndlovu,21,Male,Single,0,Degree,KwaZulu-Natal,Employed,27700.0,LSM 7-8,20600.0,5.0,40,390.97,14,2,0,Digital-Preferred,1,0,0,0,1,1,3,640,0.376,9999,Low
CUST-00283,Sipho,Cele,61,Male,Married,1,Matric,North West,Employed,10700.0,LSM 5-6,7500.0,6.4,15,360.02,7,2,2,Passive,1,0,1,0,0,0,2,627,0.374,9999,High
CUST-00284,Nokwanda,Ngubane,34,Female,Married,3,Matric,Eastern Cape,Unemployed,1822.23,LSM 1-4,1900.0,7.4,25,50.0,15,4,1,Digital-Preferred,0,0,0,0,0,0,0,630,0.0,117,High
CUST-00285,Jason,Mokoena,54,Male,Divorced,1,Diploma,Western Cape,Self-Employed,28700.0,LSM 7-8,22000.0,11.2,24,769.61,12,4,1,Digital-Preferred,1,0,1,0,1,0,3,702,0.424,2746,Low
CUST-00286,Dylan,Motsepe,29,Male,Single,0,No Matric,Western Cape,Employed,3600.0,LSM 1-4,2300.0,5.5,11,319.03,14,5,3,Digital-Preferred,0,0,0,0,1,0,1,528,0.565,704,High
CUST-00287,Lerato,Nxumalo,33,Female,Single,0,Degree,Limpopo,Self-Employed,19800.0,LSM 5-6,10700.0,5.0,24,150.61,13,2,0,Digital-Preferred,1,1,0,0,1,1,4,656,0.41,9999,Low
CUST-00288,Anika,Reddy,32,Female,Single,0,Diploma,KwaZulu-Natal,Employed,5100.0,LSM 1-4,2700.0,3.4,6,536.2,19,4,1,Digital-Preferred,1,1,1,1,0,0,4,609,0.451,10,Low
CUST-00289,Chanel,Ndlovu,30,Female,Married,2,No Matric,Gauteng,Unemployed,1137.76,LSM 1-4,1200.0,6.4,3,273.15,18,2,3,Digital-Preferred,1,0,0,0,0,0,1,489,0.0,997,High
CUST-00290,Shenay,Hendricks,31,Female,Single,0,Degree,Eastern Cape,Employed,37200.0,LSM 7-8,27600.0,4.8,16,1731.08,2,2,3,Passive,1,1,1,0,1,0,4,535,0.555,15,Low
CUST-00291,Arjun,Govender,54,Male,Single,0,Degree,KwaZulu-Natal,Employed,64900.0,Affluent,42600.0,8.3,77,519.88,14,7,4,Digital-Preferred,1,1,1,1,0,1,5,636,0.401,9999,Low
CUST-00292,Siphokazi,Jacobs,61,Female,Married,1,Matric,KwaZulu-Natal,Self-Employed,15200.0,LSM 5-6,9400.0,3.1,7,1243.01,0,2,0,Passive,1,1,0,0,1,0,3,713,0.382,9999,Low
CUST-00293,Marco,Dlamini,40,Male,Married,1,Diploma,KwaZulu-Natal,Employed,13400.0,LSM 5-6,8400.0,7.4,6,1642.62,11,4,1,Digital-Preferred,1,0,1,0,1,0,3,603,0.402,128,Low
CUST-00294,Thabo,Ngubane,18,Male,Single,0,Diploma,Gauteng,Employed,16200.0,LSM 5-6,11800.0,0.5,25,397.82,25,0,5,Digital-Only,1,0,0,1,1,0,3,445,0.67,293,Medium
CUST-00295,Nomvula,Brown,61,Female,Married,1,No Matric,North West,Retired,4374.46,LSM 1-4,2900.0,1.4,3,1107.37,2,4,2,Branch-Preferred,1,1,0,0,0,0,2,537,0.405,1628,Medium
CUST-00296,Kyle,Botha,33,Male,Single,2,Matric,Mpumalanga,Unemployed,2244.09,LSM 1-4,2400.0,1.8,3,943.28,8,2,2,Passive,1,0,0,0,0,0,1,581,0.0,9999,Medium
CUST-00297,Tebogo,Joubert,33,Male,Married,3,Degree,Northern Cape,Employed,32500.0,LSM 7-8,18500.0,5.5,9,2001.04,18,4,5,Digital-Preferred,0,1,0,1,1,0,3,489,0.585,546,Medium
CUST-00298,Samantha,Dlamini,42,Female,Married,6,Postgraduate,Free State,Employed,88200.0,High Net Worth,46000.0,9.4,71,396.31,12,4,0,Digital-Preferred,1,1,1,0,1,1,5,814,0.204,9999,Low
CUST-00299,Nkosinathi,Adams,21,Male,Single,0,Diploma,KwaZulu-Natal,Self-Employed,8800.0,LSM 5-6,4200.0,3.3,7,423.57,15,3,0,Digital-Preferred,1,0,0,0,0,0,1,588,0.0,1041,Medium
CUST-00300,Mandla,Cele,46,Male,Married,1,Diploma,KwaZulu-Natal,Employed,18300.0,LSM 5-6,12000.0,5.7,27,700.2,12,9,2,Digital-Preferred,1,0,0,1,0,0,2,585,0.483,9999,High
CUST-00301,Nomvula,Jacobs,42,Female,Married,3,Diploma,Eastern Cape,Employed,10600.0,LSM 5-6,8700.0,6.8,16,642.26,11,5,2,Digital-Preferred,1,1,1,0,0,0,3,610,0.645,9999,Low
CUST-00302,Kim,Motsepe,22,Female,Single,0,Diploma,Gauteng,Employed,19000.0,LSM 5-6,9400.0,4.4,23,436.47,15,6,1,Digital-Preferred,1,1,0,1,0,0,3,621,0.518,606,Low
CUST-00303,Bongiwe,Mkhize,37,Female,Married,3,No Matric,Northern Cape,Employed,9200.0,LSM 5-6,7800.0,7.8,13,486.59,8,3,3,Passive,1,0,0,1,0,0,2,574,0.629,412,Medium
CUST-00304,Tebogo,Pillay,45,Male,Single,0,Matric,Gauteng,Employed,9100.0,LSM 5-6,4500.0,0.5,14,667.79,16,4,4,Digital-Preferred,1,0,1,1,0,0,3,526,0.573,1214,Low
CUST-00305,Cleo,Botha,31,Female,Single,0,Degree,Western Cape,Employed,53100.0,Affluent,34100.0,4.1,38,723.75,23,2,0,Digital-Preferred,1,0,1,1,1,0,4,671,0.396,9999,Low
CUST-00306,Thandi,Botha,45,Female,Married,2,Degree,Eastern Cape,Employed,19800.0,LSM 5-6,11700.0,8.0,17,716.18,7,6,1,Branch-Preferred,1,1,0,0,1,0,3,676,0.392,218,Low
CUST-00307,Kiran,Jacobs,69,Male,Single,1,Degree,North West,Self-Employed,40800.0,Affluent,19700.0,8.4,28,803.93,13,5,1,Digital-Preferred,1,1,0,1,0,1,4,741,0.298,9999,Low
CUST-00308,Bongani,Motsepe,50,Male,Single,0,Matric,Eastern Cape,Unemployed,966.29,LSM 1-4,700.0,8.0,23,50.0,10,5,2,Branch-Preferred,1,0,0,0,0,0,1,616,0.0,372,Medium
CUST-00309,Musa,Sithole,35,Male,Married,2,Diploma,Eastern Cape,Self-Employed,24400.0,LSM 7-8,11500.0,2.0,23,348.3,16,5,0,Digital-Preferred,1,0,1,1,0,0,3,624,0.436,9999,Low
CUST-00310,Siphokazi,Naidoo,42,Female,Married,2,Diploma,KwaZulu-Natal,Employed,17100.0,LSM 5-6,11000.0,4.7,3,3575.16,14,2,0,Digital-Preferred,1,0,1,1,1,0,4,683,0.381,9999,Low
CUST-00311,Thabo,Khumalo,39,Male,Married,3,Matric,Eastern Cape,Retired,3740.45,LSM 1-4,3900.0,4.4,15,432.38,5,8,6,Branch-Preferred,1,0,0,0,0,0,1,374,0.0,89,Medium
CUST-00312,Zanele,Smith,34,Female,Married,3,Matric,Limpopo,Unemployed,983.57,LSM 1-4,1000.0,5.6,4,162.43,8,4,6,Branch-Preferred,1,1,0,1,0,0,3,453,0.781,891,Medium
CUST-00313,Anika,Nxumalo,63,Female,Married,1,Diploma,Western Cape,Self-Employed,18400.0,LSM 5-6,10000.0,6.3,22,167.31,11,2,1,Digital-Preferred,1,0,0,1,1,1,4,619,0.42,9999,Low
CUST-00314,Sbusiso,Cele,34,Male,Married,2,Degree,Limpopo,Employed,55900.0,Affluent,30000.0,10.1,45,360.21,12,5,6,Digital-Preferred,1,1,1,1,1,0,5,529,0.545,949,Low
CUST-00315,Nokwanda,Dlamini,54,Female,Married,0,Diploma,Gauteng,Employed,27200.0,LSM 7-8,18500.0,6.5,40,309.1,14,2,0,Digital-Preferred,1,0,0,1,1,0,3,693,0.449,1736,Low
CUST-00316,Siyanda,Mokoena,30,Male,Married,2,Matric,KwaZulu-Natal,Self-Employed,11200.0,LSM 5-6,7200.0,9.9,14,216.26,17,5,6,Digital-Preferred,1,0,0,0,1,1,3,483,0.541,9999,Low
CUST-00317,Devan,Joubert,32,Male,Single,0,Diploma,Free State,Self-Employed,15900.0,LSM 5-6,9100.0,11.1,27,490.77,17,3,0,Digital-Preferred,1,1,0,0,0,0,2,673,0.375,9999,Low
CUST-00318,Fatima,Reddy,27,Female,Single,1,No Matric,KwaZulu-Natal,Unemployed,1209.39,LSM 1-4,1300.0,1.7,16,242.82,11,4,3,Digital-Preferred,1,0,0,0,0,0,1,530,0.0,663,High
CUST-00319,André,Brown,72,Male,Single,0,No Matric,Eastern Cape,Retired,1611.72,LSM 1-4,1200.0,5.2,3,401.41,12,4,2,Digital-Preferred,0,0,0,1,0,0,1,599,0.503,530,High
CUST-00320,Jade,Hendricks,24,Female,Single,0,Diploma,Western Cape,Retired,9704.77,LSM 5-6,6200.0,6.4,18,291.82,18,2,0,Digital-Preferred,1,1,0,1,0,0,3,668,0.309,487,Low
CUST-00321,Lindiwe,Ngubane,36,Female,Single,0,Matric,North West,Unemployed,1569.58,LSM 1-4,1000.0,6.9,5,348.32,14,2,3,Digital-Preferred,1,1,0,0,0,0,2,533,0.648,685,High
CUST-00322,Rayan,Smith,62,Male,Married,2,Postgraduate,Gauteng,Retired,33578.79,LSM 7-8,19600.0,6.0,23,992.21,21,7,4,Digital-Preferred,1,1,0,0,0,1,3,545,0.442,181,Low
CUST-00323,Arjun,Mkhize,39,Male,Married,2,Diploma,KwaZulu-Natal,Unemployed,1819.15,LSM 1-4,1900.0,5.9,3,436.0,1,4,5,Branch-Preferred,0,1,0,0,0,0,1,429,0.887,291,High
CUST-00324,Kagiso,Nxumalo,36,Male,Married,2,Matric,Mpumalanga,Employed,9900.0,LSM 5-6,7100.0,0.9,23,138.99,7,4,2,Branch-Preferred,0,0,0,0,0,0,0,509,0.0,9999,High
CUST-00325,Liezel,Motsepe,42,Female,Married,2,No Matric,Eastern Cape,Unemployed,559.15,LSM 1-4,600.0,5.0,32,160.06,7,5,1,Branch-Preferred,0,0,0,0,0,0,0,598,0.0,9999,High
CUST-00326,Aaliya,du Plessis,36,Female,Single,1,Degree,Western Cape,Employed,35900.0,LSM 7-8,20800.0,3.0,27,824.48,30,0,6,Digital-Only,1,1,1,0,1,0,4,459,0.493,871,Low
CUST-00327,André,Mkhize,22,Male,Married,0,Matric,KwaZulu-Natal,Employed,5400.0,LSM 1-4,3600.0,4.5,15,361.65,16,6,5,Digital-Preferred,1,0,0,0,0,0,1,444,0.0,475,High
CUST-00328,Palesa,Brown,31,Female,Single,0,Matric,KwaZulu-Natal,Employed,12700.0,LSM 5-6,9300.0,2.5,21,264.07,6,3,6,Passive,1,1,0,0,1,0,3,406,0.584,721,High
CUST-00329,Kavitha,Buthelezi,24,Female,Single,0,Diploma,North West,Employed,19900.0,LSM 5-6,10100.0,4.5,19,381.25,15,2,4,Digital-Preferred,1,1,0,0,1,0,3,502,0.505,9999,Low
CUST-00330,Zara,Sithole,28,Female,Married,6,Matric,Eastern Cape,Employed,11200.0,LSM 5-6,10300.0,6.7,29,447.95,9,3,4,Passive,1,1,0,0,0,0,2,535,0.651,50,Medium
CUST-00331,Sipho,Pillay,41,Male,Single,1,Diploma,North West,Employed,29400.0,LSM 7-8,17900.0,7.2,47,244.46,12,4,3,Digital-Preferred,1,1,0,1,1,0,4,597,0.49,438,Low
CUST-00332,Johan,Mthethwa,35,Male,Married,4,Diploma,Free State,Employed,15900.0,LSM 5-6,10400.0,4.2,16,346.01,23,2,1,Digital-Preferred,1,1,1,0,0,0,3,616,0.555,30,Low
CUST-00333,Ruan,Sithole,27,Male,Single,0,Matric,Western Cape,Unemployed,1217.12,LSM 1-4,600.0,4.5,25,50.0,12,3,5,Digital-Preferred,1,0,0,0,0,0,1,446,0.0,9999,Medium
CUST-00334,Sbusiso,February,25,Male,Single,1,Degree,Eastern Cape,Self-Employed,14300.0,LSM 5-6,7700.0,8.0,15,472.31,12,4,1,Digital-Preferred,1,1,1,1,0,0,4,657,0.31,1808,Low
CUST-00335,Thabo,Mthethwa,32,Male,Single,1,Diploma,Eastern Cape,Student,907.29,LSM 1-4,1000.0,3.8,3,673.6,13,3,3,Digital-Preferred,0,0,0,0,0,0,0,509,0.0,237,Medium
CUST-00336,Bongani,Ndlovu,24,Male,Single,0,Diploma,Mpumalanga,Employed,9400.0,LSM 5-6,6500.0,4.1,15,265.64,11,3,2,Digital-Preferred,1,1,0,1,0,0,3,546,0.613,603,Low
CUST-00337,Arjun,Maharaj,27,Male,Single,1,No Matric,Eastern Cape,Employed,4900.0,LSM 1-4,3400.0,3.7,20,157.66,13,4,0,Digital-Preferred,1,0,1,0,1,0,3,616,0.331,9999,Low
CUST-00338,Devan,Reddy,58,Male,Married,2,Matric,Gauteng,Unemployed,2208.52,LSM 1-4,2300.0,8.2,11,617.68,21,5,3,Digital-Preferred,0,0,0,0,0,0,0,543,0.0,632,Medium
CUST-00339,Vusi,Nxumalo,60,Male,Divorced,1,Matric,North West,Employed,11300.0,LSM 5-6,7200.0,6.0,23,94.36,0,3,1,Passive,1,0,0,0,1,0,2,624,0.36,9999,Medium
CUST-00340,Kim,Smith,35,Female,Married,2,Diploma,Eastern Cape,Student,4457.45,LSM 1-4,4200.0,3.0,15,412.1,22,4,3,Digital-Preferred,1,0,0,0,0,0,1,535,0.0,445,High
CUST-00341,Ashleigh,Sithole,18,Female,Single,0,Matric,Mpumalanga,Unemployed,371.21,LSM 1-4,300.0,1.0,21,50.0,19,0,1,Digital-Preferred,1,0,0,0,0,0,1,590,0.0,709,Medium
CUST-00342,Heinrich,Khumalo,33,Male,Married,3,Postgraduate,KwaZulu-Natal,Employed,65300.0,Affluent,44000.0,7.8,58,838.96,23,3,0,Digital-Preferred,1,1,1,1,0,0,4,696,0.349,9999,Low
CUST-00343,Chanel,Khumalo,29,Female,Single,0,Matric,Western Cape,Employed,6400.0,LSM 1-4,3400.0,9.6,27,592.85,20,3,1,Digital-Preferred,1,0,0,0,0,0,1,588,0.0,9999,High
CUST-00344,Kyle,Maharaj,34,Male,Married,0,Postgraduate,Eastern Cape,Employed,46100.0,Affluent,28100.0,7.9,34,984.78,18,1,0,Digital-Preferred,1,1,1,1,0,1,5,671,0.29,9999,Low
CUST-00345,Priya,Nxumalo,41,Female,Married,1,Degree,Limpopo,Employed,60600.0,Affluent,34100.0,4.9,49,726.29,18,3,0,Digital-Preferred,1,1,1,1,0,1,5,752,0.319,9999,Low
CUST-00346,Kim,van der Berg,19,Female,Single,1,Diploma,Gauteng,Employed,15600.0,LSM 5-6,11500.0,3.0,20,384.78,20,0,2,Digital-Preferred,1,0,0,0,1,0,2,566,0.479,777,High
CUST-00347,Samantha,Maharaj,28,Female,Single,0,Matric,KwaZulu-Natal,Unemployed,1567.96,LSM 1-4,1000.0,10.5,4,214.92,19,7,1,Digital-Preferred,1,0,0,0,0,0,1,594,0.0,220,Medium
CUST-00348,Ayanda,Smith,35,Female,Married,3,Diploma,Limpopo,Employed,23200.0,LSM 7-8,15100.0,10.1,17,775.16,25,3,4,Digital-Preferred,1,1,0,0,1,0,3,548,0.605,899,Low
CUST-00349,Kavitha,Botha,65,Female,Single,1,Postgraduate,Northern Cape,Employed,57500.0,Affluent,43100.0,5.5,51,554.99,10,4,3,Branch-Preferred,1,0,0,0,0,1,2,631,0.0,557,Low
CUST-00350,Fatima,Brown,57,Female,Single,1,Matric,Gauteng,Employed,9200.0,LSM 5-6,6400.0,4.8,21,50.0,4,1,4,Passive,1,0,0,0,1,0,2,524,0.634,675,Medium
CUST-00351,Devan,Ngubane,34,Male,Married,1,Diploma,KwaZulu-Natal,Employed,21700.0,LSM 7-8,11000.0,6.4,25,273.91,12,1,3,Digital-Preferred,1,0,0,0,1,0,2,572,0.401,1075,Medium
CUST-00352,Mandla,Johnson,37,Male,Married,0,No Matric,KwaZulu-Natal,Employed,1900.0,LSM 1-4,800.0,5.1,20,50.0,14,3,3,Digital-Preferred,0,0,0,0,0,0,0,515,0.0,326,High
CUST-00353,Jade,Cele,28,Female,Married,3,Degree,Gauteng,Employed,45000.0,Affluent,32800.0,7.1,31,1281.93,24,3,5,Digital-Preferred,1,1,1,0,1,0,4,499,0.573,300,Low
CUST-00354,Musa,Mthembu,36,Male,Married,0,Matric,Gauteng,Self-Employed,3400.0,LSM 1-4,1500.0,4.2,9,50.0,9,3,2,Passive,1,0,0,0,0,0,1,491,0.0,1391,Medium
CUST-00355,Siphokazi,Maharaj,38,Female,Married,5,No Matric,Western Cape,Unemployed,655.0,LSM 1-4,700.0,2.3,3,271.66,13,5,1,Digital-Preferred,1,0,0,0,0,0,1,574,0.0,48,High
CUST-00356,Thandi,Adams,33,Female,Married,0,Matric,Eastern Cape,Employed,13900.0,LSM 5-6,6900.0,8.8,20,50.0,8,7,2,Branch-Preferred,1,0,0,0,0,0,1,569,0.0,10,Medium
CUST-00357,Sandile,Williams,51,Male,Married,1,Matric,KwaZulu-Natal,Employed,14700.0,LSM 5-6,6700.0,2.6,24,119.09,13,1,2,Digital-Preferred,1,0,0,0,0,1,2,600,0.0,9999,Medium
CUST-00358,Jason,Williams,53,Male,Divorced,1,Degree,KwaZulu-Natal,Self-Employed,50600.0,Affluent,33500.0,6.0,54,130.9,14,8,0,Digital-Preferred,1,1,1,1,1,1,6,737,0.315,1463,Low
CUST-00359,Fatima,Ndlovu,62,Female,Single,0,Diploma,Free State,Retired,9615.69,LSM 5-6,6800.0,2.3,7,1418.25,18,4,3,Digital-Preferred,1,1,0,0,0,0,2,553,0.645,1398,High
CUST-00360,Priya,Naidoo,65,Male,Married,0,No Matric,Western Cape,Retired,1950.49,LSM 1-4,900.0,7.0,14,103.88,5,8,0,Branch-Preferred,0,1,0,0,0,0,1,688,0.24,9999,Medium
CUST-00361,Megan,Reddy,31,Female,Married,2,Matric,Limpopo,Self-Employed,7100.0,LSM 1-4,5000.0,5.8,26,225.59,16,2,1,Digital-Preferred,1,0,0,0,0,0,1,537,0.0,9999,Medium
CUST-00362,Kefilwe,Pillay,34,Female,Single,0,Degree,KwaZulu-Natal,Self-Employed,44000.0,Affluent,22500.0,10.6,31,832.85,15,8,2,Digital-Preferred,1,1,1,0,1,1,5,644,0.188,1083,Low
CUST-00363,Heinrich,Dlamini,37,Male,Single,1,Diploma,Mpumalanga,Employed,18500.0,LSM 5-6,13800.0,3.9,12,1656.47,14,5,2,Digital-Preferred,1,1,0,0,0,1,3,554,0.513,228,Low
CUST-00364,Siphokazi,Nkosi,25,Female,Single,0,Matric,Mpumalanga,Employed,8800.0,LSM 5-6,5600.0,0.7,4,1312.95,23,2,3,Digital-Preferred,1,0,0,0,0,0,1,461,0.0,362,High
CUST-00365,Jade,Govender,31,Female,Single,1,Diploma,KwaZulu-Natal,Self-Employed,23900.0,LSM 7-8,14200.0,5.3,31,261.91,0,4,0,Branch-Preferred,1,1,1,1,1,0,5,664,0.308,469,Low
CUST-00366,Nandi,Johnson,64,Female,Married,0,Matric,Eastern Cape,Employed,15100.0,LSM 5-6,7100.0,5.5,14,907.18,7,3,1,Passive,1,0,0,1,1,0,3,647,0.24,9999,Low
CUST-00367,Luca,Mkhize,27,Male,Married,1,Postgraduate,Eastern Cape,Self-Employed,24700.0,LSM 7-8,17200.0,6.1,30,327.16,20,5,2,Digital-Preferred,1,1,1,1,1,0,5,612,0.466,826,Low
CUST-00368,Zara,Nkosi,27,Female,Married,0,Degree,KwaZulu-Natal,Employed,12200.0,LSM 5-6,5000.0,0.5,16,572.13,17,3,1,Digital-Preferred,1,1,0,0,0,0,2,585,0.318,1511,Medium
CUST-00369,Aaliya,Sithole,33,Female,Married,5,No Matric,Limpopo,Employed,5200.0,LSM 1-4,5500.0,6.8,28,181.66,10,5,4,Branch-Preferred,1,0,0,0,0,0,1,476,0.0,10,Medium
CUST-00370,Dylan,Ngubane,57,Male,Married,0,Diploma,KwaZulu-Natal,Employed,30600.0,LSM 7-8,21100.0,4.4,37,656.94,11,8,2,Digital-Preferred,1,0,1,0,1,0,3,611,0.495,2141,Low
CUST-00371,Aaliya,February,32,Female,Married,2,Matric,Western Cape,Unemployed,1836.99,LSM 1-4,1900.0,3.2,5,92.66,20,5,3,Digital-Preferred,1,0,0,0,0,0,1,546,0.0,635,High
CUST-00372,Lerato,Williams,39,Female,Married,1,Degree,Northern Cape,Self-Employed,29700.0,LSM 7-8,15100.0,10.5,27,1077.97,17,5,1,Digital-Preferred,1,1,1,1,1,0,5,718,0.2,9999,Low
CUST-00373,Ruan,du Plessis,37,Male,Single,1,Diploma,Gauteng,Employed,26400.0,LSM 7-8,19800.0,0.5,34,505.91,15,2,2,Digital-Preferred,1,1,1,1,1,0,5,580,0.756,1886,Low
CUST-00374,Cleo,Jacobs,65,Female,Married,1,No Matric,Gauteng,Employed,7700.0,LSM 1-4,4900.0,6.5,7,559.73,12,4,0,Digital-Preferred,1,0,0,0,1,0,2,675,0.467,9999,Low
CUST-00375,Zanele,Nxumalo,46,Female,Married,1,Matric,Gauteng,Employed,13800.0,LSM 5-6,7500.0,6.9,29,368.29,20,2,3,Digital-Preferred,1,0,0,0,1,0,2,543,0.439,469,Medium
CUST-00376,Chanel,February,45,Female,Divorced,2,Matric,Northern Cape,Employed,10800.0,LSM 5-6,7000.0,3.3,15,337.67,11,7,1,Digital-Preferred,1,1,0,0,0,0,2,640,0.362,1024,High
CUST-00377,Nhlanhla,van der Berg,55,Male,Married,0,No Matric,Gauteng,Unemployed,2113.33,LSM 1-4,1400.0,3.8,18,162.67,8,5,4,Branch-Preferred,1,0,0,0,0,0,1,566,0.0,403,High
CUST-00378,Siphokazi,Botha,19,Female,Single,0,Diploma,Gauteng,Employed,16400.0,LSM 5-6,8700.0,3.0,19,205.7,19,1,1,Digital-Preferred,1,0,0,1,0,0,2,564,0.456,9999,Medium
CUST-00379,Nokwanda,Nkosi,41,Female,Single,0,Degree,Eastern Cape,Employed,36100.0,LSM 7-8,26800.0,13.3,30,922.46,17,3,5,Digital-Preferred,1,1,1,1,1,1,6,596,0.559,190,Low
CUST-00380,Anika,Mkhize,29,Female,Single,0,Degree,Limpopo,Employed,16600.0,LSM 5-6,11600.0,9.3,16,604.37,20,5,3,Digital-Preferred,1,0,1,1,0,0,3,580,0.468,1594,Low
CUST-00381,Johan,Mkhize,32,Male,Single,0,Diploma,Western Cape,Employed,23100.0,LSM 7-8,12200.0,12.2,39,156.16,24,3,5,Digital-Preferred,1,1,0,0,1,0,3,511,0.435,274,Low
CUST-00382,Lungelo,Botha,57,Male,Married,3,No Matric,Free State,Unemployed,1014.99,LSM 1-4,1100.0,3.0,8,50.0,1,5,7,Branch-Preferred,1,0,0,0,0,0,1,381,0.0,921,Medium
CUST-00383,Kavitha,Mkhize,22,Female,Single,2,Diploma,Gauteng,Self-Employed,19300.0,LSM 5-6,10900.0,0.5,48,404.26,21,3,0,Digital-Preferred,1,0,0,0,1,1,3,676,0.243,797,Low
CUST-00384,Tebogo,Ndlovu,24,Male,Single,0,Diploma,Eastern Cape,Employed,17400.0,LSM 5-6,9200.0,3.8,23,329.92,16,1,2,Digital-Preferred,1,1,1,1,0,0,4,590,0.441,278,Low
CUST-00385,Siyanda,Pillay,56,Male,Single,0,No Matric,Eastern Cape,Student,4003.06,LSM 1-4,2300.0,7.7,6,346.56,3,3,1,Passive,1,0,0,0,0,0,1,658,0.0,247,High
CUST-00386,Vusi,Johnson,43,Male,Married,1,Degree,KwaZulu-Natal,Employed,42400.0,Affluent,28000.0,2.3,26,1162.34,7,6,5,Branch-Preferred,1,0,1,1,0,1,4,498,0.524,2603,Low
CUST-00387,Siphokazi,Mthembu,34,Female,Married,2,Postgraduate,North West,Self-Employed,58800.0,Affluent,27100.0,6.1,59,687.35,8,5,0,Branch-Preferred,1,1,1,0,1,0,4,696,0.329,9999,Low
CUST-00388,Dylan,Joubert,35,Male,Married,4,No Matric,Western Cape,Unemployed,2096.78,LSM 1-4,2200.0,2.7,10,50.0,20,4,6,Digital-Preferred,1,0,0,1,0,0,2,385,0.652,637,Medium
CUST-00389,Lindiwe,Jacobs,61,Female,Divorced,2,Diploma,Gauteng,Employed,20300.0,LSM 7-8,16900.0,7.4,30,607.46,16,5,0,Digital-Preferred,1,1,0,1,0,0,3,713,0.437,9999,Low
CUST-00390,Bongiwe,Sithole,23,Female,Single,4,Diploma,Gauteng,Unemployed,2486.74,LSM 1-4,2600.0,4.2,30,50.0,19,0,3,Digital-Preferred,0,0,0,1,0,0,1,493,0.677,680,High
CUST-00391,Zara,Mkhize,30,Female,Single,0,Matric,Gauteng,Self-Employed,10500.0,LSM 5-6,5500.0,3.4,22,208.3,24,4,1,Digital-Preferred,1,0,0,0,1,0,2,566,0.327,472,Low
CUST-00392,Palesa,Mthembu,32,Female,Married,2,Diploma,North West,Self-Employed,21700.0,LSM 7-8,16200.0,7.0,27,813.02,24,3,2,Digital-Preferred,1,0,0,0,0,0,1,556,0.0,1866,Medium
CUST-00393,Jason,Williams,33,Male,Single,2,Matric,Gauteng,Employed,13700.0,LSM 5-6,8200.0,2.5,29,50.0,17,1,1,Digital-Preferred,1,0,0,0,0,0,1,646,0.0,9999,Medium
CUST-00394,Zara,Sithole,34,Female,Married,1,No Matric,North West,Self-Employed,5600.0,LSM 1-4,2900.0,4.1,20,50.0,1,3,2,Passive,1,1,0,1,0,0,3,564,0.496,669,Low
CUST-00395,Kyle,Ndlovu,36,Male,Married,2,Postgraduate,Gauteng,Self-Employed,62400.0,Affluent,43400.0,5.4,41,1012.27,31,1,3,Digital-Only,1,1,0,1,1,0,4,601,0.52,1358,Low
CUST-00396,Kim,Johnson,32,Female,Single,1,Diploma,Free State,Employed,17200.0,LSM 5-6,10300.0,5.7,32,398.0,8,1,3,Passive,1,0,0,1,0,0,2,511,0.485,789,High
CUST-00397,Lungelo,Daniels,36,Male,Married,3,Matric,Mpumalanga,Employed,8100.0,LSM 5-6,7300.0,3.1,15,730.62,7,2,3,Passive,1,1,1,0,0,0,3,531,0.67,200,Low
CUST-00398,Mihlali,Reddy,48,Female,Married,1,Matric,Gauteng,Employed,13500.0,LSM 5-6,10200.0,8.0,31,50.0,19,0,4,Digital-Preferred,1,0,0,1,0,0,2,505,0.494,102,Medium
CUST-00399,Zara,Mthembu,43,Female,Married,0,Postgraduate,Gauteng,Employed,57300.0,Affluent,29800.0,8.7,52,856.17,9,8,2,Branch-Preferred,1,1,1,0,0,1,4,659,0.181,24,Low
CUST-00400,Sipho,Mthembu,27,Male,Married,4,Diploma,Limpopo,Unemployed,1975.57,LSM 1-4,2100.0,4.5,21,204.16,8,0,5,Passive,0,0,0,0,0,0,0,409,0.0,9999,Medium
CUST-00401,Mihlali,Nxumalo,30,Female,Single,1,Degree,Gauteng,Employed,29400.0,LSM 7-8,20000.0,12.3,28,666.16,2,3,4,Passive,0,1,0,1,1,0,3,572,0.494,277,Low
CUST-00402,Rayan,Khumalo,33,Male,Married,0,Degree,KwaZulu-Natal,Unemployed,903.81,LSM 1-4,500.0,6.2,3,50.0,13,3,3,Digital-Preferred,1,0,0,0,0,0,1,481,0.0,250,Medium
CUST-00403,Kiran,du Plessis,36,Male,Divorced,4,Matric,Limpopo,Employed,4700.0,LSM 1-4,4900.0,4.2,18,157.73,17,3,5,Digital-Preferred,1,1,0,0,0,0,2,445,0.684,630,High
CUST-00404,Vusi,Sithole,29,Male,Single,0,Degree,North West,Employed,43800.0,Affluent,26900.0,4.7,47,777.38,16,1,1,Digital-Preferred,1,0,1,0,1,0,3,657,0.295,1706,Low
CUST-00405,Luca,Hendricks,41,Male,Married,0,Diploma,Limpopo,Employed,6200.0,LSM 1-4,4000.0,1.9,10,405.28,11,5,0,Digital-Preferred,1,0,0,0,1,0,2,671,0.434,9999,Medium
CUST-00406,Shenay,Ndlovu,33,Female,Married,2,Degree,Mpumalanga,Employed,53000.0,Affluent,36700.0,8.3,44,797.93,15,4,3,Digital-Preferred,1,1,1,1,1,1,6,611,0.486,9999,Low
CUST-00407,Zanele,Maharaj,31,Female,Single,0,Matric,Western Cape,Unemployed,358.41,LSM 1-4,300.0,5.9,3,50.0,14,2,1,Digital-Preferred,1,0,0,0,0,0,1,582,0.0,9999,High
CUST-00408,Nkosinathi,Williams,36,Male,Married,3,No Matric,Limpopo,Employed,3300.0,LSM 1-4,3500.0,0.5,11,465.11,2,6,5,Branch-Preferred,1,0,0,0,0,0,1,437,0.0,9999,High
CUST-00409,Kim,Zulu,20,Female,Single,0,Matric,KwaZulu-Natal,Employed,2300.0,LSM 1-4,1700.0,0.5,3,536.72,22,3,2,Digital-Preferred,1,0,0,0,0,0,1,565,0.0,211,Medium
CUST-00410,Nomvula,Govender,24,Female,Single,1,Diploma,Limpopo,Unemployed,438.47,LSM 1-4,500.0,2.5,14,50.0,5,2,1,Passive,1,1,0,0,0,0,2,565,0.742,291,High
CUST-00411,Nokwanda,Pretorius,23,Female,Single,0,Degree,Eastern Cape,Employed,37300.0,LSM 7-8,20500.0,0.5,38,520.43,17,1,1,Digital-Preferred,1,1,0,0,0,0,2,585,0.487,9999,Medium
CUST-00412,Mandla,Ndlovu,18,Male,Single,2,Degree,Western Cape,Employed,25700.0,LSM 7-8,15700.0,1.1,27,452.43,25,1,1,Digital-Only,1,0,1,1,0,0,3,554,0.55,1175,Medium
CUST-00413,Samantha,Buthelezi,27,Female,Married,2,Diploma,Northern Cape,Self-Employed,14400.0,LSM 5-6,10700.0,6.0,30,193.61,23,0,1,Digital-Only,1,1,0,0,1,0,3,594,0.432,9999,Low
CUST-00414,Priya,Hendricks,36,Male,Single,0,Matric,KwaZulu-Natal,Self-Employed,12000.0,LSM 5-6,7300.0,5.4,20,61.09,15,3,2,Digital-Preferred,1,0,0,0,0,0,1,580,0.0,77,Medium
CUST-00415,Thandi,Johnson,61,Female,Married,2,No Matric,Eastern Cape,Retired,2720.19,LSM 1-4,2900.0,6.8,13,99.18,8,5,5,Branch-Preferred,0,0,0,0,0,0,0,503,0.0,1032,Medium
CUST-00416,Siphokazi,Motsepe,33,Female,Married,3,Degree,Western Cape,Employed,27400.0,LSM 7-8,14400.0,5.1,31,104.48,17,3,2,Digital-Preferred,1,0,1,1,0,0,3,597,0.262,289,Low
CUST-00417,Kim,Ndlovu,38,Female,Divorced,0,Diploma,KwaZulu-Natal,Employed,19500.0,LSM 5-6,10200.0,6.2,18,663.81,12,3,4,Digital-Preferred,1,1,1,1,1,0,5,564,0.627,179,Low
CUST-00418,Kagiso,Cele,39,Male,Divorced,0,Degree,KwaZulu-Natal,Employed,28000.0,LSM 7-8,20100.0,3.9,37,409.72,6,9,1,Branch-Preferred,1,1,0,1,1,0,4,611,0.516,9999,Low
CUST-00419,Johan,Smith,56,Male,Married,3,No Matric,Free State,Employed,5400.0,LSM 1-4,4800.0,6.2,6,721.54,3,3,1,Passive,1,0,0,0,0,0,1,600,0.0,324,Medium
CUST-00420,Mihlali,Joubert,40,Female,Married,3,Matric,KwaZulu-Natal,Unemployed,1734.69,LSM 1-4,1800.0,5.3,15,112.57,13,4,4,Digital-Preferred,0,1,0,0,0,0,1,518,0.802,34,Medium
CUST-00421,Arjun,Mthethwa,32,Male,Single,0,Postgraduate,Eastern Cape,Employed,59700.0,Affluent,36000.0,4.4,60,439.56,19,5,2,Digital-Preferred,1,1,1,0,1,0,4,602,0.357,391,Low
CUST-00422,Arjun,Dlamini,26,Male,Married,0,Matric,Western Cape,Unemployed,1414.4,LSM 1-4,800.0,4.5,3,50.0,16,1,1,Digital-Preferred,1,0,0,1,0,0,2,556,0.571,371,Medium
CUST-00423,Tayla,Hendricks,28,Female,Married,0,No Matric,Mpumalanga,Unemployed,1653.03,LSM 1-4,1000.0,5.0,3,377.7,16,5,4,Digital-Preferred,1,0,0,0,0,0,1,483,0.0,140,Medium
CUST-00424,Nokwanda,van der Berg,23,Female,Single,1,Diploma,Limpopo,Employed,10100.0,LSM 5-6,7500.0,4.3,8,1315.3,14,2,0,Digital-Preferred,1,0,0,1,0,0,2,623,0.494,9999,Medium
CUST-00425,Nhlanhla,du Plessis,51,Male,Single,0,Diploma,Gauteng,Employed,24200.0,LSM 7-8,12600.0,7.6,41,489.34,11,4,1,Digital-Preferred,1,1,1,1,0,1,5,673,0.434,9999,Low
CUST-00426,Rayan,Smith,29,Male,Married,3,Postgraduate,KwaZulu-Natal,Employed,51900.0,Affluent,27600.0,4.3,40,945.97,21,3,1,Digital-Preferred,1,1,1,1,1,0,5,686,0.385,9999,Low
CUST-00427,Nandi,Joubert,36,Female,Married,1,Degree,Limpopo,Employed,38700.0,LSM 7-8,21300.0,9.9,26,559.54,15,3,1,Digital-Preferred,1,1,1,0,1,0,4,715,0.294,1524,Low
CUST-00428,Rayan,Williams,42,Male,Married,2,Diploma,Gauteng,Employed,20600.0,LSM 7-8,13500.0,7.9,27,461.71,9,1,0,Passive,1,0,0,1,1,1,4,714,0.367,9999,Low
CUST-00429,Heinrich,Joubert,49,Male,Single,2,No Matric,Western Cape,Retired,3131.58,LSM 1-4,2600.0,3.0,3,827.07,6,3,5,Passive,0,0,0,0,0,0,0,468,0.0,299,Medium
CUST-00430,Sbusiso,Mokoena,68,Male,Divorced,0,Matric,KwaZulu-Natal,Employed,11300.0,LSM 5-6,7100.0,2.3,10,995.68,7,4,2,Branch-Preferred,1,0,0,1,0,0,2,619,0.412,9999,High
CUST-00431,Lungelo,Williams,34,Male,Divorced,2,Degree,Gauteng,Employed,27100.0,LSM 7-8,16400.0,4.9,39,603.88,20,0,3,Digital-Preferred,1,0,1,1,0,0,3,559,0.566,1035,Low
CUST-00432,Samantha,Naidoo,34,Female,Married,1,Diploma,Northern Cape,Employed,22500.0,LSM 7-8,11500.0,2.1,17,643.64,8,9,2,Branch-Preferred,1,1,1,1,1,0,5,584,0.38,1845,Low
CUST-00433,Devan,Adams,39,Male,Divorced,2,Postgraduate,North West,Self-Employed,59200.0,Affluent,38800.0,9.6,47,367.86,12,4,4,Digital-Preferred,1,1,1,0,0,1,4,565,0.451,2974,Low
CUST-00434,Marco,Nxumalo,51,Male,Married,1,Diploma,Limpopo,Employed,19600.0,LSM 5-6,13000.0,9.9,25,288.24,6,7,0,Branch-Preferred,1,0,1,1,1,0,4,694,0.356,9999,Low
CUST-00435,Kefilwe,Govender,37,Female,Single,0,Matric,Gauteng,Unemployed,845.2,LSM 1-4,600.0,9.3,13,172.74,17,4,5,Digital-Preferred,1,0,0,0,0,0,1,501,0.0,1594,High
CUST-00436,Sandile,Joubert,28,Male,Single,0,Diploma,Free State,Employed,15900.0,LSM 5-6,9100.0,2.7,16,504.6,18,2,6,Digital-Preferred,1,0,0,0,1,0,2,377,0.737,81,High
CUST-00437,Sandile,Ndlovu,40,Male,Single,0,Diploma,Eastern Cape,Employed,18500.0,LSM 5-6,11000.0,8.6,27,385.37,7,4,1,Branch-Preferred,1,0,1,0,0,0,2,623,0.43,921,High
CUST-00438,Nomvula,Cele,25,Female,Single,1,No Matric,Free State,Unemployed,2487.71,LSM 1-4,2400.0,4.8,23,227.07,21,4,3,Digital-Preferred,1,0,0,1,0,0,2,507,0.637,10,Medium
CUST-00439,Ayanda,Brown,59,Female,Married,1,Matric,Gauteng,Employed,6500.0,LSM 1-4,4000.0,0.5,6,893.03,11,4,7,Digital-Preferred,1,0,1,1,0,0,3,370,0.793,38,High
CUST-00440,Sandile,Joubert,34,Male,Single,2,Degree,Gauteng,Employed,59900.0,Affluent,44200.0,8.0,46,805.1,32,3,0,Digital-Preferred,1,1,1,1,1,0,5,703,0.429,222,Low
CUST-00441,Jason,Hendricks,30,Male,Married,2,Matric,Eastern Cape,Employed,8900.0,LSM 5-6,6800.0,4.3,15,571.66,15,4,2,Digital-Preferred,1,0,0,0,0,0,1,555,0.0,1467,Medium
CUST-00442,Kagiso,Khumalo,33,Male,Married,3,Matric,North West,Retired,4853.97,LSM 1-4,4600.0,9.0,19,564.4,0,3,6,Passive,1,0,0,0,0,0,1,463,0.0,2293,High
CUST-00443,Ruan,Nxumalo,40,Male,Married,1,Diploma,Gauteng,Employed,8500.0,LSM 5-6,4800.0,3.0,16,585.59,21,4,3,Digital-Preferred,1,0,0,0,0,0,1,513,0.0,54,High
CUST-00444,Liezel,Jacobs,57,Female,Widowed,0,Diploma,KwaZulu-Natal,Employed,14500.0,LSM 5-6,9400.0,7.7,19,388.57,7,6,0,Branch-Preferred,1,1,0,0,0,0,2,686,0.337,1382,Medium
CUST-00445,Bongiwe,Mthethwa,29,Female,Married,2,Diploma,Western Cape,Unemployed,2294.98,LSM 1-4,2400.0,4.8,3,858.98,22,2,4,Digital-Preferred,1,0,0,1,0,0,2,450,0.667,1777,High
CUST-00446,Ashleigh,Brown,23,Female,Single,0,Postgraduate,Northern Cape,Employed,26000.0,LSM 7-8,18900.0,0.5,18,1200.15,17,4,1,Digital-Preferred,1,1,0,1,0,1,4,563,0.517,3370,Low
CUST-00447,Lindiwe,Daniels,38,Female,Married,1,Postgraduate,Limpopo,Employed,46500.0,Affluent,25000.0,6.4,43,585.43,27,6,0,Digital-Preferred,1,1,1,1,1,0,5,654,0.325,9999,Low
CUST-00448,Marco,Mokoena,30,Male,Married,1,Diploma,North West,Employed,17900.0,LSM 5-6,12100.0,10.8,18,622.38,9,3,1,Passive,1,0,1,0,0,0,2,658,0.35,2058,Low
CUST-00449,Zara,Jacobs,57,Female,Married,2,No Matric,Eastern Cape,Employed,7700.0,LSM 1-4,5900.0,5.0,12,145.57,18,2,3,Digital-Preferred,1,1,1,0,0,0,3,560,0.606,2315,Low
CUST-00450,Lerato,Hendricks,34,Female,Married,2,Degree,Mpumalanga,Employed,40800.0,Affluent,29900.0,10.4,37,635.09,8,3,0,Passive,1,1,1,0,1,1,5,718,0.454,9999,Low
CUST-00451,Kiran,Zulu,31,Male,Single,2,Matric,Western Cape,Employed,5700.0,LSM 1-4,4800.0,7.9,33,50.0,20,4,2,Digital-Preferred,1,0,0,0,0,0,1,583,0.0,1644,Medium
CUST-00452,Nandi,Ndlovu,34,Female,Single,0,Degree,Gauteng,Self-Employed,13700.0,LSM 5-6,8500.0,4.6,15,314.39,14,5,2,Digital-Preferred,1,1,0,0,0,0,2,591,0.464,9999,Medium
CUST-00453,Jason,Zulu,55,Male,Married,0,Matric,Eastern Cape,Unemployed,1223.76,LSM 1-4,500.0,1.2,22,50.0,13,3,1,Digital-Preferred,1,0,0,1,0,0,2,657,0.333,9999,Medium
CUST-00454,Zanele,Adams,44,Female,Single,0,Matric,Eastern Cape,Employed,6400.0,LSM 1-4,4000.0,2.0,25,333.31,21,2,1,Digital-Preferred,1,1,0,0,0,0,2,602,0.399,9999,Low
CUST-00455,Nomvula,Zulu,45,Female,Single,1,Diploma,Western Cape,Employed,17300.0,LSM 5-6,13100.0,10.5,28,384.01,6,4,3,Branch-Preferred,1,0,0,1,0,1,3,575,0.442,358,Low
CUST-00456,Pieter,Buthelezi,32,Male,Single,1,Diploma,KwaZulu-Natal,Employed,19700.0,LSM 5-6,10800.0,6.8,16,234.26,8,3,2,Passive,1,0,0,0,0,0,1,593,0.0,371,High
CUST-00457,Ashleigh,Mthethwa,38,Female,Single,0,Postgraduate,Limpopo,Employed,58900.0,Affluent,34600.0,3.7,50,668.33,11,1,3,Digital-Preferred,1,1,1,1,0,0,4,643,0.466,9999,Low
CUST-00458,Thabo,Zulu,43,Male,Single,1,Matric,Mpumalanga,Employed,15300.0,LSM 5-6,10800.0,8.5,17,690.09,8,4,2,Branch-Preferred,1,1,0,0,0,0,2,592,0.392,9999,Medium
CUST-00459,Aaliya,Mokoena,33,Female,Single,0,Postgraduate,KwaZulu-Natal,Employed,78800.0,Affluent,53000.0,3.1,79,712.16,26,4,1,Digital-Preferred,1,1,0,0,1,0,3,629,0.393,9999,Low
CUST-00460,Kyle,Reddy,30,Male,Married,3,No Matric,North West,Unemployed,0.0,LSM 1-4,0.0,2.5,13,50.0,17,1,1,Digital-Preferred,0,0,0,0,0,0,0,501,0.0,9999,Medium
CUST-00461,Musa,February,33,Male,Married,3,Degree,KwaZulu-Natal,Unemployed,1061.58,LSM 1-4,1100.0,5.3,9,50.0,17,6,5,Digital-Preferred,0,0,0,0,0,0,0,392,0.0,200,Medium
CUST-00462,Marco,van der Berg,36,Male,Married,2,Postgraduate,Gauteng,Employed,47300.0,Affluent,34700.0,15.7,56,796.92,17,2,0,Digital-Preferred,1,1,1,1,1,0,5,782,0.242,2347,Low
CUST-00463,Zara,Adams,48,Female,Single,0,Matric,Gauteng,Employed,11500.0,LSM 5-6,6800.0,8.2,15,523.68,1,6,2,Branch-Preferred,1,0,0,1,1,0,3,612,0.471,1375,Low
CUST-00464,Kagiso,du Plessis,38,Male,Married,3,No Matric,Western Cape,Employed,6300.0,LSM 1-4,6500.0,4.0,19,205.86,14,1,6,Digital-Preferred,1,1,0,0,0,0,2,401,0.784,296,High
CUST-00465,Jade,van der Berg,25,Female,Single,1,Degree,Gauteng,Employed,11900.0,LSM 5-6,7000.0,4.6,24,50.0,11,1,2,Digital-Preferred,1,0,0,0,0,0,1,549,0.0,9999,Medium
CUST-00466,Rayan,Pretorius,42,Male,Married,2,Degree,Limpopo,Employed,48200.0,Affluent,21300.0,11.0,45,517.85,23,2,0,Digital-Preferred,1,1,1,1,1,1,6,805,0.136,9999,Low
CUST-00467,Sipho,Jacobs,45,Male,Married,2,Matric,Limpopo,Employed,10600.0,LSM 5-6,7300.0,10.0,16,276.74,23,4,3,Digital-Preferred,1,0,0,1,1,0,3,586,0.603,640,Low
CUST-00468,Johan,Mthembu,43,Male,Divorced,0,Diploma,Western Cape,Employed,21600.0,LSM 7-8,10800.0,5.7,31,424.93,15,4,3,Digital-Preferred,1,1,0,0,1,1,4,624,0.527,802,Low
CUST-00469,Heinrich,Pretorius,38,Male,Divorced,2,Degree,North West,Self-Employed,36400.0,LSM 7-8,19300.0,6.8,29,697.08,8,3,4,Passive,1,1,1,1,0,0,4,526,0.544,745,Low
CUST-00470,Tayla,Nkosi,50,Female,Married,1,Matric,Free State,Retired,4476.49,LSM 1-4,3700.0,2.8,22,583.56,10,7,5,Branch-Preferred,1,0,0,0,0,0,1,503,0.0,1262,High
CUST-00471,Kiran,Johnson,34,Male,Married,2,Diploma,KwaZulu-Natal,Employed,26800.0,LSM 7-8,13700.0,8.8,26,511.34,9,2,3,Passive,1,1,1,0,1,0,4,568,0.472,1325,Low
CUST-00472,Cleo,Pillay,45,Female,Married,1,Matric,Gauteng,Employed,7400.0,LSM 1-4,3800.0,8.6,26,546.31,0,1,0,Passive,1,1,0,0,0,0,2,654,0.328,9999,Low
CUST-00473,Kefilwe,Nkosi,53,Female,Married,1,Matric,Gauteng,Employed,16100.0,LSM 5-6,9100.0,0.5,29,330.18,10,8,4,Branch-Preferred,1,1,1,0,0,0,3,493,0.558,443,Medium
CUST-00474,Ayanda,Naidoo,33,Female,Single,0,Degree,Eastern Cape,Employed,24200.0,LSM 7-8,13800.0,5.4,31,311.78,9,2,1,Passive,1,1,0,0,1,0,3,616,0.33,9999,Low
CUST-00475,Lindiwe,Mthethwa,35,Female,Single,1,Matric,KwaZulu-Natal,Student,1572.25,LSM 1-4,1700.0,1.5,10,50.0,16,1,3,Digital-Preferred,1,0,0,1,0,0,2,538,0.744,31,High
CUST-00476,Kavitha,Nkosi,29,Female,Divorced,0,Postgraduate,Eastern Cape,Employed,78800.0,Affluent,58900.0,7.0,71,654.17,17,1,0,Digital-Preferred,1,1,0,1,1,1,5,701,0.376,9999,Low
CUST-00477,Kim,February,38,Female,Divorced,1,Diploma,Eastern Cape,Self-Employed,14300.0,LSM 5-6,8700.0,2.2,24,448.32,17,9,5,Digital-Preferred,1,0,0,0,0,0,1,479,0.0,198,Medium
CUST-00478,Lindiwe,Motsepe,52,Female,Married,1,Diploma,Eastern Cape,Unemployed,627.02,LSM 1-4,700.0,1.1,3,259.17,1,6,2,Branch-Preferred,1,1,0,0,0,0,2,553,0.604,1311,High
CUST-00479,Fatima,Dlamini,32,Female,Single,0,Diploma,Gauteng,Employed,600.0,LSM 1-4,400.0,8.4,4,50.0,14,4,3,Digital-Preferred,1,0,0,0,0,0,1,533,0.0,384,High
CUST-00480,Chanel,Pillay,47,Female,Single,0,Matric,KwaZulu-Natal,Employed,19500.0,LSM 5-6,13300.0,5.8,24,758.2,17,6,2,Digital-Preferred,1,0,1,1,0,1,4,603,0.448,10,Low
CUST-00481,Tebogo,Motsepe,68,Male,Married,3,Diploma,KwaZulu-Natal,Self-Employed,31300.0,LSM 7-8,15900.0,6.9,33,777.2,9,5,1,Branch-Preferred,1,1,0,1,0,1,4,717,0.354,9999,Low
CUST-00482,Nozipho,Govender,40,Female,Single,0,Diploma,Mpumalanga,Employed,20700.0,LSM 7-8,11300.0,7.7,29,50.0,14,7,1,Digital-Preferred,1,1,0,1,0,0,3,656,0.355,31,Low
CUST-00483,Nkosinathi,Khumalo,52,Male,Married,0,Degree,Eastern Cape,Employed,49900.0,Affluent,29100.0,11.2,56,722.05,3,4,2,Branch-Preferred,1,1,1,0,0,1,4,678,0.3,9999,Low
CUST-00484,Shenay,Smith,35,Female,Single,1,Diploma,Eastern Cape,Student,1937.47,LSM 1-4,1700.0,3.9,16,442.87,8,7,4,Branch-Preferred,1,0,0,0,0,0,1,476,0.0,461,Medium
CUST-00485,Kefilwe,Mthethwa,31,Female,Single,0,Matric,Eastern Cape,Employed,9000.0,LSM 5-6,6200.0,4.4,3,1707.45,28,2,2,Digital-Preferred,1,0,0,0,0,0,1,540,0.0,9999,Medium
CUST-00486,Tayla,Mthethwa,30,Female,Single,0,Matric,Western Cape,Employed,13200.0,LSM 5-6,7100.0,4.7,20,261.55,15,2,1,Digital-Preferred,1,0,1,1,0,0,3,583,0.285,443,Low
CUST-00487,Siphokazi,Daniels,51,Female,Married,2,Degree,Gauteng,Employed,42800.0,Affluent,27600.0,11.1,48,405.09,23,4,2,Digital-Preferred,1,1,1,1,0,1,5,706,0.344,48,Low
CUST-00488,Nokwanda,du Plessis,58,Female,Married,4,Matric,Gauteng,Employed,16200.0,LSM 5-6,11200.0,5.9,22,703.87,14,5,1,Digital-Preferred,1,1,0,1,0,0,3,608,0.501,303,Medium
CUST-00489,Lindiwe,Dlamini,63,Female,Married,1,Matric,Gauteng,Unemployed,1316.97,LSM 1-4,1400.0,4.2,13,50.0,0,6,4,Branch-Preferred,0,1,0,0,0,0,1,500,0.661,638,High
CUST-00490,Vusi,Joubert,49,Male,Married,2,Matric,Gauteng,Unemployed,1318.66,LSM 1-4,1400.0,6.3,7,109.09,10,4,3,Branch-Preferred,0,0,0,0,0,0,0,565,0.0,24,Medium
CUST-00491,Vusi,Naidoo,58,Male,Married,0,Matric,KwaZulu-Natal,Unemployed,1547.91,LSM 1-4,600.0,10.6,19,115.83,3,5,5,Branch-Preferred,1,0,0,0,0,0,1,465,0.0,607,High
CUST-00492,Arjun,Ngubane,42,Male,Married,1,Diploma,Limpopo,Employed,23100.0,LSM 7-8,13300.0,6.8,23,890.18,12,3,0,Digital-Preferred,1,1,0,1,1,0,4,691,0.283,2764,Low
CUST-00493,Musa,Mkhize,30,Male,Married,3,Diploma,Gauteng,Employed,22100.0,LSM 7-8,16500.0,5.7,29,556.64,25,1,3,Digital-Only,1,0,1,0,0,0,2,519,0.495,960,Low
CUST-00494,Thandi,Nkosi,42,Female,Married,1,Postgraduate,Gauteng,Employed,76800.0,Affluent,54500.0,15.9,65,744.31,23,2,3,Digital-Preferred,1,1,1,1,1,1,6,679,0.369,9999,Low
CUST-00495,Nozipho,Smith,30,Female,Married,3,Matric,Gauteng,Self-Employed,6800.0,LSM 1-4,5000.0,9.4,15,276.46,17,5,1,Digital-Preferred,1,0,0,1,0,0,2,615,0.388,450,Medium
CUST-00496,Liezel,Dlamini,72,Female,Married,1,Matric,KwaZulu-Natal,Retired,2589.17,LSM 1-4,2100.0,8.7,16,262.88,3,4,1,Branch-Preferred,1,0,0,0,0,0,1,581,0.0,158,High
CUST-00497,Mandla,Joubert,21,Male,Married,1,Matric,Gauteng,Unemployed,2965.6,LSM 1-4,2300.0,1.0,14,50.0,13,3,3,Digital-Preferred,1,0,0,0,0,0,1,499,0.0,129,Medium
CUST-00498,Shenay,Smith,29,Female,Married,2,Degree,Gauteng,Self-Employed,23600.0,LSM 7-8,16400.0,4.7,36,452.27,4,5,1,Branch-Preferred,1,0,0,0,0,0,1,573,0.0,106,High
CUST-00499,Dylan,Mokoena,44,Male,Married,1,Diploma,KwaZulu-Natal,Self-Employed,26800.0,LSM 7-8,17100.0,1.3,33,330.63,16,3,3,Digital-Preferred,1,1,1,1,1,0,5,554,0.425,240,Low
CUST-00500,Bongiwe,Mkhize,23,Female,Married,1,Diploma,Northern Cape,Employed,19900.0,LSM 5-6,10000.0,6.4,32,71.9,12,3,0,Digital-Preferred,1,0,1,1,1,0,4,655,0.325,9999,Low
CUST-00501,Liezel,Maharaj,40,Female,Single,0,Degree,KwaZulu-Natal,Employed,34500.0,LSM 7-8,17700.0,7.5,27,266.62,14,7,2,Digital-Preferred,1,1,1,1,1,0,5,642,0.532,61,Low
CUST-00502,Devan,Naidoo,52,Male,Married,0,Matric,Gauteng,Unemployed,1240.04,LSM 1-4,600.0,0.5,4,50.0,3,7,0,Branch-Preferred,0,0,0,0,0,0,0,634,0.0,547,Medium
CUST-00503,Kagiso,Dlamini,27,Male,Single,0,Matric,Western Cape,Retired,4518.03,LSM 1-4,2700.0,8.9,14,408.6,20,4,0,Digital-Preferred,1,0,0,0,0,0,1,658,0.0,2145,Medium
CUST-00504,Ruan,Joubert,22,Male,Single,0,Diploma,Gauteng,Employed,12600.0,LSM 5-6,8800.0,2.0,24,50.0,17,3,0,Digital-Preferred,1,0,0,1,0,0,2,548,0.726,9999,High
CUST-00505,Sandile,Dlamini,18,Male,Single,1,Matric,Western Cape,Unemployed,1227.21,LSM 1-4,1300.0,0.5,15,195.21,18,1,5,Digital-Preferred,1,0,0,0,0,0,1,417,0.0,78,High
CUST-00506,André,Sithole,28,Male,Married,1,Degree,KwaZulu-Natal,Employed,20200.0,LSM 7-8,10000.0,1.5,17,458.47,14,1,3,Digital-Preferred,1,0,0,1,1,0,3,524,0.598,9999,Medium
CUST-00507,Arjun,Ngubane,46,Male,Married,2,Diploma,North West,Self-Employed,14100.0,LSM 5-6,9500.0,7.4,26,152.71,13,4,2,Digital-Preferred,1,0,0,1,0,0,2,590,0.537,447,Medium
CUST-00508,Siyanda,Smith,53,Male,Divorced,1,Degree,North West,Unemployed,2463.23,LSM 1-4,2500.0,6.7,7,425.92,2,1,5,Passive,1,0,0,0,0,0,1,494,0.0,555,Medium
CUST-00509,Tebogo,February,59,Male,Married,0,Degree,Limpopo,Unemployed,1120.42,LSM 1-4,700.0,4.9,16,305.86,9,7,3,Branch-Preferred,1,0,0,0,0,0,1,571,0.0,237,Medium
CUST-00510,Sipho,Reddy,46,Male,Divorced,2,Degree,Gauteng,Employed,27900.0,LSM 7-8,20100.0,5.6,31,947.99,21,8,3,Digital-Preferred,1,1,1,1,0,1,5,571,0.365,830,Low
CUST-00511,Nomvula,Maharaj,43,Female,Married,6,Matric,Western Cape,Employed,11400.0,LSM 5-6,9500.0,13.6,16,650.49,14,2,2,Digital-Preferred,1,0,0,1,0,0,2,663,0.668,9999,Medium
CUST-00512,Thabo,Dlamini,30,Male,Married,2,Matric,KwaZulu-Natal,Unemployed,1432.55,LSM 1-4,1500.0,1.5,7,200.23,10,3,3,Passive,1,0,0,0,0,0,1,527,0.0,831,High
CUST-00513,Fatima,Mthembu,52,Female,Single,0,Matric,Limpopo,Unemployed,1915.51,LSM 1-4,1300.0,3.0,12,186.64,12,5,3,Digital-Preferred,0,0,0,0,0,0,0,540,0.0,589,Medium
CUST-00514,Dylan,Hendricks,31,Male,Single,0,Postgraduate,Gauteng,Self-Employed,46400.0,Affluent,21100.0,9.6,42,997.77,20,0,0,Digital-Preferred,1,1,0,1,1,1,5,677,0.357,9999,Low
CUST-00515,Vusi,Mthethwa,36,Male,Married,2,Postgraduate,Eastern Cape,Employed,46200.0,Affluent,31900.0,5.0,32,938.34,11,2,0,Digital-Preferred,1,1,1,0,1,1,5,746,0.233,9999,Low
CUST-00516,Marco,Pretorius,44,Male,Divorced,0,Degree,KwaZulu-Natal,Self-Employed,24000.0,LSM 7-8,14900.0,3.3,31,707.63,6,3,1,Passive,1,0,0,1,1,0,3,637,0.634,9999,Low
CUST-00517,Fatima,Reddy,50,Female,Single,1,Matric,Western Cape,Unemployed,423.17,LSM 1-4,400.0,8.4,20,50.0,16,3,6,Digital-Preferred,1,0,0,0,0,0,1,461,0.0,1390,Medium
CUST-00518,Devan,Mokoena,27,Male,Single,0,Matric,KwaZulu-Natal,Employed,12800.0,LSM 5-6,9200.0,7.3,25,201.87,24,3,1,Digital-Preferred,1,1,0,0,1,0,3,619,0.46,9999,Low
CUST-00519,Zara,Reddy,55,Female,Married,3,Degree,KwaZulu-Natal,Employed,30300.0,LSM 7-8,16600.0,8.5,33,856.81,13,2,0,Digital-Preferred,1,1,0,1,1,0,4,728,0.364,9999,Low
CUST-00520,Tebogo,Maharaj,41,Male,Married,4,No Matric,Eastern Cape,Unemployed,1892.93,LSM 1-4,2000.0,5.7,8,250.53,16,7,0,Digital-Preferred,1,0,0,0,0,0,1,664,0.0,9999,Medium
CUST-00521,Anika,Cele,26,Female,Married,2,Diploma,Eastern Cape,Employed,16200.0,LSM 5-6,11200.0,2.9,22,554.0,30,3,4,Digital-Preferred,1,0,0,0,0,0,1,474,0.0,255,High
CUST-00522,Ruan,Reddy,26,Male,Single,0,Matric,Gauteng,Unemployed,1812.39,LSM 1-4,1200.0,4.2,10,229.39,12,2,2,Digital-Preferred,1,0,0,0,0,0,1,510,0.0,1958,Medium
CUST-00523,Heinrich,Khumalo,40,Male,Married,2,Matric,Gauteng,Self-Employed,15000.0,LSM 5-6,10700.0,5.8,21,330.99,3,2,1,Passive,1,0,1,0,1,0,3,656,0.4,9999,Low
CUST-00524,Aaliya,Ngubane,30,Female,Married,3,Degree,Mpumalanga,Employed,8400.0,LSM 5-6,6600.0,8.1,23,199.3,21,4,2,Digital-Preferred,1,0,0,0,0,0,1,551,0.0,9999,Low
CUST-00525,Lungelo,Hendricks,40,Male,Married,1,Postgraduate,Western Cape,Employed,107400.0,High Net Worth,57400.0,13.3,81,580.23,23,1,0,Digital-Only,1,1,0,0,1,1,4,747,0.318,9999,Low
CUST-00526,Rayan,February,29,Male,Single,1,Degree,Eastern Cape,Retired,12423.59,LSM 5-6,8500.0,3.0,4,2191.44,12,3,2,Digital-Preferred,1,1,0,1,0,0,3,561,0.575,420,Medium
CUST-00527,Tayla,Mthembu,40,Female,Married,3,Matric,Western Cape,Unemployed,1862.27,LSM 1-4,2000.0,7.5,18,184.44,10,8,4,Branch-Preferred,1,0,0,0,0,0,1,497,0.0,43,High
CUST-00528,Lungelo,Govender,46,Male,Married,1,Matric,Eastern Cape,Unemployed,1044.48,LSM 1-4,1100.0,0.5,14,50.0,7,7,5,Branch-Preferred,1,0,0,0,0,0,1,457,0.0,43,High
CUST-00529,Vusi,Joubert,33,Male,Divorced,1,Degree,Eastern Cape,Self-Employed,70300.0,Affluent,34200.0,7.5,58,995.21,31,5,0,Digital-Preferred,1,1,1,1,1,1,6,738,0.337,3650,Low
CUST-00530,Marco,Pillay,44,Male,Married,2,Diploma,Gauteng,Employed,10300.0,LSM 5-6,6900.0,2.3,7,980.24,15,4,2,Digital-Preferred,1,1,0,1,0,0,3,569,0.61,9999,Low
CUST-00531,Sipho,Hendricks,29,Male,Divorced,0,Diploma,Western Cape,Retired,9326.28,LSM 5-6,6600.0,3.1,10,680.56,10,6,0,Branch-Preferred,1,0,0,1,0,0,2,626,0.469,9999,Medium
CUST-00532,Thandi,Mthembu,26,Female,Single,0,Degree,Western Cape,Employed,45800.0,Affluent,21400.0,10.0,35,880.13,27,0,0,Digital-Only,1,1,0,0,1,0,3,673,0.35,1936,Low
CUST-00533,Tayla,Adams,52,Female,Married,2,Matric,Gauteng,Self-Employed,10500.0,LSM 5-6,6600.0,1.3,12,375.01,13,8,0,Digital-Preferred,1,0,1,0,1,0,3,676,0.375,9999,Low
CUST-00534,Ayanda,Buthelezi,34,Female,Single,0,No Matric,Limpopo,Employed,4800.0,LSM 1-4,2800.0,2.9,9,206.94,19,3,4,Digital-Preferred,0,0,0,0,0,0,0,483,0.0,1027,High
CUST-00535,Priya,Khumalo,22,Male,Single,1,Degree,Gauteng,Employed,31000.0,LSM 7-8,19700.0,4.5,21,995.2,16,5,3,Digital-Preferred,1,1,0,1,0,1,4,563,0.42,377,Low
CUST-00536,Ashleigh,van der Berg,35,Female,Married,0,Diploma,Gauteng,Self-Employed,25100.0,LSM 7-8,12700.0,5.3,44,50.0,9,5,1,Branch-Preferred,1,1,0,0,1,0,3,620,0.33,257,Low
CUST-00537,Cleo,Dlamini,28,Female,Single,0,Matric,Limpopo,Employed,11600.0,LSM 5-6,7400.0,6.2,30,199.18,7,3,5,Passive,1,0,1,1,0,0,3,478,0.573,516,Medium
CUST-00538,Musa,Naidoo,38,Male,Single,0,Matric,Mpumalanga,Unemployed,1441.77,LSM 1-4,900.0,9.4,13,479.41,5,6,0,Branch-Preferred,0,1,0,0,0,0,1,668,0.487,3018,High
CUST-00539,Nandi,Joubert,18,Female,Single,0,Postgraduate,Gauteng,Unemployed,1388.63,LSM 1-4,900.0,2.0,11,447.62,17,2,0,Digital-Preferred,1,0,0,0,0,0,1,607,0.0,9999,Medium
CUST-00540,Siphokazi,Pretorius,27,Female,Married,0,Diploma,Eastern Cape,Employed,11100.0,LSM 5-6,6900.0,4.1,32,395.07,20,1,0,Digital-Preferred,0,0,0,0,0,0,0,627,0.0,548,Medium
CUST-00541,Siphokazi,Nkosi,21,Female,Single,0,Diploma,Gauteng,Employed,20700.0,LSM 7-8,10100.0,2.1,37,509.52,33,3,0,Digital-Preferred,1,0,1,1,0,1,4,627,0.427,9999,Low
CUST-00542,Pieter,Adams,27,Male,Married,2,No Matric,Limpopo,Unemployed,1660.22,LSM 1-4,1700.0,6.7,5,438.68,11,5,1,Digital-Preferred,1,0,0,0,0,0,1,561,0.0,9999,Medium
CUST-00543,Marco,Nkosi,33,Male,Married,0,Postgraduate,KwaZulu-Natal,Employed,59500.0,Affluent,38600.0,10.4,52,656.0,21,3,0,Digital-Preferred,1,0,1,1,1,0,4,728,0.32,9999,Low
CUST-00544,Samantha,Cele,57,Female,Married,0,Degree,Limpopo,Self-Employed,70200.0,Affluent,38000.0,9.7,55,1019.62,19,3,1,Digital-Preferred,1,1,0,1,1,1,5,731,0.271,943,Low
CUST-00545,Jade,Sithole,30,Female,Single,2,Diploma,KwaZulu-Natal,Employed,18100.0,LSM 5-6,11600.0,7.3,20,390.24,25,3,3,Digital-Preferred,1,1,0,1,1,0,4,535,0.443,1626,Low
CUST-00546,Lungelo,Reddy,31,Male,Married,2,Matric,KwaZulu-Natal,Employed,12100.0,LSM 5-6,7900.0,6.9,17,658.4,18,3,6,Digital-Preferred,1,1,0,1,0,0,3,466,0.543,162,Low
CUST-00547,Sandile,Sithole,33,Male,Married,2,Degree,Mpumalanga,Employed,36800.0,LSM 7-8,24600.0,7.2,34,621.69,31,2,4,Digital-Preferred,1,1,1,0,1,0,4,548,0.542,1536,Low
CUST-00548,Zara,Daniels,25,Female,Married,1,Degree,Gauteng,Employed,25900.0,LSM 7-8,15700.0,2.7,29,451.58,20,0,5,Digital-Preferred,1,1,0,0,0,0,2,448,0.621,613,High
CUST-00549,Pieter,Williams,36,Male,Married,2,Degree,Gauteng,Employed,34500.0,LSM 7-8,24400.0,9.5,35,804.88,21,3,1,Digital-Preferred,1,1,1,0,1,0,4,669,0.472,1574,Low
CUST-00550,Mandla,Hendricks,35,Male,Married,3,Postgraduate,KwaZulu-Natal,Employed,55900.0,Affluent,28300.0,9.6,59,886.46,8,3,0,Passive,1,1,1,1,1,1,6,751,0.243,9999,Low
CUST-00551,Lerato,Nkosi,34,Female,Single,0,Diploma,Eastern Cape,Employed,21100.0,LSM 7-8,12400.0,0.5,18,974.62,12,7,0,Digital-Preferred,1,1,0,0,1,0,3,673,0.415,9999,Low
CUST-00552,Lungelo,Hendricks,48,Male,Divorced,0,Matric,Gauteng,Unemployed,864.59,LSM 1-4,400.0,2.6,18,89.97,14,5,0,Digital-Preferred,1,0,0,0,0,0,1,634,0.0,9999,Medium
CUST-00553,Sandile,Nxumalo,45,Male,Married,1,Matric,Western Cape,Employed,9800.0,LSM 5-6,5000.0,4.2,8,637.57,9,5,1,Branch-Preferred,1,1,0,1,0,0,3,620,0.281,9999,Low
CUST-00554,Vusi,Brown,44,Male,Married,3,Degree,KwaZulu-Natal,Employed,21000.0,LSM 7-8,16600.0,5.8,26,794.76,12,6,0,Digital-Preferred,1,1,0,0,0,0,2,682,0.344,9999,Medium
CUST-00555,Nandi,February,31,Female,Married,4,Matric,Eastern Cape,Employed,8500.0,LSM 5-6,8000.0,9.2,24,606.37,10,4,5,Branch-Preferred,1,0,0,0,0,0,1,440,0.0,684,High
CUST-00556,Pieter,Mthembu,30,Male,Married,2,Matric,North West,Employed,9000.0,LSM 5-6,6400.0,14.0,21,50.0,21,4,3,Digital-Preferred,1,0,0,0,0,0,1,588,0.0,9999,Low
CUST-00557,Kefilwe,Ndlovu,29,Female,Married,3,Degree,KwaZulu-Natal,Employed,55200.0,Affluent,26000.0,0.5,44,565.51,13,2,1,Digital-Preferred,1,1,1,0,0,1,4,588,0.448,9999,Low
CUST-00558,Nozipho,Reddy,58,Female,Single,1,Matric,Western Cape,Unemployed,672.74,LSM 1-4,700.0,6.0,13,50.0,7,5,5,Branch-Preferred,1,0,0,0,0,0,1,449,0.0,755,High
CUST-00559,Megan,Zulu,24,Female,Single,2,Degree,KwaZulu-Natal,Employed,34000.0,LSM 7-8,25400.0,4.2,46,508.44,16,0,1,Digital-Preferred,1,0,1,0,1,0,3,649,0.445,1339,Low
CUST-00560,Nandi,Jacobs,26,Female,Married,2,Matric,Gauteng,Unemployed,1315.65,LSM 1-4,1400.0,4.5,6,50.0,16,5,1,Digital-Preferred,1,0,0,0,0,0,1,525,0.0,9999,High
CUST-00561,Palesa,du Plessis,31,Female,Single,0,Matric,Limpopo,Employed,8500.0,LSM 5-6,4100.0,7.2,20,50.0,13,3,2,Digital-Preferred,1,1,0,0,0,0,2,609,0.467,9999,High
CUST-00562,Heinrich,Joubert,50,Male,Single,0,Matric,Mpumalanga,Employed,9800.0,LSM 5-6,7300.0,6.1,24,50.0,3,6,3,Branch-Preferred,0,0,0,0,0,0,0,588,0.0,570,Medium
CUST-00563,Liezel,Johnson,63,Female,Widowed,0,Diploma,Mpumalanga,Employed,32000.0,LSM 7-8,18000.0,6.0,28,532.16,15,3,3,Digital-Preferred,1,1,1,0,0,1,4,606,0.529,980,Low
CUST-00564,Chanel,Nxumalo,27,Female,Single,0,Degree,North West,Self-Employed,40400.0,Affluent,19400.0,5.6,51,497.7,15,1,3,Digital-Preferred,1,1,1,1,1,1,6,596,0.519,9999,Low
CUST-00565,Nozipho,du Plessis,37,Female,Married,1,Diploma,KwaZulu-Natal,Retired,10776.56,LSM 5-6,5800.0,7.4,34,50.0,8,4,1,Branch-Preferred,1,0,0,0,1,0,2,583,0.58,2158,Medium
CUST-00566,Priya,February,36,Male,Single,1,Diploma,Eastern Cape,Employed,25200.0,LSM 7-8,16900.0,8.1,36,296.3,8,9,4,Branch-Preferred,1,1,0,0,0,0,2,517,0.71,1650,High
CUST-00567,Tebogo,Dlamini,52,Male,Married,3,No Matric,Gauteng,Student,2232.17,LSM 1-4,2300.0,5.7,20,194.14,22,1,5,Digital-Only,1,0,0,0,0,0,1,491,0.0,3650,Medium
CUST-00568,Jade,Khumalo,54,Female,Married,0,Diploma,Free State,Employed,23500.0,LSM 7-8,10600.0,4.8,12,940.69,9,3,2,Passive,1,0,0,1,0,1,3,621,0.357,651,Medium
CUST-00569,Vusi,Zulu,35,Male,Married,2,Postgraduate,Western Cape,Employed,62000.0,Affluent,29400.0,17.6,41,1057.51,27,1,0,Digital-Only,1,1,1,1,1,1,6,783,0.399,9999,Low
CUST-00570,Nandi,Mokoena,33,Female,Single,0,Degree,KwaZulu-Natal,Employed,40700.0,Affluent,27900.0,8.8,36,961.94,12,4,4,Digital-Preferred,1,1,1,0,1,0,4,563,0.75,1620,Low
CUST-00571,Sbusiso,Zulu,23,Male,Single,0,Matric,Limpopo,Employed,7300.0,LSM 1-4,3800.0,5.8,10,174.82,10,4,2,Branch-Preferred,1,1,0,0,1,0,3,565,0.363,968,Low
CUST-00572,Nandi,Khumalo,31,Female,Single,0,Diploma,Western Cape,Employed,28300.0,LSM 7-8,18700.0,5.4,34,415.89,13,4,2,Digital-Preferred,1,1,1,1,1,0,5,574,0.452,341,Low
CUST-00573,Kavitha,Smith,64,Female,Single,0,Matric,North West,Employed,8700.0,LSM 5-6,5100.0,6.1,3,1849.3,5,5,2,Branch-Preferred,1,0,0,0,0,0,1,603,0.0,9999,Medium
CUST-00574,Musa,van der Berg,26,Male,Married,1,No Matric,Limpopo,Unemployed,2493.54,LSM 1-4,2300.0,5.5,17,50.0,7,4,3,Branch-Preferred,1,0,0,0,0,0,1,485,0.0,158,Medium
CUST-00575,Lungelo,Motsepe,49,Male,Single,0,Matric,Mpumalanga,Employed,13900.0,LSM 5-6,8600.0,0.5,18,412.91,22,2,3,Digital-Preferred,1,0,0,1,0,0,2,529,0.565,880,Medium
CUST-00576,Liezel,Mthethwa,23,Female,Single,0,Matric,Western Cape,Unemployed,2227.75,LSM 1-4,1200.0,1.4,7,50.0,7,1,2,Passive,0,0,0,0,0,0,0,550,0.0,199,Medium
CUST-00577,Nkosinathi,February,40,Male,Married,2,Matric,Western Cape,Employed,12100.0,LSM 5-6,7900.0,3.6,33,50.0,5,3,2,Passive,1,0,0,0,0,0,1,527,0.0,702,High
CUST-00578,Lungelo,Botha,39,Male,Single,0,Degree,Limpopo,Unemployed,376.32,LSM 1-4,300.0,3.2,8,289.38,9,7,1,Branch-Preferred,0,0,0,0,0,0,0,579,0.0,9999,Medium
CUST-00579,Jade,van der Berg,30,Female,Single,1,Matric,Gauteng,Employed,10300.0,LSM 5-6,7800.0,2.5,4,1983.44,15,4,3,Digital-Preferred,1,0,0,0,0,0,1,531,0.0,720,High
CUST-00580,Sandile,Williams,34,Male,Single,0,Degree,Gauteng,Employed,33900.0,LSM 7-8,19900.0,7.4,36,426.98,16,3,1,Digital-Preferred,1,0,1,0,1,0,3,658,0.404,9999,Low
CUST-00581,Chanel,Nkosi,40,Female,Divorced,3,Postgraduate,Free State,Employed,54600.0,Affluent,40600.0,12.8,49,730.87,14,4,3,Digital-Preferred,1,1,1,1,0,1,5,645,0.312,960,Low
CUST-00582,Tebogo,Botha,25,Male,Single,0,Diploma,North West,Employed,22500.0,LSM 7-8,13800.0,4.9,24,918.06,8,2,0,Passive,1,1,0,0,0,0,2,618,0.361,9999,Low
CUST-00583,Mandla,Adams,30,Male,Single,0,Diploma,Free State,Employed,11700.0,LSM 5-6,5600.0,2.2,37,50.0,12,6,1,Digital-Preferred,1,0,0,0,0,0,1,612,0.0,3120,Medium
CUST-00584,Siphokazi,Pretorius,25,Female,Married,1,Degree,Gauteng,Employed,26500.0,LSM 7-8,17300.0,1.4,29,691.22,15,4,3,Digital-Preferred,1,1,0,1,1,0,4,501,0.594,479,Low
CUST-00585,Siyanda,Johnson,36,Male,Single,1,Matric,KwaZulu-Natal,Employed,7400.0,LSM 1-4,5400.0,4.4,23,409.07,19,0,1,Digital-Preferred,1,0,0,0,1,0,2,621,0.451,519,Low
CUST-00586,Jason,Brown,59,Male,Married,1,Matric,North West,Self-Employed,18500.0,LSM 5-6,9600.0,2.0,25,672.99,6,1,0,Passive,1,1,0,1,0,0,3,670,0.402,9999,Low
CUST-00587,Lerato,Mokoena,50,Female,Married,1,Matric,Gauteng,Student,415.85,LSM 1-4,400.0,5.9,20,50.0,3,5,1,Branch-Preferred,0,0,0,1,0,0,1,600,0.669,1211,Medium
CUST-00588,Chanel,Daniels,26,Female,Married,3,Degree,KwaZulu-Natal,Employed,28600.0,LSM 7-8,18700.0,9.1,26,439.34,23,3,3,Digital-Preferred,0,1,0,0,1,0,2,547,0.427,9999,Medium
CUST-00589,Liezel,Cele,53,Female,Divorced,3,Degree,KwaZulu-Natal,Employed,50300.0,Affluent,34700.0,6.6,35,770.69,23,1,3,Digital-Only,1,1,1,1,1,1,6,674,0.584,2154,Low
CUST-00590,Nandi,Cele,56,Female,Married,3,Degree,Mpumalanga,Employed,50500.0,Affluent,32100.0,8.6,50,788.21,11,6,2,Digital-Preferred,1,1,0,1,0,1,4,629,0.582,9999,Low
CUST-00591,Johan,February,41,Male,Married,1,Diploma,Western Cape,Employed,14700.0,LSM 5-6,9500.0,4.7,22,830.2,16,1,0,Digital-Preferred,1,1,1,0,0,0,3,617,0.31,1553,Low
CUST-00592,Pieter,Dlamini,33,Male,Married,5,Diploma,KwaZulu-Natal,Employed,20700.0,LSM 7-8,12100.0,4.5,30,556.49,5,1,3,Passive,1,1,0,1,1,0,4,539,0.419,249,Low
CUST-00593,Lindiwe,Motsepe,42,Female,Single,0,Degree,Western Cape,Self-Employed,57800.0,Affluent,33200.0,9.4,44,622.65,3,1,0,Passive,1,0,1,1,1,1,5,741,0.259,9999,Low
CUST-00594,Shenay,Naidoo,22,Female,Single,0,Degree,Gauteng,Employed,29300.0,LSM 7-8,21200.0,1.0,33,879.99,18,3,0,Digital-Preferred,1,1,0,1,0,0,3,659,0.349,728,Low
CUST-00595,Nokwanda,Mthethwa,33,Female,Married,2,Diploma,Limpopo,Employed,0.0,LSM 1-4,0.0,2.6,3,50.0,10,5,0,Branch-Preferred,0,0,0,0,0,0,0,605,0.0,9999,High
CUST-00596,Nhlanhla,Smith,41,Male,Married,2,Postgraduate,Eastern Cape,Employed,83500.0,High Net Worth,43200.0,5.7,62,530.43,18,2,0,Digital-Preferred,1,1,1,1,1,1,6,695,0.371,1183,Low
CUST-00597,Mandla,Cele,28,Male,Married,3,Degree,Eastern Cape,Employed,27600.0,LSM 7-8,18600.0,6.2,23,742.41,12,8,2,Digital-Preferred,1,1,0,0,1,0,3,590,0.537,2192,Low
CUST-00598,Nhlanhla,du Plessis,36,Male,Single,0,Diploma,KwaZulu-Natal,Employed,16500.0,LSM 5-6,10700.0,9.3,25,311.78,15,5,1,Digital-Preferred,1,1,0,1,0,0,3,664,0.409,9999,Low
CUST-00599,Lindiwe,Zulu,30,Female,Married,2,No Matric,KwaZulu-Natal,Retired,1325.29,LSM 1-4,1400.0,7.2,7,59.62,13,6,5,Digital-Preferred,0,0,0,0,0,0,0,457,0.0,1711,High
CUST-00600,Fatima,Nxumalo,60,Female,Married,4,No Matric,Gauteng,Self-Employed,6500.0,LSM 1-4,6200.0,9.9,3,2311.02,21,3,4,Digital-Preferred,1,0,0,0,0,0,1,554,0.0,653,Medium
CUST-00601,Vusi,Khumalo,35,Male,Married,2,Degree,North West,Employed,40200.0,Affluent,27000.0,5.7,32,740.6,21,3,1,Digital-Preferred,1,1,0,0,1,1,4,600,0.504,1870,Low
CUST-00602,Thabo,Adams,64,Male,Married,0,No Matric,KwaZulu-Natal,Retired,3741.93,LSM 1-4,2300.0,7.8,17,50.0,4,3,0,Passive,1,0,0,0,0,0,1,635,0.0,9999,Low
CUST-00603,Sipho,Mkhize,39,Male,Single,1,Diploma,Western Cape,Self-Employed,19800.0,LSM 5-6,12800.0,3.0,24,650.51,6,3,0,Passive,1,1,0,0,0,1,3,649,0.403,9999,Low
CUST-00604,Pieter,Govender,28,Male,Married,3,Diploma,KwaZulu-Natal,Self-Employed,22000.0,LSM 7-8,14600.0,8.1,19,577.49,21,4,2,Digital-Preferred,1,1,0,0,1,0,3,622,0.48,9999,Low
CUST-00605,Kavitha,Mokoena,28,Female,Single,0,Degree,Free State,Self-Employed,42200.0,Affluent,21700.0,10.9,45,297.74,12,4,0,Digital-Preferred,1,1,1,0,1,1,5,687,0.485,9999,Low
CUST-00606,Liezel,Joubert,41,Female,Married,3,Degree,Limpopo,Employed,41700.0,Affluent,29800.0,9.3,50,736.25,9,1,1,Passive,1,1,1,0,0,1,4,680,0.209,9999,Low
CUST-00607,Priya,Johnson,40,Male,Divorced,1,Degree,Gauteng,Employed,38700.0,LSM 7-8,19200.0,12.6,43,301.43,18,2,1,Digital-Preferred,1,1,1,0,1,0,4,692,0.323,371,Low
CUST-00608,Zara,Johnson,34,Female,Married,1,Diploma,Eastern Cape,Self-Employed,29800.0,LSM 7-8,14600.0,5.2,11,1236.7,11,3,0,Digital-Preferred,1,1,1,0,1,1,5,653,0.399,9999,Low
CUST-00609,Megan,Dlamini,21,Female,Single,0,Matric,Western Cape,Unemployed,52.39,LSM 1-4,100.0,2.1,12,50.0,13,9,0,Digital-Preferred,0,0,0,0,0,0,0,566,0.0,46,High
CUST-00610,Jason,Hendricks,35,Male,Single,0,Degree,Limpopo,Employed,48900.0,Affluent,24300.0,5.5,41,535.41,20,3,1,Digital-Preferred,1,1,1,1,1,1,6,667,0.341,1492,Low
CUST-00611,Marco,Jacobs,25,Male,Single,0,Matric,Northern Cape,Employed,8900.0,LSM 5-6,5500.0,4.6,3,1747.49,17,3,3,Digital-Preferred,1,0,0,1,0,0,2,510,0.581,9999,High
CUST-00612,Aaliya,Govender,33,Female,Single,1,Diploma,Limpopo,Unemployed,1175.25,LSM 1-4,1200.0,5.9,3,50.0,13,4,7,Digital-Preferred,1,1,0,0,0,0,2,413,0.879,434,High
CUST-00613,Vusi,Mkhize,23,Male,Single,0,Postgraduate,Mpumalanga,Employed,17100.0,LSM 5-6,12700.0,3.6,28,419.0,22,5,1,Digital-Preferred,1,0,0,1,0,0,2,576,0.48,9999,Medium
CUST-00614,Anika,Govender,34,Female,Single,0,Diploma,Western Cape,Employed,4100.0,LSM 1-4,2300.0,3.9,14,486.98,17,3,0,Digital-Preferred,0,0,0,1,0,0,1,645,0.569,2431,Medium
CUST-00615,Priya,Naidoo,27,Female,Single,1,Diploma,KwaZulu-Natal,Employed,10700.0,LSM 5-6,9000.0,4.0,18,625.93,3,5,1,Branch-Preferred,1,1,0,0,0,0,2,582,0.426,41,High
CUST-00616,Tebogo,Govender,24,Male,Single,0,Diploma,Eastern Cape,Employed,18900.0,LSM 5-6,12000.0,5.0,17,630.78,8,3,1,Passive,1,1,1,0,0,0,3,605,0.507,840,Low
CUST-00617,Rayan,Mthethwa,49,Male,Single,0,Degree,Limpopo,Employed,56800.0,Affluent,41400.0,8.3,57,820.35,4,5,0,Branch-Preferred,1,1,1,0,0,1,4,747,0.33,9999,Low
CUST-00618,Chanel,Pretorius,33,Female,Married,3,Diploma,Gauteng,Employed,19300.0,LSM 5-6,12600.0,2.8,13,1094.7,24,2,1,Digital-Preferred,1,1,0,0,1,0,3,605,0.484,776,Low
CUST-00619,Ruan,Govender,28,Male,Married,2,Diploma,Western Cape,Self-Employed,8200.0,LSM 5-6,4800.0,0.5,8,431.59,12,7,4,Digital-Preferred,1,0,0,1,0,0,2,457,0.665,9999,High
CUST-00620,Jade,van der Berg,66,Female,Married,0,No Matric,Gauteng,Unemployed,451.38,LSM 1-4,300.0,3.2,8,288.93,11,4,1,Digital-Preferred,1,0,0,0,0,0,1,607,0.0,9999,Medium
CUST-00621,Shenay,Hendricks,29,Female,Married,0,Diploma,Gauteng,Employed,29400.0,LSM 7-8,14000.0,2.4,17,856.14,23,6,0,Digital-Preferred,1,1,1,1,0,0,4,671,0.289,2048,Low
CUST-00622,Ashleigh,Maharaj,32,Female,Single,1,Matric,Mpumalanga,Employed,15800.0,LSM 5-6,10100.0,3.5,13,714.46,13,5,4,Digital-Preferred,1,1,0,0,0,0,2,502,0.66,2347,Medium
CUST-00623,Samantha,Ngubane,33,Female,Single,0,Diploma,Gauteng,Employed,30300.0,LSM 7-8,15800.0,5.8,39,723.22,18,1,0,Digital-Preferred,1,1,1,0,1,0,4,619,0.566,2576,Low
CUST-00624,Tayla,Pillay,28,Female,Married,4,Degree,Mpumalanga,Self-Employed,49500.0,Affluent,37400.0,5.6,36,625.22,29,0,5,Digital-Only,1,1,1,0,1,0,4,484,0.603,456,Low
CUST-00625,Kefilwe,Adams,34,Female,Single,1,No Matric,KwaZulu-Natal,Self-Employed,6500.0,LSM 1-4,5500.0,3.4,21,50.0,7,5,5,Branch-Preferred,1,0,0,0,0,0,1,429,0.0,678,High
CUST-00626,Tebogo,Botha,28,Male,Single,1,Diploma,Eastern Cape,Employed,12700.0,LSM 5-6,7000.0,12.0,24,419.99,19,4,2,Digital-Preferred,1,1,0,1,1,0,4,629,0.365,9999,Low
CUST-00627,Nkosinathi,Maharaj,29,Male,Married,2,Matric,North West,Employed,5100.0,LSM 1-4,4000.0,1.6,12,468.15,17,7,6,Digital-Preferred,0,1,0,0,0,0,1,347,0.885,284,Medium
CUST-00628,Priya,Zulu,40,Male,Single,0,Matric,Limpopo,Employed,9000.0,LSM 5-6,4900.0,9.2,5,1309.36,3,6,4,Branch-Preferred,1,1,0,0,0,0,2,537,0.583,971,Medium
CUST-00629,Luca,Sithole,25,Male,Married,3,No Matric,Mpumalanga,Employed,3100.0,LSM 1-4,3300.0,4.0,13,50.0,12,7,1,Digital-Preferred,1,0,0,1,0,0,2,598,0.469,9999,Low
CUST-00630,Marco,Reddy,18,Male,Single,0,Matric,KwaZulu-Natal,Student,2075.36,LSM 1-4,1100.0,0.5,3,538.41,13,2,3,Digital-Preferred,1,0,0,0,0,0,1,492,0.0,426,Medium
CUST-00631,Rayan,Brown,41,Male,Single,0,Postgraduate,KwaZulu-Natal,Employed,67500.0,Affluent,38600.0,11.3,51,507.79,15,1,1,Digital-Preferred,1,1,1,1,1,1,6,716,0.362,2991,Low
CUST-00632,Rayan,Naidoo,47,Male,Married,1,Postgraduate,Limpopo,Employed,89200.0,High Net Worth,61500.0,9.6,71,949.98,21,3,3,Digital-Preferred,1,1,1,0,1,1,5,615,0.525,513,Low
CUST-00633,Kyle,Govender,49,Male,Married,2,Diploma,Limpopo,Unemployed,1666.85,LSM 1-4,1800.0,2.7,18,87.0,7,4,4,Branch-Preferred,1,0,0,0,0,0,1,492,0.0,1961,Medium
CUST-00634,Rayan,Mokoena,20,Male,Single,0,Diploma,Limpopo,Self-Employed,15100.0,LSM 5-6,10600.0,4.0,19,727.87,34,2,3,Digital-Preferred,1,0,0,0,0,0,1,542,0.0,459,Medium
CUST-00635,Thandi,Reddy,30,Female,Married,1,Degree,Limpopo,Employed,46200.0,Affluent,28600.0,0.5,36,747.37,19,4,1,Digital-Preferred,1,1,1,0,1,1,5,610,0.443,1596,Low
CUST-00636,Anika,Motsepe,30,Female,Single,0,Degree,Gauteng,Employed,49100.0,Affluent,29900.0,6.3,37,1010.31,15,3,1,Digital-Preferred,1,1,1,0,1,0,4,703,0.463,9999,Low
CUST-00637,Bongiwe,Nkosi,30,Female,Married,2,Diploma,KwaZulu-Natal,Retired,13031.07,LSM 5-6,9000.0,6.4,15,434.38,17,8,0,Digital-Preferred,1,0,0,1,0,0,2,664,0.282,9999,Low
CUST-00638,Kavitha,Cele,47,Female,Single,0,No Matric,North West,Employed,4600.0,LSM 1-4,2600.0,9.5,18,128.16,23,1,0,Digital-Only,1,1,0,0,0,0,2,675,0.188,9999,Low
CUST-00639,Kavitha,Pillay,35,Female,Single,0,Degree,Western Cape,Employed,43000.0,Affluent,23500.0,6.7,41,611.73,18,1,1,Digital-Preferred,1,1,1,1,1,0,5,667,0.449,448,Low
CUST-00640,Kefilwe,Jacobs,35,Female,Married,5,Postgraduate,Limpopo,Self-Employed,87000.0,High Net Worth,45900.0,17.5,68,1010.34,18,2,1,Digital-Preferred,1,1,0,1,0,0,3,738,0.215,9999,Low
CUST-00641,Nkosinathi,Botha,55,Male,Married,1,Matric,Eastern Cape,Unemployed,705.95,LSM 1-4,700.0,7.3,16,210.34,19,2,4,Digital-Preferred,1,1,0,0,0,0,2,518,0.657,189,Medium
CUST-00642,Lindiwe,Johnson,49,Female,Married,2,Matric,North West,Student,2570.93,LSM 1-4,2700.0,0.5,12,265.87,12,5,4,Digital-Preferred,0,0,0,1,0,0,1,477,0.631,1375,High
CUST-00643,Nkosinathi,Hendricks,40,Male,Married,1,Matric,Mpumalanga,Employed,5400.0,LSM 1-4,3400.0,1.0,3,1261.29,12,3,1,Digital-Preferred,1,0,0,0,0,0,1,633,0.0,380,Medium
CUST-00644,Tayla,Joubert,33,Female,Single,1,Diploma,KwaZulu-Natal,Retired,5698.13,LSM 1-4,4000.0,6.1,5,1017.23,20,3,1,Digital-Preferred,1,1,0,0,0,0,2,644,0.504,9999,Low
CUST-00645,Kavitha,Daniels,29,Female,Single,0,Degree,Mpumalanga,Employed,27200.0,LSM 7-8,14700.0,3.1,33,520.36,9,5,0,Branch-Preferred,1,0,0,1,0,0,2,626,0.434,9999,Medium
CUST-00646,Kyle,Sithole,31,Male,Married,3,Matric,KwaZulu-Natal,Unemployed,931.11,LSM 1-4,1000.0,6.7,3,128.28,7,0,5,Passive,0,0,0,0,0,0,0,428,0.0,1504,High
CUST-00647,Ashleigh,van der Berg,35,Female,Married,1,Postgraduate,KwaZulu-Natal,Self-Employed,112200.0,High Net Worth,62600.0,8.1,82,889.09,10,4,4,Branch-Preferred,1,1,1,0,0,1,4,562,0.471,312,Low
CUST-00648,Luca,Adams,21,Male,Single,1,Degree,Mpumalanga,Employed,27000.0,LSM 7-8,15000.0,0.5,27,549.89,30,2,0,Digital-Preferred,1,1,0,0,1,0,3,672,0.262,9999,Low
CUST-00649,Tebogo,Naidoo,52,Male,Married,1,No Matric,KwaZulu-Natal,Employed,6500.0,LSM 1-4,3400.0,2.5,6,496.07,3,4,1,Branch-Preferred,0,0,0,0,1,0,1,635,0.379,9999,Medium
CUST-00650,Mandla,Pretorius,29,Male,Single,0,Degree,KwaZulu-Natal,Employed,50300.0,Affluent,23300.0,9.1,30,619.62,18,2,0,Digital-Preferred,1,1,1,1,1,1,6,744,0.281,9999,Low
CUST-00651,Thabo,Mthethwa,43,Male,Divorced,0,Degree,Eastern Cape,Self-Employed,23300.0,LSM 7-8,11400.0,0.5,16,828.37,12,1,1,Digital-Preferred,1,1,1,0,0,0,3,600,0.377,487,Low
CUST-00652,Bongani,February,30,Male,Married,1,Diploma,Northern Cape,Employed,22700.0,LSM 7-8,10500.0,9.6,11,1056.95,20,6,0,Digital-Preferred,1,0,0,1,0,0,2,651,0.316,190,Low
CUST-00653,Nozipho,Mthembu,42,Female,Married,3,Matric,Gauteng,Unemployed,2446.42,LSM 1-4,2600.0,8.4,17,50.0,4,5,4,Branch-Preferred,1,0,0,0,0,0,1,494,0.0,9999,Medium
CUST-00654,Kefilwe,Nkosi,25,Female,Single,0,Degree,Eastern Cape,Employed,28100.0,LSM 7-8,15800.0,3.5,32,272.53,9,2,2,Passive,1,0,1,1,1,0,4,499,0.552,820,Low
CUST-00655,Sipho,Botha,49,Male,Divorced,2,Matric,Western Cape,Employed,11900.0,LSM 5-6,7600.0,1.6,12,1011.66,7,4,0,Branch-Preferred,1,0,0,0,0,0,1,618,0.0,9999,Medium
CUST-00656,Jade,Nkosi,33,Female,Married,3,Matric,KwaZulu-Natal,Employed,7400.0,LSM 1-4,6200.0,7.2,4,1722.13,13,1,3,Digital-Preferred,1,0,1,0,0,0,2,551,0.631,329,High
CUST-00657,Ruan,Mokoena,26,Male,Single,1,Matric,Limpopo,Retired,3684.84,LSM 1-4,2800.0,3.5,22,144.62,13,5,3,Digital-Preferred,1,0,0,0,0,0,1,510,0.0,778,High
CUST-00658,Heinrich,Joubert,33,Male,Single,0,Matric,Western Cape,Employed,9100.0,LSM 5-6,4200.0,1.1,20,331.25,8,3,1,Passive,1,0,1,0,1,0,3,577,0.47,1092,Low
CUST-00659,Kavitha,Sithole,39,Female,Married,1,Degree,Limpopo,Employed,45500.0,Affluent,29100.0,13.8,35,737.88,25,3,3,Digital-Preferred,1,1,0,0,0,1,3,635,0.52,46,Low
CUST-00660,Samantha,Mkhize,30,Female,Married,2,Matric,Limpopo,Employed,12700.0,LSM 5-6,8400.0,3.2,28,265.52,13,1,3,Digital-Preferred,1,0,0,0,0,0,1,498,0.0,683,High
CUST-00661,Siyanda,Buthelezi,39,Male,Married,3,Diploma,Free State,Retired,10607.53,LSM 5-6,7400.0,1.3,18,415.4,6,6,4,Branch-Preferred,1,0,0,1,0,0,2,509,0.574,308,High
CUST-00662,Mandla,Pillay,31,Male,Married,1,Diploma,Mpumalanga,Self-Employed,12700.0,LSM 5-6,5700.0,6.7,21,464.29,2,5,1,Branch-Preferred,1,0,1,0,1,0,3,638,0.447,9999,Low
CUST-00663,Lerato,Jacobs,26,Female,Single,0,Degree,Gauteng,Employed,23400.0,LSM 7-8,14700.0,4.8,17,582.04,18,1,3,Digital-Preferred,1,1,0,1,1,0,4,568,0.403,3574,Low
CUST-00664,Liezel,Hendricks,35,Female,Married,1,Diploma,Limpopo,Employed,22900.0,LSM 7-8,11000.0,11.0,13,642.1,6,2,2,Passive,1,1,0,0,1,0,3,621,0.426,492,Low
CUST-00665,Ruan,du Plessis,31,Male,Single,1,Postgraduate,Eastern Cape,Employed,58700.0,Affluent,41200.0,6.4,37,868.57,29,1,0,Digital-Only,1,1,1,1,1,1,6,687,0.416,1825,Low
CUST-00666,Kiran,Zulu,51,Male,Married,0,Degree,Gauteng,Employed,35200.0,LSM 7-8,17700.0,6.2,50,524.62,9,3,3,Passive,1,1,0,0,1,1,4,570,0.645,9999,Low
CUST-00667,Pieter,Cele,22,Male,Single,0,Matric,Eastern Cape,Unemployed,1517.92,LSM 1-4,700.0,4.0,4,154.82,14,7,1,Digital-Preferred,0,0,0,0,0,0,0,507,0.0,9999,Medium
CUST-00668,Palesa,Mthethwa,34,Female,Single,0,Degree,Limpopo,Employed,42900.0,Affluent,30400.0,8.5,39,596.21,9,4,1,Branch-Preferred,1,1,1,1,1,1,6,696,0.327,423,Low
CUST-00669,Liezel,Cele,49,Female,Married,0,Matric,Gauteng,Employed,5300.0,LSM 1-4,2100.0,6.0,17,79.23,7,2,0,Passive,1,1,0,0,0,0,2,623,0.27,9999,Medium
CUST-00670,Kim,Reddy,18,Female,Single,0,Degree,KwaZulu-Natal,Employed,28100.0,LSM 7-8,16200.0,1.8,29,432.26,36,0,5,Digital-Only,1,1,1,1,1,0,5,458,0.539,591,Low
CUST-00671,Johan,Motsepe,36,Male,Single,0,Diploma,Western Cape,Employed,18900.0,LSM 5-6,13100.0,6.8,21,336.9,22,2,5,Digital-Preferred,1,0,1,1,0,0,3,497,0.542,80,Low
CUST-00672,Chanel,Smith,33,Female,Married,0,Matric,KwaZulu-Natal,Employed,4500.0,LSM 1-4,3000.0,4.1,12,502.07,24,2,3,Digital-Preferred,1,0,0,0,0,0,1,491,0.0,438,High
CUST-00673,Ayanda,Buthelezi,45,Female,Single,2,Matric,Mpumalanga,Employed,5700.0,LSM 1-4,5700.0,7.9,18,286.8,4,5,3,Branch-Preferred,1,1,0,0,0,0,2,561,0.648,9999,Medium
CUST-00674,Sipho,Botha,24,Male,Single,0,Diploma,Gauteng,Employed,13600.0,LSM 5-6,9400.0,2.9,11,1111.24,15,3,1,Digital-Preferred,1,0,0,0,0,0,1,583,0.0,9999,Medium
CUST-00675,Nozipho,Maharaj,37,Female,Single,0,Degree,Limpopo,Employed,36700.0,LSM 7-8,23600.0,9.9,31,471.53,17,7,0,Digital-Preferred,1,1,1,0,1,1,5,705,0.25,9999,Low
CUST-00676,Sipho,Nxumalo,53,Male,Married,3,Degree,Limpopo,Employed,41700.0,Affluent,23500.0,11.9,19,1337.7,19,1,1,Digital-Preferred,1,1,1,0,1,1,5,723,0.335,1082,Low
CUST-00677,Nhlanhla,Adams,46,Male,Married,1,No Matric,KwaZulu-Natal,Unemployed,1022.13,LSM 1-4,1100.0,3.0,3,78.17,4,2,2,Passive,1,0,0,0,0,0,1,554,0.0,9999,Medium
CUST-00678,Megan,Joubert,34,Female,Married,1,Matric,Western Cape,Employed,8000.0,LSM 1-4,5100.0,12.7,5,1509.08,19,4,0,Digital-Preferred,1,0,0,0,1,0,2,671,0.389,9999,Low
CUST-00679,Nhlanhla,Govender,34,Male,Single,1,Diploma,Gauteng,Self-Employed,20000.0,LSM 5-6,13100.0,4.2,30,90.78,20,1,6,Digital-Preferred,1,1,0,0,0,1,3,419,0.74,59,High
CUST-00680,Kavitha,van der Berg,30,Female,Single,0,Diploma,Gauteng,Employed,3600.0,LSM 1-4,2200.0,3.1,10,579.2,19,3,4,Digital-Preferred,1,0,0,0,0,0,1,470,0.0,958,Medium
CUST-00681,Jade,Williams,36,Female,Married,4,Matric,Western Cape,Employed,11800.0,LSM 5-6,7600.0,7.4,23,326.47,0,9,1,Branch-Preferred,1,0,0,0,0,0,1,614,0.0,1003,Low
CUST-00682,Arjun,Hendricks,35,Male,Single,0,Matric,Gauteng,Employed,9100.0,LSM 5-6,5400.0,6.9,19,247.66,4,6,0,Branch-Preferred,1,0,0,0,1,0,2,628,0.47,9999,Medium
CUST-00683,Heinrich,Mkhize,39,Male,Married,2,Degree,Limpopo,Employed,43700.0,Affluent,23800.0,8.1,41,698.36,27,3,1,Digital-Preferred,1,1,1,1,1,0,5,686,0.409,9999,Low
CUST-00684,Aaliya,du Plessis,28,Female,Single,1,Diploma,Eastern Cape,Employed,23700.0,LSM 7-8,15100.0,8.5,18,651.28,11,1,2,Digital-Preferred,1,0,1,0,1,0,3,535,0.574,639,Low
CUST-00685,Nkosinathi,Brown,29,Male,Married,1,Degree,Gauteng,Employed,24500.0,LSM 7-8,17000.0,7.3,27,786.65,21,0,2,Digital-Only,1,0,0,0,1,0,2,611,0.562,9999,Medium
CUST-00686,Nandi,Buthelezi,51,Female,Single,2,Matric,KwaZulu-Natal,Unemployed,496.77,LSM 1-4,500.0,11.2,12,213.33,0,0,6,Passive,1,0,0,0,0,0,1,437,0.0,324,Medium
CUST-00687,Sbusiso,du Plessis,36,Male,Married,1,Diploma,Mpumalanga,Employed,18900.0,LSM 5-6,10400.0,6.1,40,262.38,18,4,1,Digital-Preferred,1,0,0,1,1,0,3,654,0.26,3650,Low
CUST-00688,Kiran,Adams,47,Male,Married,1,Diploma,KwaZulu-Natal,Self-Employed,15400.0,LSM 5-6,11500.0,3.5,17,726.48,17,7,4,Digital-Preferred,1,0,1,0,0,0,2,532,0.454,12,Medium
CUST-00689,Nandi,Buthelezi,62,Female,Married,0,Matric,Limpopo,Unemployed,1849.51,LSM 1-4,1100.0,3.5,17,450.63,4,4,1,Branch-Preferred,1,0,0,1,0,0,2,645,0.4,9999,Low
CUST-00690,Kyle,Pretorius,29,Male,Married,3,Matric,Gauteng,Self-Employed,19100.0,LSM 5-6,11600.0,7.7,22,657.51,17,5,2,Digital-Preferred,1,0,1,0,1,0,3,563,0.502,1058,Low
CUST-00691,Ayanda,du Plessis,37,Female,Single,1,Postgraduate,North West,Employed,66700.0,Affluent,42400.0,10.9,49,708.86,16,6,0,Digital-Preferred,1,1,0,1,1,0,4,723,0.247,9999,Low
CUST-00692,Ayanda,Mkhize,39,Female,Married,2,Degree,KwaZulu-Natal,Employed,47600.0,Affluent,28600.0,8.8,49,733.78,19,7,0,Digital-Preferred,1,1,1,1,0,0,4,716,0.371,9999,Low
CUST-00693,Priya,Mkhize,37,Male,Married,1,Degree,Western Cape,Employed,33000.0,LSM 7-8,17700.0,4.7,47,269.01,19,0,4,Digital-Preferred,1,1,1,0,1,1,5,554,0.379,754,Low
CUST-00694,Zara,Joubert,46,Female,Married,0,No Matric,Western Cape,Unemployed,1156.25,LSM 1-4,600.0,8.4,13,50.0,5,2,2,Passive,1,0,0,0,0,0,1,613,0.0,9999,High
CUST-00695,Shenay,Mkhize,27,Female,Single,0,No Matric,KwaZulu-Natal,Unemployed,705.48,LSM 1-4,400.0,10.9,5,182.53,14,3,0,Digital-Preferred,1,0,0,0,0,0,1,662,0.0,9999,Medium
CUST-00696,Lerato,Jacobs,59,Female,Married,1,No Matric,Limpopo,Employed,6800.0,LSM 1-4,4100.0,5.5,18,50.0,8,4,1,Branch-Preferred,1,0,0,0,0,0,1,636,0.0,9999,Medium
CUST-00697,Sipho,Pretorius,18,Male,Single,1,Degree,Gauteng,Employed,29300.0,LSM 7-8,17200.0,2.0,32,546.78,14,5,1,Digital-Preferred,1,0,0,1,0,0,2,592,0.436,9999,Medium
CUST-00698,Sandile,Reddy,26,Male,Married,0,Degree,Gauteng,Employed,40000.0,LSM 7-8,24800.0,7.6,54,594.01,32,1,2,Digital-Only,1,1,0,1,1,0,4,625,0.43,476,Low
CUST-00699,Mihlali,Sithole,26,Female,Married,1,Diploma,Gauteng,Employed,12400.0,LSM 5-6,7200.0,10.0,24,681.94,11,0,2,Digital-Preferred,1,1,0,0,0,0,2,586,0.508,168,Low
CUST-00700,Nandi,Ngubane,41,Female,Married,3,Postgraduate,Eastern Cape,Employed,51900.0,Affluent,26300.0,9.9,37,838.48,7,2,0,Passive,1,1,1,1,0,1,5,756,0.214,9999,Low
CUST-00701,Ashleigh,Botha,38,Female,Married,2,Matric,North West,Employed,11400.0,LSM 5-6,8400.0,6.2,28,50.0,9,4,4,Branch-Preferred,1,1,0,0,0,0,2,512,0.687,9999,Medium
CUST-00702,Jade,Maharaj,30,Female,Married,0,Diploma,Gauteng,Employed,25300.0,LSM 7-8,12200.0,9.2,33,106.94,9,4,3,Branch-Preferred,1,1,1,0,1,0,4,535,0.623,81,Low
CUST-00703,Aaliya,Sithole,25,Female,Single,0,Matric,Mpumalanga,Unemployed,2977.93,LSM 1-4,2000.0,3.2,19,450.53,6,3,2,Passive,1,0,0,0,0,0,1,567,0.0,207,High
CUST-00704,Sipho,Buthelezi,31,Male,Single,1,Matric,Mpumalanga,Employed,11100.0,LSM 5-6,7900.0,7.0,21,249.34,8,3,2,Passive,1,1,1,0,0,0,3,597,0.613,1682,Low
CUST-00705,Nokwanda,Zulu,52,Female,Married,2,Postgraduate,Gauteng,Employed,81900.0,High Net Worth,42800.0,14.5,73,283.01,23,1,0,Digital-Only,1,1,1,0,0,1,4,775,0.383,9999,Low
CUST-00706,Nhlanhla,du Plessis,48,Male,Married,4,Degree,Gauteng,Employed,49000.0,Affluent,35400.0,10.7,46,568.61,24,7,1,Digital-Preferred,1,1,0,1,1,1,5,708,0.457,9999,Low
CUST-00707,André,Reddy,26,Male,Single,0,Matric,KwaZulu-Natal,Retired,6407.6,LSM 1-4,3200.0,4.9,12,425.49,14,3,0,Digital-Preferred,1,1,0,0,0,0,2,663,0.403,9999,Low
CUST-00708,Shenay,Pretorius,35,Female,Married,3,Matric,Gauteng,Unemployed,2140.47,LSM 1-4,2200.0,5.7,13,191.8,4,5,6,Branch-Preferred,1,0,0,0,0,0,1,425,0.0,440,Medium
CUST-00709,Kefilwe,Cele,30,Female,Single,0,Diploma,Limpopo,Employed,18600.0,LSM 5-6,8800.0,8.5,21,548.51,11,3,0,Digital-Preferred,1,1,1,0,1,0,4,712,0.233,233,Low
CUST-00710,Lungelo,Cele,35,Male,Single,2,No Matric,Western Cape,Employed,5100.0,LSM 1-4,4700.0,7.5,16,287.15,16,4,1,Digital-Preferred,1,0,0,1,0,0,2,628,0.474,658,Medium
CUST-00711,Lerato,Motsepe,49,Female,Married,3,Diploma,KwaZulu-Natal,Employed,10000.0,LSM 5-6,8000.0,7.9,17,250.02,2,3,1,Passive,1,0,0,0,1,0,2,634,0.552,370,Medium
CUST-00712,Aaliya,Mokoena,57,Female,Married,0,Matric,Limpopo,Employed,5700.0,LSM 1-4,2900.0,6.4,11,50.0,4,4,0,Branch-Preferred,1,0,0,0,0,0,1,631,0.0,9999,Medium
CUST-00713,Samantha,Mkhize,25,Female,Single,0,Matric,KwaZulu-Natal,Retired,2624.57,LSM 1-4,1900.0,2.0,10,50.0,7,7,1,Branch-Preferred,1,1,0,1,0,0,3,583,0.366,576,Low
CUST-00714,Kim,Jacobs,31,Female,Single,0,Matric,Mpumalanga,Retired,5675.08,LSM 1-4,4000.0,3.4,14,310.07,18,4,2,Digital-Preferred,1,0,0,0,0,0,1,580,0.0,9999,Medium
CUST-00715,Johan,Mokoena,30,Male,Single,0,Matric,Eastern Cape,Retired,4791.85,LSM 1-4,2200.0,6.7,3,496.62,26,4,0,Digital-Preferred,1,0,0,0,0,0,1,617,0.0,470,Medium
CUST-00716,Lindiwe,Cele,24,Female,Single,1,Degree,KwaZulu-Natal,Employed,18800.0,LSM 5-6,10900.0,6.5,31,548.19,11,0,0,Digital-Preferred,1,0,0,1,0,0,2,648,0.5,9999,Low
CUST-00717,Jason,Pillay,22,Male,Married,1,Matric,Western Cape,Unemployed,1906.51,LSM 1-4,1800.0,5.1,14,50.0,14,3,5,Digital-Preferred,1,0,0,0,0,0,1,473,0.0,635,Medium
CUST-00718,Siyanda,Daniels,51,Male,Single,1,Diploma,Gauteng,Self-Employed,13300.0,LSM 5-6,10200.0,3.9,14,398.18,14,2,2,Digital-Preferred,1,0,1,0,1,0,3,557,0.501,9999,Low
CUST-00719,Nkosinathi,van der Berg,29,Male,Married,3,Matric,Free State,Employed,4500.0,LSM 1-4,4700.0,4.8,18,261.24,5,8,3,Branch-Preferred,1,0,0,0,0,0,1,525,0.0,231,High
CUST-00720,Jason,Govender,39,Male,Single,0,Degree,KwaZulu-Natal,Employed,43500.0,Affluent,26700.0,4.4,35,915.0,23,5,4,Digital-Preferred,1,1,1,1,1,1,6,573,0.444,9999,Low
CUST-00721,Anika,Ndlovu,31,Female,Single,0,Matric,North West,Employed,9700.0,LSM 5-6,7100.0,1.5,12,890.18,19,4,1,Digital-Preferred,0,0,0,0,0,0,0,576,0.0,229,Medium
CUST-00722,Tebogo,du Plessis,38,Male,Married,1,No Matric,Free State,Self-Employed,4100.0,LSM 1-4,2500.0,5.5,16,50.0,21,1,1,Digital-Only,1,0,0,0,0,0,1,560,0.0,9999,Medium
CUST-00723,Anika,Mthembu,18,Female,Single,1,Degree,Western Cape,Unemployed,1774.28,LSM 1-4,1500.0,2.0,23,349.96,9,3,0,Passive,1,0,0,0,0,0,1,569,0.0,9999,High
CUST-00724,Bongani,Zulu,23,Male,Married,1,Degree,Limpopo,Self-Employed,31800.0,LSM 7-8,16900.0,3.8,33,549.19,23,2,2,Digital-Preferred,1,1,0,1,1,0,4,527,0.574,9999,Low
CUST-00725,Sandile,Pillay,26,Male,Single,0,Matric,Western Cape,Employed,8400.0,LSM 5-6,5600.0,10.0,9,498.02,17,5,2,Digital-Preferred,1,0,0,1,0,0,2,550,0.55,932,Medium
CUST-00726,Kim,Mkhize,40,Female,Married,3,Matric,Gauteng,Self-Employed,9500.0,LSM 5-6,8400.0,5.1,14,736.16,9,11,0,Branch-Preferred,1,0,1,0,0,0,2,671,0.427,9999,Low
CUST-00727,Kefilwe,Nkosi,40,Female,Single,0,Postgraduate,Free State,Employed,57200.0,Affluent,38000.0,8.9,55,961.99,27,0,0,Digital-Only,1,1,1,0,1,1,5,716,0.273,9999,Low
CUST-00728,Megan,Mkhize,36,Female,Married,2,Matric,KwaZulu-Natal,Employed,10600.0,LSM 5-6,6300.0,2.7,20,50.0,23,2,0,Digital-Preferred,1,0,0,0,0,0,1,645,0.0,748,Medium
CUST-00729,Liezel,Hendricks,68,Female,Married,2,No Matric,North West,Employed,7700.0,LSM 1-4,7000.0,4.5,23,218.16,2,9,1,Branch-Preferred,1,0,0,0,0,0,1,639,0.0,1286,Medium
CUST-00730,Heinrich,Joubert,37,Male,Married,3,Diploma,Eastern Cape,Employed,26700.0,LSM 7-8,14600.0,3.2,31,362.03,13,2,0,Digital-Preferred,1,0,1,0,1,0,3,627,0.287,9999,Low
CUST-00731,Fatima,Motsepe,34,Female,Single,1,Matric,Gauteng,Unemployed,2571.72,LSM 1-4,2300.0,0.5,18,252.98,16,5,1,Digital-Preferred,0,0,0,0,0,0,0,566,0.0,1997,High
CUST-00732,Liezel,February,32,Female,Married,1,Diploma,KwaZulu-Natal,Unemployed,3501.08,LSM 1-4,3200.0,1.7,28,406.29,24,3,4,Digital-Preferred,1,0,0,0,0,0,1,429,0.0,932,Medium
CUST-00733,Thabo,Sithole,35,Male,Married,2,Degree,Gauteng,Self-Employed,58700.0,Affluent,39400.0,9.2,38,1051.52,30,3,0,Digital-Preferred,1,0,1,0,1,1,4,719,0.171,301,Low
CUST-00734,Ashleigh,Johnson,30,Female,Single,0,Diploma,Gauteng,Employed,15800.0,LSM 5-6,9000.0,3.8,40,166.56,12,11,0,Digital-Preferred,1,0,1,1,1,0,4,659,0.496,9999,Low
CUST-00735,Cleo,Mokoena,49,Female,Married,0,Diploma,Limpopo,Self-Employed,30100.0,LSM 7-8,16900.0,5.5,38,533.81,22,6,0,Digital-Preferred,1,0,0,0,0,1,2,673,0.0,533,Low
CUST-00736,Kavitha,Dlamini,45,Female,Married,2,Matric,Gauteng,Employed,10300.0,LSM 5-6,6400.0,6.9,38,121.53,20,2,4,Digital-Preferred,1,1,0,1,0,0,3,493,0.559,9999,Low
CUST-00737,Liezel,Ndlovu,36,Female,Married,4,Degree,Free State,Employed,44900.0,Affluent,27800.0,3.3,32,434.84,14,6,2,Digital-Preferred,1,1,1,1,1,0,5,575,0.415,1093,Low
CUST-00738,Kavitha,Buthelezi,36,Female,Married,3,No Matric,KwaZulu-Natal,Unemployed,1331.41,LSM 1-4,1400.0,5.3,14,203.41,25,2,0,Digital-Preferred,0,0,0,0,0,0,0,687,0.0,512,Medium
CUST-00739,Mandla,Mkhize,74,Male,Divorced,2,Matric,Western Cape,Employed,7700.0,LSM 1-4,6000.0,8.1,16,572.14,1,4,1,Branch-Preferred,1,0,0,0,0,0,1,654,0.0,9999,High
CUST-00740,Jade,Khumalo,63,Female,Married,0,Diploma,KwaZulu-Natal,Employed,31200.0,LSM 7-8,21300.0,9.9,38,775.27,12,7,0,Digital-Preferred,1,1,0,1,1,0,4,715,0.412,562,Low
CUST-00741,Kagiso,Sithole,38,Male,Married,6,Matric,Gauteng,Employed,5500.0,LSM 1-4,5800.0,6.9,17,109.98,0,3,2,Passive,1,1,0,0,0,0,2,607,0.519,9999,High
CUST-00742,Heinrich,February,56,Male,Married,1,No Matric,Western Cape,Employed,6900.0,LSM 1-4,4100.0,5.3,17,362.61,13,3,0,Digital-Preferred,1,1,0,0,0,0,2,703,0.278,9999,Low
CUST-00743,Johan,Mkhize,25,Male,Married,1,Matric,KwaZulu-Natal,Retired,4655.89,LSM 1-4,3700.0,2.6,19,501.29,15,3,1,Digital-Preferred,1,0,0,0,0,0,1,599,0.0,9999,High
CUST-00744,Anika,Cele,20,Female,Single,0,Degree,Eastern Cape,Employed,15000.0,LSM 5-6,7200.0,1.8,19,885.07,14,3,0,Digital-Preferred,1,0,0,1,0,0,2,602,0.51,928,Low
CUST-00745,Nomvula,February,32,Female,Single,1,Matric,Western Cape,Self-Employed,4600.0,LSM 1-4,3700.0,10.3,9,506.9,4,4,1,Branch-Preferred,1,1,0,0,0,0,2,617,0.555,9999,Low
CUST-00746,Siphokazi,Mkhize,37,Female,Single,1,Degree,Gauteng,Student,1830.18,LSM 1-4,1900.0,5.9,15,323.44,6,7,2,Branch-Preferred,1,0,0,0,0,0,1,586,0.0,59,Medium
CUST-00747,Zanele,Smith,60,Female,Single,0,Diploma,KwaZulu-Natal,Self-Employed,11700.0,LSM 5-6,8400.0,5.5,14,401.48,11,2,0,Digital-Preferred,1,0,1,1,1,0,4,681,0.414,9999,Low
CUST-00748,Anika,Naidoo,35,Female,Married,4,Diploma,KwaZulu-Natal,Employed,12700.0,LSM 5-6,10800.0,7.5,17,410.61,14,3,0,Digital-Preferred,1,0,0,0,0,0,1,678,0.0,9999,Medium
CUST-00749,Shenay,Williams,29,Female,Single,0,Matric,Gauteng,Retired,4392.73,LSM 1-4,2700.0,5.4,3,1097.47,13,6,2,Digital-Preferred,1,0,0,0,0,0,1,556,0.0,872,High
CUST-00750,Ruan,du Plessis,26,Male,Married,0,Degree,Limpopo,Employed,29400.0,LSM 7-8,13800.0,5.7,30,52.82,10,4,1,Branch-Preferred,1,1,0,0,1,0,3,638,0.328,1099,Low
CUST-00751,Zara,Pillay,32,Female,Single,1,Matric,Gauteng,Employed,9400.0,LSM 5-6,7300.0,4.9,9,842.18,21,1,3,Digital-Only,1,0,0,0,1,0,2,558,0.57,356,High
CUST-00752,Mandla,Nxumalo,30,Male,Single,2,Degree,KwaZulu-Natal,Employed,20300.0,LSM 7-8,13900.0,5.1,23,890.47,15,2,3,Digital-Preferred,1,1,1,1,1,0,5,529,0.602,26,Low
CUST-00753,Sandile,Joubert,25,Male,Single,1,Degree,Western Cape,Employed,22100.0,LSM 7-8,13800.0,7.5,16,1005.02,20,1,0,Digital-Preferred,1,0,0,1,1,0,3,659,0.416,9999,Low
CUST-00754,Nhlanhla,Govender,51,Male,Married,1,No Matric,Western Cape,Unemployed,584.53,LSM 1-4,600.0,0.5,10,201.21,10,5,5,Branch-Preferred,0,0,0,1,0,0,1,483,0.805,1059,High
CUST-00755,Kagiso,February,42,Male,Single,1,Degree,North West,Employed,47100.0,Affluent,29500.0,9.6,49,592.15,9,3,0,Passive,1,0,1,1,0,1,4,696,0.276,9999,Low
CUST-00756,Tayla,Ndlovu,38,Female,Single,1,Diploma,Mpumalanga,Employed,16700.0,LSM 5-6,10700.0,4.7,16,586.77,18,4,6,Digital-Preferred,1,1,0,1,0,0,3,434,0.625,131,Medium
CUST-00757,Tayla,Khumalo,26,Female,Married,4,Diploma,Limpopo,Self-Employed,7100.0,LSM 1-4,6600.0,0.5,7,1373.81,13,3,4,Digital-Preferred,1,0,0,0,0,0,1,486,0.0,9999,Medium
CUST-00758,Vusi,Dlamini,53,Male,Married,1,Matric,Western Cape,Student,2330.86,LSM 1-4,2000.0,2.2,18,357.84,15,5,1,Digital-Preferred,1,1,0,0,0,0,2,651,0.519,757,Medium
CUST-00759,Aaliya,Hendricks,57,Female,Married,1,Matric,KwaZulu-Natal,Employed,12400.0,LSM 5-6,5800.0,5.7,26,392.33,15,3,1,Digital-Preferred,1,1,0,1,0,0,3,557,0.414,9999,Low
CUST-00760,Sipho,Mthembu,34,Male,Single,0,Degree,Gauteng,Employed,42300.0,Affluent,22600.0,8.1,42,543.66,10,1,1,Passive,1,1,1,0,0,1,4,689,0.412,9999,Low
CUST-00761,Siyanda,Williams,39,Male,Married,3,Degree,Mpumalanga,Unemployed,2420.52,LSM 1-4,2500.0,7.4,8,195.68,12,7,3,Digital-Preferred,0,0,0,0,0,0,0,476,0.0,9999,High
CUST-00762,Nkosinathi,Motsepe,33,Male,Married,0,Matric,KwaZulu-Natal,Unemployed,1211.81,LSM 1-4,800.0,7.5,6,349.26,2,5,4,Branch-Preferred,1,0,0,1,0,0,2,504,0.683,467,High
CUST-00763,Sbusiso,Buthelezi,36,Male,Married,3,Diploma,KwaZulu-Natal,Employed,16500.0,LSM 5-6,12200.0,1.5,18,616.4,15,2,4,Digital-Preferred,1,1,1,0,0,0,3,464,0.648,499,Medium
CUST-00764,Kagiso,February,35,Male,Single,0,Degree,Eastern Cape,Employed,42700.0,Affluent,32000.0,9.0,38,857.85,25,2,3,Digital-Preferred,1,1,1,1,1,0,5,589,0.54,9999,Low
CUST-00765,Ruan,Maharaj,34,Male,Single,0,Degree,Limpopo,Self-Employed,23900.0,LSM 7-8,13000.0,8.8,12,1206.47,19,5,1,Digital-Preferred,1,1,0,1,1,0,4,653,0.361,9999,Low
CUST-00766,Kiran,du Plessis,21,Male,Single,0,Diploma,Western Cape,Employed,7800.0,LSM 1-4,3900.0,3.2,7,599.04,26,3,4,Digital-Preferred,1,0,0,0,0,0,1,476,0.0,510,High
CUST-00767,Nhlanhla,Brown,32,Male,Single,0,Diploma,Gauteng,Employed,13700.0,LSM 5-6,7600.0,7.4,29,572.07,23,3,2,Digital-Preferred,1,0,1,1,0,0,3,626,0.387,583,Low
CUST-00768,Mihlali,Adams,67,Female,Married,0,Diploma,North West,Retired,8048.79,LSM 5-6,4700.0,0.5,17,50.0,4,4,0,Branch-Preferred,1,0,0,0,1,0,2,610,0.54,9999,Medium
CUST-00769,Thabo,Naidoo,24,Male,Single,0,Matric,Gauteng,Employed,4200.0,LSM 1-4,2300.0,1.0,23,113.47,17,7,2,Digital-Preferred,1,1,0,0,0,0,2,561,0.413,2024,High
CUST-00770,Nkosinathi,Ngubane,57,Male,Single,1,No Matric,Free State,Employed,9000.0,LSM 5-6,5400.0,9.7,24,652.61,11,6,2,Digital-Preferred,1,0,0,0,0,0,1,605,0.0,1390,High
CUST-00771,Tayla,February,59,Female,Single,0,Matric,KwaZulu-Natal,Self-Employed,17200.0,LSM 5-6,12200.0,5.3,19,821.52,1,6,2,Branch-Preferred,1,0,0,1,0,0,2,597,0.555,500,Medium
CUST-00772,Devan,Maharaj,40,Male,Single,0,Matric,North West,Unemployed,247.8,LSM 1-4,300.0,11.7,8,50.0,7,13,3,Branch-Preferred,0,0,0,0,0,0,0,598,0.0,843,Medium
CUST-00773,Nokwanda,Jacobs,33,Female,Single,1,No Matric,North West,Employed,8800.0,LSM 5-6,5400.0,1.8,24,384.76,21,3,0,Digital-Preferred,1,0,0,0,0,0,1,635,0.0,9999,Medium
CUST-00774,Sipho,Jacobs,40,Male,Single,0,No Matric,KwaZulu-Natal,Unemployed,1455.41,LSM 1-4,700.0,9.8,17,50.0,15,4,4,Digital-Preferred,1,0,0,0,0,0,1,478,0.0,1561,Medium
CUST-00775,Tayla,du Plessis,32,Female,Single,0,Degree,Limpopo,Employed,24500.0,LSM 7-8,15100.0,4.8,34,737.39,19,1,5,Digital-Preferred,1,1,1,1,1,0,5,493,0.535,235,Low
CUST-00776,Ayanda,Motsepe,33,Female,Single,0,Postgraduate,Gauteng,Employed,47000.0,Affluent,25900.0,10.7,41,795.96,13,2,0,Digital-Preferred,1,1,1,1,1,1,6,706,0.255,9999,Low
CUST-00777,Chanel,Jacobs,25,Female,Single,0,Diploma,Gauteng,Unemployed,1414.54,LSM 1-4,1000.0,3.6,12,50.0,9,2,4,Passive,0,0,0,0,0,0,0,448,0.0,22,Medium
CUST-00778,Tayla,February,34,Female,Married,2,Matric,KwaZulu-Natal,Employed,14200.0,LSM 5-6,10000.0,6.3,17,635.91,13,9,3,Digital-Preferred,1,0,0,0,1,0,2,542,0.628,81,Medium
CUST-00779,Kiran,Zulu,54,Male,Divorced,2,Degree,Eastern Cape,Employed,53100.0,Affluent,26000.0,10.3,45,661.5,20,2,5,Digital-Preferred,1,1,1,0,1,1,5,583,0.494,9999,Low
CUST-00780,Pieter,Naidoo,24,Male,Single,0,Matric,Gauteng,Unemployed,1636.46,LSM 1-4,800.0,2.2,6,226.96,15,4,5,Digital-Preferred,1,0,0,1,0,0,2,400,0.585,9999,Medium
CUST-00781,Sbusiso,Pillay,31,Male,Single,0,Postgraduate,Western Cape,Employed,35900.0,LSM 7-8,25200.0,9.8,33,827.39,28,1,4,Digital-Only,1,1,1,0,1,1,5,556,0.518,9999,Low
CUST-00782,Aaliya,Adams,31,Female,Married,1,Diploma,Free State,Employed,12500.0,LSM 5-6,7600.0,5.0,17,560.01,17,1,2,Digital-Preferred,1,0,0,1,0,0,2,558,0.491,9999,High
CUST-00783,Rayan,February,42,Male,Married,1,Matric,Mpumalanga,Unemployed,539.12,LSM 1-4,600.0,5.6,7,169.52,7,7,8,Branch-Preferred,1,1,0,0,0,0,2,379,0.867,230,Medium
CUST-00784,Luca,Cele,60,Male,Married,0,Matric,Gauteng,Employed,12100.0,LSM 5-6,5200.0,0.5,24,72.43,18,6,0,Digital-Preferred,1,1,1,1,0,0,4,661,0.296,1587,Low
CUST-00785,Anika,February,32,Female,Single,0,Matric,Western Cape,Unemployed,1936.28,LSM 1-4,1300.0,4.1,3,342.04,20,4,3,Digital-Preferred,0,0,0,0,0,0,0,530,0.0,9999,High
CUST-00786,Kyle,Naidoo,33,Male,Married,3,Degree,Gauteng,Employed,41100.0,Affluent,23200.0,11.5,40,529.17,15,4,0,Digital-Preferred,1,1,1,0,1,0,4,715,0.456,9999,Low
CUST-00787,Kiran,Mthembu,32,Male,Single,0,Matric,KwaZulu-Natal,Employed,2700.0,LSM 1-4,1900.0,7.3,4,494.11,3,6,0,Branch-Preferred,1,0,0,0,0,0,1,651,0.0,9999,Low
CUST-00788,Zanele,Pretorius,30,Female,Married,4,Degree,North West,Employed,49900.0,Affluent,32600.0,9.7,36,855.38,14,1,2,Digital-Preferred,1,1,1,0,0,1,4,637,0.34,9999,Low
CUST-00789,Nkosinathi,Zulu,25,Male,Single,0,Degree,Northern Cape,Employed,13200.0,LSM 5-6,9600.0,4.7,13,959.04,15,1,5,Digital-Preferred,1,0,0,0,0,0,1,416,0.0,142,Medium
CUST-00790,Aaliya,Jacobs,31,Female,Single,1,Degree,Gauteng,Self-Employed,31600.0,LSM 7-8,16000.0,12.1,35,265.12,14,5,1,Digital-Preferred,1,1,0,1,0,0,3,650,0.249,574,Low
CUST-00791,Nokwanda,Adams,64,Female,Divorced,1,Degree,Gauteng,Retired,11466.39,LSM 5-6,9200.0,6.6,3,2719.74,10,7,5,Branch-Preferred,1,0,1,0,0,0,2,484,0.631,9999,High
CUST-00792,Fatima,Brown,48,Female,Married,3,Matric,KwaZulu-Natal,Unemployed,1729.66,LSM 1-4,1800.0,3.1,13,531.83,10,5,4,Branch-Preferred,1,0,0,1,0,0,2,526,0.507,176,Medium
CUST-00793,Mandla,Pillay,35,Male,Married,3,Diploma,KwaZulu-Natal,Employed,21000.0,LSM 7-8,17900.0,9.0,24,582.33,11,3,2,Digital-Preferred,1,0,0,1,0,0,2,621,0.443,9999,Medium
CUST-00794,Kagiso,Sithole,44,Male,Married,1,Degree,Gauteng,Employed,26000.0,LSM 7-8,16700.0,9.5,20,1055.08,14,4,2,Digital-Preferred,1,1,0,0,1,1,4,633,0.379,9999,Low
CUST-00795,Liezel,Mthethwa,21,Female,Single,0,Matric,Gauteng,Unemployed,287.78,LSM 1-4,300.0,4.4,12,146.72,15,3,1,Digital-Preferred,0,0,0,0,0,0,0,564,0.0,1607,High
CUST-00796,Ashleigh,Jacobs,56,Female,Married,1,No Matric,KwaZulu-Natal,Unemployed,792.93,LSM 1-4,800.0,3.8,3,110.21,6,4,3,Branch-Preferred,1,0,0,1,0,0,2,511,0.674,9999,Medium
CUST-00797,Megan,Khumalo,37,Female,Divorced,2,Matric,Gauteng,Unemployed,1430.08,LSM 1-4,1500.0,5.9,11,109.77,8,2,4,Passive,0,0,0,0,0,0,0,478,0.0,93,High
CUST-00798,Vusi,Brown,38,Male,Married,2,Matric,Mpumalanga,Unemployed,1693.7,LSM 1-4,1800.0,9.3,3,543.61,8,3,5,Passive,0,0,0,0,0,0,0,409,0.0,929,Medium
CUST-00799,Sipho,Mthethwa,38,Male,Single,0,Degree,Limpopo,Employed,29800.0,LSM 7-8,19400.0,8.4,46,493.02,14,4,2,Digital-Preferred,1,1,1,1,1,0,5,651,0.397,9999,Low
CUST-00800,Marco,Pillay,32,Male,Married,2,Diploma,Western Cape,Employed,19500.0,LSM 5-6,13800.0,1.9,30,306.51,19,5,2,Digital-Preferred,1,1,0,0,0,0,2,614,0.489,9999,Medium
CUST-00801,Marco,Govender,47,Male,Married,1,Diploma,KwaZulu-Natal,Employed,33100.0,LSM 7-8,16300.0,5.3,34,444.11,13,7,2,Digital-Preferred,1,1,0,0,1,0,3,602,0.356,3650,Low
CUST-00802,André,Mthembu,25,Male,Married,2,Postgraduate,Mpumalanga,Employed,69800.0,Affluent,30300.0,2.5,49,610.92,35,0,0,Digital-Only,1,1,1,0,0,0,3,668,0.299,9999,Low
CUST-00803,Priya,Khumalo,34,Female,Single,0,Matric,Gauteng,Employed,9200.0,LSM 5-6,6800.0,3.4,14,706.08,6,1,2,Passive,1,1,0,0,0,0,2,573,0.57,1540,Medium
CUST-00804,Ruan,Khumalo,34,Male,Single,0,Degree,Mpumalanga,Employed,25500.0,LSM 7-8,17100.0,0.5,25,601.78,5,5,0,Branch-Preferred,1,1,1,1,1,0,5,624,0.266,9999,Low
CUST-00805,Nomvula,Hendricks,41,Female,Single,1,No Matric,Gauteng,Unemployed,2043.99,LSM 1-4,2100.0,10.8,13,50.0,25,2,4,Digital-Preferred,0,0,0,0,0,0,0,516,0.0,118,Medium
CUST-00806,Thandi,Mthembu,51,Female,Married,1,No Matric,North West,Self-Employed,3000.0,LSM 1-4,1800.0,2.6,15,50.0,3,4,0,Branch-Preferred,1,1,0,1,0,0,3,669,0.411,272,Low
CUST-00807,Siyanda,Pillay,31,Male,Married,3,Matric,Gauteng,Employed,14100.0,LSM 5-6,8300.0,3.5,21,468.64,13,3,2,Digital-Preferred,1,0,0,1,0,0,2,566,0.315,1193,Medium
CUST-00808,Ashleigh,Ndlovu,24,Female,Single,0,Matric,Mpumalanga,Unemployed,636.69,LSM 1-4,400.0,0.5,13,50.0,12,2,2,Digital-Preferred,1,0,0,0,0,0,1,520,0.0,9999,Medium
CUST-00809,Zanele,Hendricks,30,Female,Single,0,Diploma,Gauteng,Self-Employed,37100.0,LSM 7-8,22200.0,9.6,33,912.19,31,3,2,Digital-Preferred,1,1,1,1,1,0,5,622,0.429,9999,Low
CUST-00810,Pieter,February,36,Male,Married,3,Diploma,Mpumalanga,Retired,11861.81,LSM 5-6,8900.0,5.5,21,427.74,9,6,1,Branch-Preferred,1,0,0,0,0,0,1,584,0.0,430,Medium
CUST-00811,Mandla,Mthethwa,43,Male,Married,2,Matric,Western Cape,Employed,9400.0,LSM 5-6,6200.0,4.6,11,650.28,15,1,2,Digital-Preferred,1,1,0,0,0,0,2,599,0.513,9999,Medium
CUST-00812,Nomvula,Nxumalo,28,Female,Married,2,No Matric,Gauteng,Retired,2326.46,LSM 1-4,2400.0,4.3,3,843.84,22,1,2,Digital-Only,0,0,0,0,0,0,0,581,0.0,3650,High
CUST-00813,Ashleigh,van der Berg,45,Female,Married,3,Diploma,Limpopo,Self-Employed,14800.0,LSM 5-6,10300.0,7.8,35,160.81,0,9,3,Branch-Preferred,1,1,0,0,0,1,3,527,0.586,2740,Low
CUST-00814,Nomvula,Reddy,28,Female,Single,0,No Matric,Gauteng,Unemployed,1738.05,LSM 1-4,900.0,3.7,14,50.0,10,4,5,Branch-Preferred,1,0,0,0,0,0,1,383,0.0,614,High
CUST-00815,Jade,Maharaj,50,Female,Married,2,Degree,Western Cape,Employed,45000.0,Affluent,32700.0,2.0,54,465.46,10,6,3,Branch-Preferred,1,1,1,1,1,1,6,570,0.474,9999,Low
CUST-00816,Kiran,Naidoo,33,Male,Married,1,Postgraduate,KwaZulu-Natal,Employed,70600.0,Affluent,43700.0,4.6,55,493.34,16,5,2,Digital-Preferred,1,1,1,1,1,1,6,629,0.447,2342,Low
CUST-00817,Aaliya,Joubert,29,Female,Single,2,Degree,Limpopo,Employed,32500.0,LSM 7-8,20100.0,2.5,51,463.77,23,3,2,Digital-Preferred,1,1,0,0,0,0,2,559,0.428,1193,Medium
CUST-00818,Thandi,Naidoo,33,Female,Single,0,Diploma,Mpumalanga,Employed,17100.0,LSM 5-6,10200.0,7.0,22,431.09,10,5,1,Branch-Preferred,1,0,1,1,1,0,4,638,0.521,12,Low
CUST-00819,Megan,Nxumalo,33,Female,Married,1,Diploma,KwaZulu-Natal,Employed,18400.0,LSM 5-6,10700.0,9.0,31,50.0,16,3,3,Digital-Preferred,1,1,0,0,1,1,4,578,0.538,848,Low
CUST-00820,Chanel,Nxumalo,58,Female,Married,0,Diploma,Limpopo,Retired,8795.64,LSM 5-6,4400.0,10.0,16,151.7,21,3,1,Digital-Preferred,1,1,0,0,0,0,2,653,0.289,2022,Low
CUST-00821,Nandi,Williams,29,Female,Single,0,Postgraduate,North West,Employed,56300.0,Affluent,30900.0,1.6,49,761.04,14,3,0,Digital-Preferred,1,1,1,1,1,1,6,711,0.426,2216,Low
CUST-00822,Shenay,Joubert,52,Female,Single,1,Postgraduate,Eastern Cape,Unemployed,3110.95,LSM 1-4,2500.0,7.1,11,485.88,1,6,3,Branch-Preferred,1,0,0,0,0,0,1,537,0.0,1034,Medium
CUST-00823,Mandla,Johnson,56,Male,Married,1,Matric,KwaZulu-Natal,Self-Employed,18200.0,LSM 5-6,11600.0,4.4,18,387.67,13,5,1,Digital-Preferred,1,1,0,1,1,1,5,681,0.391,3650,Low
CUST-00824,Kefilwe,Naidoo,39,Female,Single,0,Diploma,KwaZulu-Natal,Unemployed,697.11,LSM 1-4,400.0,13.8,18,454.5,14,1,4,Digital-Preferred,1,0,0,0,0,0,1,588,0.0,9999,Medium
CUST-00825,Nkosinathi,van der Berg,50,Male,Married,1,Degree,Gauteng,Employed,51900.0,Affluent,23500.0,12.6,45,330.34,22,3,0,Digital-Preferred,1,1,1,0,1,1,5,718,0.189,937,Low
CUST-00826,Chanel,Joubert,32,Female,Single,0,No Matric,KwaZulu-Natal,Unemployed,1996.85,LSM 1-4,1300.0,10.2,18,50.0,19,7,2,Digital-Preferred,1,0,0,0,0,0,1,532,0.0,534,Medium
CUST-00827,Priya,Reddy,32,Female,Single,0,Diploma,Gauteng,Employed,9200.0,LSM 5-6,4800.0,8.0,23,560.19,15,0,0,Digital-Preferred,1,1,0,0,0,0,2,657,0.46,9999,Low
CUST-00828,Palesa,Mkhize,31,Female,Married,4,Diploma,Limpopo,Retired,10963.31,LSM 5-6,10800.0,6.9,29,164.25,10,2,1,Passive,1,0,1,1,0,0,3,635,0.662,9999,Low
CUST-00829,Lethiwe,van der Berg,39,Male,Married,2,Degree,Eastern Cape,Employed,36400.0,LSM 7-8,26000.0,6.2,38,988.98,5,6,3,Branch-Preferred,1,1,1,0,0,0,3,576,0.493,9999,Medium
CUST-00830,Kim,Maharaj,74,Female,Married,0,Matric,Eastern Cape,Employed,12700.0,LSM 5-6,6600.0,4.0,6,967.02,10,3,0,Passive,1,1,0,0,0,0,2,611,0.446,9999,Low
CUST-00831,Ruan,Mthembu,34,Male,Single,2,Matric,Gauteng,Retired,2803.23,LSM 1-4,2900.0,2.8,9,263.6,14,2,5,Digital-Preferred,1,0,0,0,0,0,1,400,0.0,52,Medium
CUST-00832,Luca,Mthembu,41,Male,Married,3,Matric,Gauteng,Employed,16000.0,LSM 5-6,8900.0,7.9,20,183.98,9,2,3,Passive,1,0,0,0,1,0,2,552,0.491,2373,Medium
CUST-00833,Sandile,Khumalo,25,Male,Single,1,Diploma,Limpopo,Employed,18900.0,LSM 5-6,12900.0,9.0,23,816.36,17,3,0,Digital-Preferred,1,0,0,0,0,0,1,655,0.0,9999,Low
CUST-00834,Kefilwe,Pillay,29,Female,Married,1,Postgraduate,Western Cape,Employed,43600.0,Affluent,24400.0,5.4,50,716.01,23,1,3,Digital-Only,1,1,1,1,0,1,5,568,0.522,1539,Low
CUST-00835,Nkosinathi,Cele,54,Male,Married,2,Degree,North West,Employed,28400.0,LSM 7-8,15700.0,4.7,38,281.06,3,7,0,Branch-Preferred,1,1,1,0,0,0,3,691,0.403,9999,Low
CUST-00836,Anika,Mthethwa,26,Female,Single,2,Matric,Western Cape,Self-Employed,11600.0,LSM 5-6,10100.0,0.5,17,579.14,10,2,3,Passive,1,0,0,1,0,0,2,507,0.714,12,High
CUST-00837,Kiran,Zulu,55,Male,Married,0,Matric,Gauteng,Self-Employed,13200.0,LSM 5-6,7600.0,6.6,38,332.42,19,4,0,Digital-Preferred,1,0,0,0,0,0,1,693,0.0,189,Medium
CUST-00838,Anika,Cele,40,Female,Single,1,Degree,Eastern Cape,Employed,25700.0,LSM 7-8,14900.0,10.4,24,526.55,0,12,3,Branch-Preferred,1,1,0,1,0,1,4,569,0.333,3650,Low
CUST-00839,Kefilwe,Dlamini,61,Female,Divorced,1,Diploma,Eastern Cape,Employed,23900.0,LSM 7-8,17900.0,10.4,24,1018.68,9,3,2,Passive,1,1,0,0,0,1,3,644,0.408,9999,Low
CUST-00840,Kim,Daniels,29,Female,Single,0,Diploma,Gauteng,Self-Employed,11000.0,LSM 5-6,5800.0,9.9,9,623.27,27,4,1,Digital-Preferred,1,1,0,1,0,0,3,667,0.435,9999,Low
CUST-00841,Chanel,van der Berg,43,Female,Married,2,Matric,Eastern Cape,Student,4303.6,LSM 1-4,3900.0,6.5,3,1196.1,16,2,5,Digital-Preferred,1,1,0,0,1,0,3,471,0.629,121,Medium
CUST-00842,Siphokazi,Khumalo,32,Female,Single,2,Matric,Gauteng,Employed,12500.0,LSM 5-6,11200.0,6.1,9,927.88,16,4,2,Digital-Preferred,1,0,0,0,0,0,1,551,0.0,9999,Medium
CUST-00843,Nomvula,Pretorius,42,Female,Married,4,Degree,Gauteng,Employed,71200.0,Affluent,52300.0,13.6,66,533.68,16,8,2,Digital-Preferred,1,1,1,0,0,1,4,685,0.428,478,Low
CUST-00844,Liezel,Williams,57,Female,Single,1,Matric,Gauteng,Employed,12400.0,LSM 5-6,10000.0,2.5,24,534.38,7,4,1,Branch-Preferred,1,0,0,1,0,0,2,595,0.447,2319,Medium
CUST-00845,André,Smith,32,Male,Married,1,Matric,Eastern Cape,Unemployed,956.63,LSM 1-4,1000.0,3.7,4,297.09,12,7,4,Digital-Preferred,1,0,0,0,0,0,1,448,0.0,818,Medium
CUST-00846,Dylan,Brown,34,Male,Single,1,Postgraduate,Limpopo,Employed,51900.0,Affluent,34800.0,13.6,45,936.48,24,1,3,Digital-Only,1,1,1,1,1,0,5,622,0.504,628,Low
CUST-00847,Nozipho,Sithole,44,Female,Married,1,Diploma,Gauteng,Self-Employed,8300.0,LSM 5-6,6800.0,2.3,22,196.52,11,2,1,Digital-Preferred,1,0,0,0,0,0,1,592,0.0,673,Medium
CUST-00848,Thandi,Motsepe,37,Female,Married,3,Postgraduate,Limpopo,Employed,37600.0,LSM 7-8,23200.0,7.4,19,892.79,18,4,1,Digital-Preferred,1,1,1,1,0,0,4,675,0.379,9999,Low
CUST-00849,Samantha,Ngubane,27,Female,Married,0,Diploma,Limpopo,Employed,21800.0,LSM 7-8,9100.0,7.4,39,134.07,6,3,0,Passive,1,1,0,0,0,0,2,628,0.416,2550,Medium
CUST-00850,Liezel,Ngubane,59,Female,Single,0,Matric,KwaZulu-Natal,Unemployed,1602.45,LSM 1-4,800.0,5.4,19,449.69,2,5,1,Branch-Preferred,1,0,0,0,0,0,1,621,0.0,9999,High
CUST-00851,Sipho,Williams,29,Male,Married,2,Postgraduate,Gauteng,Employed,56800.0,Affluent,35400.0,9.9,54,462.59,18,1,3,Digital-Preferred,1,1,1,1,1,1,6,647,0.44,9999,Low
CUST-00852,Nokwanda,Zulu,64,Female,Married,0,Postgraduate,KwaZulu-Natal,Employed,99200.0,High Net Worth,45300.0,16.2,86,519.46,10,4,2,Branch-Preferred,1,1,0,0,0,1,3,750,0.134,425,Low
CUST-00853,Cleo,Smith,37,Female,Single,0,Postgraduate,Gauteng,Employed,87100.0,High Net Worth,49500.0,11.9,52,469.21,34,1,0,Digital-Only,1,1,1,1,1,0,5,752,0.445,9999,Low
CUST-00854,Priya,Williams,52,Female,Married,0,Degree,Free State,Employed,41300.0,Affluent,24300.0,11.9,36,571.03,12,4,0,Digital-Preferred,1,1,1,1,0,1,5,751,0.18,541,Low
CUST-00855,Palesa,Smith,41,Female,Married,3,Matric,Mpumalanga,Employed,7000.0,LSM 1-4,7400.0,2.7,25,213.21,13,4,5,Digital-Preferred,1,0,1,0,0,0,2,440,0.963,83,Medium
CUST-00856,Bongiwe,Naidoo,65,Female,Married,2,No Matric,Gauteng,Retired,1775.43,LSM 1-4,1900.0,4.6,11,239.1,7,5,2,Branch-Preferred,0,0,0,0,0,0,0,581,0.0,9999,High
CUST-00857,Zara,Johnson,34,Female,Married,6,Diploma,Western Cape,Employed,8400.0,LSM 5-6,8800.0,12.8,22,336.41,15,4,0,Digital-Preferred,0,0,0,0,1,0,1,709,0.295,9999,Medium
CUST-00858,Samantha,Nkosi,51,Female,Married,2,Postgraduate,KwaZulu-Natal,Employed,81500.0,High Net Worth,57300.0,16.3,76,450.23,27,5,0,Digital-Preferred,1,1,1,0,0,1,4,819,0.25,9999,Low
CUST-00859,Musa,Daniels,20,Male,Single,1,Matric,Gauteng,Employed,12300.0,LSM 5-6,10000.0,0.5,24,283.89,2,5,2,Branch-Preferred,1,0,1,1,0,0,3,536,0.474,772,Low
CUST-00860,Nandi,Pretorius,41,Female,Married,1,Degree,KwaZulu-Natal,Employed,33300.0,LSM 7-8,16800.0,7.2,30,519.21,17,1,2,Digital-Preferred,1,1,1,0,0,1,4,632,0.518,9999,Low
CUST-00861,Bongiwe,Jacobs,26,Female,Married,2,Postgraduate,Gauteng,Self-Employed,75300.0,Affluent,34100.0,5.4,65,325.38,15,2,1,Digital-Preferred,1,1,0,0,1,0,3,629,0.296,9999,Low
CUST-00862,Siyanda,Mthembu,23,Male,Single,3,Postgraduate,Gauteng,Employed,68100.0,Affluent,45000.0,4.7,42,901.26,24,1,4,Digital-Only,1,1,1,0,1,1,5,522,0.468,1175,Low
CUST-00863,Thabo,Williams,42,Male,Single,2,Postgraduate,KwaZulu-Natal,Employed,88100.0,High Net Worth,55800.0,14.7,73,965.42,16,5,0,Digital-Preferred,1,1,1,1,1,1,6,776,0.273,9999,Low
CUST-00864,Jade,Joubert,32,Female,Single,1,Diploma,KwaZulu-Natal,Employed,15800.0,LSM 5-6,12700.0,11.6,27,345.39,18,3,1,Digital-Preferred,1,0,0,1,0,0,2,646,0.578,191,Low
CUST-00865,Thabo,Ndlovu,27,Male,Married,4,Diploma,KwaZulu-Natal,Retired,5303.13,LSM 1-4,5200.0,5.5,15,434.66,20,3,6,Digital-Preferred,0,0,0,1,1,0,2,438,0.842,68,Medium
CUST-00866,Tayla,Pretorius,37,Female,Single,0,Postgraduate,Western Cape,Self-Employed,126200.0,High Net Worth,66900.0,13.9,103,614.12,21,2,3,Digital-Preferred,1,0,1,1,1,0,4,676,0.331,332,Low
CUST-00867,Lethiwe,Nkosi,23,Male,Single,1,Matric,KwaZulu-Natal,Employed,9600.0,LSM 5-6,7900.0,5.4,19,169.8,24,1,4,Digital-Only,1,0,0,0,1,0,2,497,0.606,572,Medium
CUST-00868,Rayan,Mthembu,29,Male,Single,0,Matric,Western Cape,Self-Employed,11200.0,LSM 5-6,5600.0,5.7,19,228.14,15,4,1,Digital-Preferred,1,1,0,0,1,0,3,547,0.522,167,Low
CUST-00869,Kim,du Plessis,28,Female,Single,0,Postgraduate,KwaZulu-Natal,Self-Employed,57700.0,Affluent,43100.0,0.9,63,742.32,19,5,0,Digital-Preferred,1,1,1,0,1,1,5,671,0.415,850,Low
CUST-00870,Arjun,Daniels,31,Male,Divorced,1,Degree,Free State,Self-Employed,32100.0,LSM 7-8,16700.0,10.2,24,1043.19,31,1,2,Digital-Only,1,1,1,0,1,0,4,607,0.428,9999,Low
CUST-00871,Priya,Ndlovu,33,Male,Single,0,Diploma,Gauteng,Employed,16100.0,LSM 5-6,9200.0,7.9,32,133.05,16,4,1,Digital-Preferred,1,1,0,1,0,0,3,599,0.434,1486,Low
CUST-00872,Palesa,Cele,25,Female,Married,0,Matric,Western Cape,Unemployed,2788.58,LSM 1-4,1600.0,5.7,22,55.68,19,1,4,Digital-Preferred,0,1,0,0,0,0,1,489,0.615,545,High
CUST-00873,Chanel,Sithole,36,Female,Married,3,Diploma,Gauteng,Employed,17500.0,LSM 5-6,13000.0,3.2,28,646.1,20,3,0,Digital-Preferred,1,0,1,1,1,0,4,692,0.431,160,Low
CUST-00874,Heinrich,du Plessis,32,Male,Single,0,Postgraduate,KwaZulu-Natal,Employed,45400.0,Affluent,31700.0,13.9,37,1108.86,13,1,2,Digital-Preferred,1,1,1,1,1,1,6,667,0.531,550,Low
CUST-00875,Nandi,Dlamini,20,Female,Single,2,Diploma,Western Cape,Employed,21400.0,LSM 7-8,14400.0,2.5,27,403.55,17,2,0,Digital-Preferred,1,0,1,1,0,0,3,645,0.375,9999,Low
CUST-00876,Zanele,Naidoo,20,Female,Married,4,Diploma,Limpopo,Employed,5000.0,LSM 1-4,4800.0,0.5,7,654.56,11,4,6,Digital-Preferred,1,0,0,0,0,0,1,365,0.0,81,High
CUST-00877,Ashleigh,Botha,31,Female,Married,0,Diploma,Free State,Employed,18600.0,LSM 5-6,8900.0,2.3,18,716.98,10,1,1,Passive,1,0,1,1,0,0,3,653,0.307,9999,Low
CUST-00878,Tebogo,Jacobs,30,Male,Married,3,Degree,Western Cape,Employed,33400.0,LSM 7-8,24800.0,9.0,33,853.81,10,6,4,Branch-Preferred,1,1,1,0,1,0,4,507,0.59,315,Low
CUST-00879,Jason,Ngubane,31,Male,Single,0,Postgraduate,Gauteng,Self-Employed,115900.0,High Net Worth,68400.0,9.6,80,1061.69,31,0,2,Digital-Only,1,1,1,1,1,1,6,689,0.337,9999,Low
CUST-00880,Ashleigh,Botha,53,Female,Married,2,Matric,Limpopo,Unemployed,1634.14,LSM 1-4,1700.0,3.7,9,423.17,14,5,2,Digital-Preferred,1,0,0,0,0,0,1,596,0.0,444,Medium
CUST-00881,Nomvula,Mthembu,33,Female,Single,0,Diploma,Gauteng,Employed,14100.0,LSM 5-6,6800.0,7.3,11,728.93,22,2,1,Digital-Preferred,1,0,0,0,0,0,1,610,0.0,9999,Medium
CUST-00882,Arjun,Williams,37,Male,Married,3,Matric,Western Cape,Employed,8700.0,LSM 5-6,8300.0,7.6,21,423.95,22,3,4,Digital-Preferred,1,1,1,0,0,0,3,560,0.672,345,Low
CUST-00883,Kavitha,Smith,25,Female,Single,1,Diploma,Mpumalanga,Self-Employed,29500.0,LSM 7-8,15300.0,4.9,43,221.62,13,7,2,Digital-Preferred,1,1,0,1,1,0,4,534,0.416,1819,Low
CUST-00884,Kagiso,Motsepe,24,Male,Single,1,Matric,KwaZulu-Natal,Employed,9100.0,LSM 5-6,5400.0,1.9,34,109.98,15,4,0,Digital-Preferred,1,0,0,0,0,0,1,599,0.0,708,High
CUST-00885,Tayla,van der Berg,49,Female,Married,0,Diploma,Western Cape,Employed,26400.0,LSM 7-8,16500.0,9.6,19,832.85,22,2,3,Digital-Preferred,1,1,0,1,1,0,4,602,0.56,9999,Low
CUST-00886,Nokwanda,Johnson,53,Female,Married,2,Diploma,Gauteng,Unemployed,1730.94,LSM 1-4,1800.0,7.6,4,689.8,20,3,8,Digital-Preferred,1,0,0,0,0,0,1,384,0.0,450,High
CUST-00887,Palesa,Ngubane,55,Female,Single,1,Matric,Gauteng,Employed,11500.0,LSM 5-6,7400.0,7.5,17,470.56,20,1,1,Digital-Preferred,1,1,0,0,0,0,2,606,0.436,9999,Medium
CUST-00888,Kim,Cele,29,Female,Married,2,Matric,Free State,Employed,5000.0,LSM 1-4,4200.0,2.8,20,247.16,1,4,0,Branch-Preferred,1,0,0,0,1,0,2,612,0.606,167,High
CUST-00889,Arjun,Cele,18,Male,Married,4,Matric,Gauteng,Unemployed,1896.56,LSM 1-4,2000.0,0.5,11,50.0,23,1,6,Digital-Only,1,0,0,1,0,0,2,370,1.0,160,Medium
CUST-00890,Nokwanda,Maharaj,21,Female,Single,1,Matric,KwaZulu-Natal,Self-Employed,11900.0,LSM 5-6,6600.0,2.7,27,485.34,14,2,4,Digital-Preferred,1,1,0,0,0,0,2,477,0.655,332,High
CUST-00891,Siyanda,Nxumalo,27,Male,Married,2,Degree,Western Cape,Employed,37100.0,LSM 7-8,19900.0,8.3,40,344.03,18,2,2,Digital-Preferred,1,1,0,1,1,0,4,638,0.442,9999,Low
CUST-00892,Palesa,Ndlovu,28,Female,Married,0,Matric,KwaZulu-Natal,Unemployed,2216.44,LSM 1-4,1500.0,8.3,3,443.06,9,5,2,Branch-Preferred,1,0,0,0,0,0,1,568,0.0,123,Medium
CUST-00893,Lindiwe,Khumalo,29,Female,Married,4,Matric,Gauteng,Retired,5014.76,LSM 1-4,5300.0,7.1,15,615.21,11,3,5,Digital-Preferred,1,0,0,0,0,0,1,468,0.0,191,High
CUST-00894,Tebogo,February,32,Male,Single,1,Postgraduate,Gauteng,Employed,94700.0,High Net Worth,62200.0,6.6,64,1149.2,20,3,0,Digital-Preferred,1,0,0,0,1,1,3,742,0.404,9999,Low
CUST-00895,Johan,Johnson,43,Male,Married,0,Matric,Western Cape,Unemployed,1451.89,LSM 1-4,800.0,2.7,7,50.0,8,1,2,Passive,1,0,0,0,0,0,1,589,0.0,9999,High
CUST-00896,Sipho,Jacobs,38,Male,Married,1,Degree,KwaZulu-Natal,Employed,17000.0,LSM 5-6,11400.0,6.1,19,384.24,18,3,2,Digital-Preferred,1,1,0,1,0,0,3,535,0.521,554,Low
CUST-00897,Nkosinathi,Buthelezi,27,Male,Married,4,Diploma,Limpopo,Employed,16900.0,LSM 5-6,11400.0,5.5,28,366.4,16,3,0,Digital-Preferred,1,1,0,0,0,0,2,657,0.434,1831,Medium
CUST-00898,Sandile,van der Berg,50,Male,Single,1,Diploma,KwaZulu-Natal,Employed,30200.0,LSM 7-8,20700.0,10.3,31,552.46,10,6,2,Branch-Preferred,1,1,1,0,1,0,4,670,0.348,2215,Low
CUST-00899,Samantha,Botha,41,Female,Single,1,Diploma,North West,Employed,14400.0,LSM 5-6,8100.0,4.5,17,182.99,12,1,1,Digital-Preferred,1,0,0,0,0,0,1,602,0.0,1478,Medium
CUST-00900,Samantha,Pretorius,22,Female,Single,0,Matric,KwaZulu-Natal,Employed,8500.0,LSM 5-6,5800.0,1.8,33,50.0,15,3,2,Digital-Preferred,1,1,0,0,0,0,2,524,0.512,139,Medium
CUST-00901,Jade,Dlamini,34,Female,Married,2,Degree,KwaZulu-Natal,Self-Employed,45800.0,Affluent,32300.0,14.2,34,400.39,18,4,3,Digital-Preferred,1,1,1,1,1,0,5,601,0.508,9999,Low
CUST-00902,Bongiwe,Pillay,32,Female,Married,3,Degree,North West,Employed,30000.0,LSM 7-8,20500.0,11.7,33,802.01,15,5,0,Digital-Preferred,1,1,1,1,1,0,5,660,0.42,9999,Low
CUST-00903,Anika,Nkosi,31,Female,Married,3,Matric,Mpumalanga,Unemployed,1956.0,LSM 1-4,2100.0,2.5,18,284.87,19,4,10,Digital-Preferred,0,0,0,0,0,0,0,300,0.0,10,Medium
CUST-00904,Ruan,Buthelezi,41,Male,Single,0,Degree,KwaZulu-Natal,Employed,29200.0,LSM 7-8,13300.0,11.4,32,697.56,9,1,1,Passive,1,1,0,0,0,0,2,680,0.357,704,Low
CUST-00905,Jade,Buthelezi,28,Female,Single,2,Diploma,KwaZulu-Natal,Unemployed,2972.3,LSM 1-4,3100.0,1.8,6,587.31,11,7,1,Digital-Preferred,1,1,0,1,0,0,3,581,0.617,9999,Low
CUST-00906,Zara,Govender,44,Female,Married,3,Degree,Mpumalanga,Employed,50400.0,Affluent,27100.0,7.1,37,642.77,19,7,4,Digital-Preferred,1,1,1,0,1,1,5,595,0.417,1287,Low
CUST-00907,Ashleigh,Brown,30,Female,Single,0,Degree,Gauteng,Employed,56500.0,Affluent,33300.0,6.0,54,821.35,12,4,2,Digital-Preferred,1,1,1,0,0,1,4,642,0.478,9999,Low
CUST-00908,Liezel,Reddy,50,Female,Single,1,No Matric,KwaZulu-Natal,Unemployed,2044.29,LSM 1-4,2100.0,4.9,21,50.0,25,4,5,Digital-Preferred,1,0,0,0,0,0,1,431,0.0,1238,High
CUST-00909,Ashleigh,Mthethwa,38,Female,Married,3,Degree,Western Cape,Self-Employed,49100.0,Affluent,32800.0,10.1,43,497.49,15,3,1,Digital-Preferred,1,1,1,1,1,1,6,701,0.314,9999,Low
CUST-00910,Zara,Pretorius,25,Female,Married,2,Postgraduate,Mpumalanga,Employed,65200.0,Affluent,47300.0,4.8,44,1045.55,27,3,0,Digital-Preferred,1,1,0,0,1,0,3,665,0.44,3650,Low
CUST-00911,Zara,Pretorius,27,Female,Single,0,Degree,Western Cape,Employed,26100.0,LSM 7-8,18500.0,7.3,28,742.92,13,6,3,Digital-Preferred,1,0,0,0,1,0,2,558,0.623,281,High
CUST-00912,Heinrich,Khumalo,34,Male,Single,0,Matric,Western Cape,Self-Employed,5500.0,LSM 1-4,3300.0,4.2,27,50.0,23,0,0,Digital-Only,0,0,0,0,0,0,0,622,0.0,1609,Medium
CUST-00913,Bongiwe,Jacobs,49,Female,Married,1,Degree,Free State,Employed,56700.0,Affluent,27200.0,9.9,41,453.91,21,5,0,Digital-Preferred,1,1,1,0,1,1,5,762,0.297,9999,Low
CUST-00914,André,Williams,27,Male,Married,2,Diploma,Gauteng,Employed,9000.0,LSM 5-6,8600.0,5.7,14,530.92,16,0,3,Digital-Preferred,1,1,0,0,0,0,2,488,0.679,9999,Medium
CUST-00915,Mandla,Cele,53,Male,Married,1,Matric,Limpopo,Unemployed,1973.05,LSM 1-4,1600.0,1.0,13,205.46,10,5,0,Branch-Preferred,0,0,0,0,0,0,0,659,0.0,9999,High
CUST-00916,Kavitha,Ndlovu,38,Female,Married,1,Degree,Gauteng,Employed,32000.0,LSM 7-8,20100.0,8.6,41,461.16,22,5,3,Digital-Preferred,1,1,1,0,1,0,4,577,0.343,942,Low
CUST-00917,Lethiwe,Khumalo,40,Male,Single,0,Diploma,Limpopo,Employed,21800.0,LSM 7-8,15500.0,6.7,21,1265.39,14,2,2,Digital-Preferred,1,1,1,1,0,0,4,609,0.449,9999,Low
CUST-00918,Aaliya,Naidoo,35,Female,Single,0,Degree,Western Cape,Employed,47700.0,Affluent,28600.0,6.0,47,581.3,13,6,3,Digital-Preferred,1,1,1,0,0,0,3,531,0.698,2801,Low
CUST-00919,Johan,Nkosi,40,Male,Married,4,Diploma,KwaZulu-Natal,Student,2051.63,LSM 1-4,2200.0,3.9,23,245.78,14,3,8,Digital-Preferred,1,0,0,1,0,0,2,356,0.841,152,Medium
CUST-00920,Fatima,Ndlovu,59,Female,Married,0,Matric,Western Cape,Employed,15500.0,LSM 5-6,8600.0,4.8,9,665.81,0,9,0,Branch-Preferred,1,0,1,0,0,0,2,669,0.363,986,Low
CUST-00921,Kagiso,Govender,30,Male,Single,0,Postgraduate,Mpumalanga,Employed,73100.0,Affluent,39500.0,6.3,49,923.5,24,2,2,Digital-Preferred,1,1,1,1,1,0,5,635,0.41,9999,Low
CUST-00922,Aaliya,Zulu,26,Female,Married,1,Diploma,Western Cape,Employed,16400.0,LSM 5-6,11000.0,10.0,21,431.34,19,1,0,Digital-Preferred,1,1,0,0,0,0,2,640,0.464,9999,Low
CUST-00923,Devan,Mthembu,32,Male,Single,0,Diploma,Gauteng,Self-Employed,22300.0,LSM 7-8,14600.0,12.8,34,427.57,26,4,1,Digital-Preferred,1,0,1,1,0,0,3,627,0.387,452,Low
CUST-00924,Siyanda,Dlamini,28,Male,Married,3,Diploma,Gauteng,Employed,14700.0,LSM 5-6,9000.0,0.5,23,728.67,25,4,1,Digital-Preferred,1,0,1,0,0,0,2,593,0.525,9999,High
CUST-00925,Mandla,Reddy,31,Male,Single,0,Matric,Eastern Cape,Employed,3400.0,LSM 1-4,1900.0,6.7,22,50.0,21,3,1,Digital-Preferred,1,0,0,0,0,0,1,554,0.0,1939,Medium
CUST-00926,Shenay,Motsepe,43,Female,Married,2,Diploma,Eastern Cape,Employed,24000.0,LSM 7-8,13000.0,9.5,13,738.4,14,4,0,Digital-Preferred,1,0,0,0,0,1,2,706,0.0,9999,Low
CUST-00927,Megan,Buthelezi,58,Female,Divorced,0,Matric,KwaZulu-Natal,Unemployed,0.0,LSM 1-4,0.0,4.4,14,50.0,5,4,0,Branch-Preferred,1,0,0,0,0,0,1,692,0.0,9999,Low
CUST-00928,Zara,Naidoo,52,Female,Divorced,2,Postgraduate,Gauteng,Employed,81700.0,High Net Worth,44100.0,13.2,43,1060.16,23,7,0,Digital-Preferred,1,1,1,0,1,1,5,835,0.211,9999,Low
CUST-00929,Musa,Khumalo,36,Male,Married,0,Postgraduate,Limpopo,Employed,97400.0,High Net Worth,53100.0,15.0,86,641.17,18,5,0,Digital-Preferred,1,1,0,0,0,0,2,725,0.162,3650,Low
CUST-00930,Kefilwe,Pretorius,32,Female,Married,1,Degree,KwaZulu-Natal,Employed,21200.0,LSM 7-8,10400.0,2.3,35,312.56,13,4,0,Digital-Preferred,1,1,1,1,0,0,4,662,0.149,9999,Low
CUST-00931,Dylan,Botha,32,Male,Married,2,Matric,Gauteng,Employed,9000.0,LSM 5-6,5300.0,6.0,14,121.47,18,2,5,Digital-Preferred,1,0,0,0,0,0,1,445,0.0,9999,Medium
CUST-00932,Megan,Govender,34,Female,Married,3,Degree,KwaZulu-Natal,Employed,33300.0,LSM 7-8,22900.0,13.1,15,1931.94,15,2,0,Digital-Preferred,1,1,1,1,1,1,6,759,0.263,116,Low
CUST-00933,Megan,Naidoo,38,Female,Single,0,No Matric,Western Cape,Self-Employed,12000.0,LSM 5-6,5400.0,2.1,17,610.55,13,2,0,Digital-Preferred,1,1,0,0,1,0,3,651,0.255,9999,Low
CUST-00934,Sandile,Govender,41,Male,Married,1,Degree,Free State,Employed,27600.0,LSM 7-8,13200.0,6.5,38,373.43,10,3,0,Passive,1,1,0,0,0,1,3,671,0.363,9999,Low
CUST-00935,Mihlali,Nxumalo,33,Female,Married,4,Diploma,Eastern Cape,Employed,19600.0,LSM 5-6,12400.0,5.0,27,155.03,4,3,2,Passive,1,1,0,0,1,0,3,561,0.475,999,Medium
CUST-00936,Palesa,Zulu,35,Female,Married,2,Postgraduate,Gauteng,Employed,107700.0,High Net Worth,64300.0,12.7,97,979.78,31,1,3,Digital-Only,1,1,1,0,1,1,5,656,0.428,207,Low
CUST-00937,Kyle,du Plessis,25,Male,Married,0,Matric,Mpumalanga,Employed,6300.0,LSM 1-4,3200.0,8.1,13,473.52,13,6,0,Digital-Preferred,0,0,0,1,0,0,1,615,0.447,9999,High
CUST-00938,Marco,Nkosi,64,Male,Married,0,Matric,KwaZulu-Natal,Self-Employed,13400.0,LSM 5-6,6300.0,6.4,36,195.56,12,3,1,Digital-Preferred,1,0,0,0,0,0,1,633,0.0,1404,Medium
CUST-00939,Tebogo,van der Berg,37,Male,Single,0,Postgraduate,Free State,Employed,50700.0,Affluent,28600.0,8.5,29,1225.96,16,6,1,Digital-Preferred,1,1,1,1,1,0,5,679,0.275,9999,Low
CUST-00940,Lethiwe,Naidoo,37,Male,Single,0,Diploma,KwaZulu-Natal,Employed,28900.0,LSM 7-8,18500.0,1.8,24,671.97,13,2,1,Digital-Preferred,1,1,0,0,0,0,2,593,0.443,942,Medium
CUST-00941,Pieter,Daniels,33,Male,Married,5,Degree,North West,Employed,29400.0,LSM 7-8,20500.0,11.2,20,832.95,0,5,1,Branch-Preferred,1,1,0,0,1,0,3,640,0.394,9999,Low
CUST-00942,Nandi,Govender,37,Female,Single,2,Postgraduate,Mpumalanga,Self-Employed,29800.0,LSM 7-8,22000.0,5.9,37,626.07,17,1,1,Digital-Preferred,1,1,1,0,1,0,4,660,0.503,334,Low
CUST-00943,Nhlanhla,February,50,Male,Married,0,Diploma,Mpumalanga,Retired,6884.38,LSM 1-4,4300.0,5.0,6,406.12,7,7,2,Branch-Preferred,1,0,0,0,0,0,1,602,0.0,1108,Medium
CUST-00944,Siphokazi,du Plessis,39,Female,Single,2,Diploma,Gauteng,Employed,20500.0,LSM 7-8,16900.0,9.3,33,290.09,18,1,3,Digital-Preferred,1,0,0,1,0,0,2,551,0.559,595,Medium
CUST-00945,Shenay,van der Berg,48,Female,Married,5,Diploma,Mpumalanga,Employed,23800.0,LSM 7-8,18100.0,7.2,32,674.4,15,5,2,Digital-Preferred,1,1,0,1,1,0,4,627,0.572,322,Low
CUST-00946,Megan,Cele,52,Female,Married,0,Degree,Limpopo,Retired,14894.23,LSM 5-6,9300.0,9.0,22,470.72,16,2,5,Digital-Preferred,1,1,0,1,0,0,3,502,0.671,465,Low
CUST-00947,Ashleigh,Govender,34,Female,Single,0,Postgraduate,KwaZulu-Natal,Retired,35869.3,LSM 7-8,16900.0,9.2,34,220.73,15,4,1,Digital-Preferred,1,1,0,1,1,1,5,733,0.258,712,Low
CUST-00948,Nhlanhla,Daniels,18,Male,Single,0,Matric,Western Cape,Employed,5900.0,LSM 1-4,3900.0,1.6,6,568.2,23,4,0,Digital-Preferred,0,0,0,0,0,0,0,557,0.0,9999,High
CUST-00949,Devan,Ngubane,34,Male,Single,2,Degree,Eastern Cape,Employed,37300.0,LSM 7-8,28800.0,8.4,41,434.83,20,4,5,Digital-Preferred,1,0,1,1,0,1,4,523,0.541,360,Low
CUST-00950,Rayan,Mthembu,18,Male,Single,0,Matric,North West,Unemployed,2082.28,LSM 1-4,1400.0,0.5,8,77.29,21,2,3,Digital-Preferred,1,0,0,0,0,0,1,487,0.0,277,High
CUST-00951,Ayanda,Dlamini,21,Female,Single,0,Diploma,Limpopo,Retired,7903.64,LSM 1-4,4800.0,2.1,22,98.61,20,2,1,Digital-Preferred,1,0,0,0,0,0,1,546,0.0,337,High
CUST-00952,Aaliya,Naidoo,57,Female,Divorced,2,Diploma,KwaZulu-Natal,Self-Employed,27700.0,LSM 7-8,21800.0,10.1,41,730.15,0,7,3,Branch-Preferred,1,0,1,1,1,0,4,594,0.445,2948,Low
CUST-00953,Mandla,Govender,34,Male,Single,0,Degree,Eastern Cape,Employed,40900.0,Affluent,27900.0,5.0,36,743.64,19,1,1,Digital-Preferred,1,1,1,1,1,0,5,643,0.487,9999,Low
CUST-00954,André,Zulu,24,Male,Single,0,Diploma,Gauteng,Employed,18600.0,LSM 5-6,11300.0,1.9,34,283.7,20,1,1,Digital-Preferred,1,0,0,0,0,0,1,551,0.0,9999,High
CUST-00955,Fatima,Dlamini,27,Female,Married,3,Matric,KwaZulu-Natal,Student,2495.61,LSM 1-4,2600.0,2.5,14,107.23,12,6,7,Digital-Preferred,0,0,0,0,0,0,0,356,0.0,14,Medium
CUST-00956,Kyle,Govender,39,Male,Divorced,0,Matric,Limpopo,Employed,9400.0,LSM 5-6,4900.0,6.1,22,50.0,7,3,2,Passive,1,0,0,0,0,0,1,554,0.0,1594,Medium
CUST-00957,Kim,Sithole,29,Female,Married,1,Matric,Eastern Cape,Employed,6600.0,LSM 1-4,3700.0,9.6,5,720.27,27,3,4,Digital-Preferred,0,0,0,0,0,0,0,502,0.0,657,Medium
CUST-00958,Devan,Mthethwa,45,Male,Married,1,Matric,Limpopo,Unemployed,1134.83,LSM 1-4,1200.0,6.7,6,296.57,7,7,4,Branch-Preferred,0,0,0,0,0,0,0,452,0.0,637,High
CUST-00959,Ruan,Cele,31,Male,Single,0,Degree,Western Cape,Employed,42300.0,Affluent,28900.0,1.0,33,922.08,22,1,3,Digital-Only,1,0,1,0,0,0,2,513,0.565,1433,Medium
CUST-00960,Vusi,Maharaj,34,Male,Married,1,Diploma,KwaZulu-Natal,Employed,22200.0,LSM 7-8,10600.0,8.4,36,432.97,14,3,0,Digital-Preferred,1,1,0,1,1,1,5,679,0.271,9999,Low
CUST-00961,Nhlanhla,Adams,37,Male,Married,2,Matric,Limpopo,Employed,10800.0,LSM 5-6,5800.0,4.4,15,534.92,17,0,3,Digital-Preferred,1,0,0,0,0,0,1,555,0.0,314,High
CUST-00962,Kyle,Nkosi,32,Male,Married,0,Degree,Gauteng,Employed,31100.0,LSM 7-8,18800.0,8.6,37,947.73,12,5,0,Digital-Preferred,1,1,1,0,0,0,3,632,0.491,758,Low
CUST-00963,Nozipho,Ndlovu,25,Female,Married,0,Matric,Free State,Employed,6800.0,LSM 1-4,4200.0,4.1,15,54.25,11,5,2,Digital-Preferred,1,0,0,0,0,0,1,568,0.0,44,Medium
CUST-00964,Ruan,du Plessis,31,Male,Married,3,Matric,North West,Self-Employed,4500.0,LSM 1-4,4700.0,2.7,11,474.22,5,8,4,Branch-Preferred,1,1,0,0,0,0,2,497,0.772,95,High
CUST-00965,Shenay,Pillay,31,Female,Married,0,Postgraduate,Mpumalanga,Employed,33100.0,LSM 7-8,21500.0,7.0,21,1093.17,18,1,4,Digital-Preferred,1,1,1,1,0,1,5,501,0.5,479,Low
CUST-00966,Sipho,Zulu,23,Male,Single,0,Matric,Mpumalanga,Self-Employed,19100.0,LSM 5-6,13500.0,2.2,8,1623.54,12,3,1,Digital-Preferred,1,1,0,1,0,0,3,603,0.51,9999,Medium
CUST-00967,Heinrich,Khumalo,30,Male,Single,1,Diploma,Western Cape,Employed,5300.0,LSM 1-4,5000.0,6.3,12,290.17,11,5,4,Digital-Preferred,0,0,0,0,0,0,0,459,0.0,1948,High
CUST-00968,Lethiwe,Reddy,27,Male,Married,3,Diploma,Western Cape,Retired,9454.46,LSM 5-6,7700.0,2.8,15,613.09,8,2,3,Passive,1,0,0,1,0,0,2,528,0.643,522,Medium
CUST-00969,Nkosinathi,van der Berg,37,Male,Married,1,Matric,Mpumalanga,Self-Employed,10400.0,LSM 5-6,5200.0,2.3,11,553.29,18,2,0,Digital-Preferred,1,0,0,0,0,0,1,640,0.0,205,Medium
CUST-00970,André,Zulu,32,Male,Single,0,Matric,KwaZulu-Natal,Retired,5249.67,LSM 1-4,3400.0,7.5,15,50.0,17,3,3,Digital-Preferred,1,0,0,0,0,0,1,554,0.0,626,High
CUST-00971,Sipho,Pillay,60,Male,Married,2,No Matric,Mpumalanga,Unemployed,909.99,LSM 1-4,1000.0,8.4,27,50.0,16,3,4,Digital-Preferred,1,0,0,0,0,0,1,516,0.0,20,Medium
CUST-00972,Thandi,Mthembu,31,Female,Married,3,Matric,Gauteng,Employed,4300.0,LSM 1-4,4500.0,7.0,26,74.76,12,2,4,Digital-Preferred,0,0,0,0,0,0,0,503,0.0,567,Medium
CUST-00973,Mihlali,Nxumalo,33,Female,Married,1,Degree,Mpumalanga,Self-Employed,44800.0,Affluent,24500.0,6.0,41,462.87,2,7,1,Branch-Preferred,1,1,1,1,1,0,5,695,0.469,1868,Low
CUST-00974,Chanel,Maharaj,35,Female,Married,1,Diploma,Western Cape,Unemployed,0.0,LSM 1-4,0.0,2.8,11,120.55,23,1,0,Digital-Only,0,0,0,0,0,0,0,601,0.0,2144,High
CUST-00975,Lungelo,Nxumalo,26,Male,Single,0,Diploma,Mpumalanga,Employed,13400.0,LSM 5-6,9700.0,3.0,25,203.2,15,5,1,Digital-Preferred,1,1,0,1,1,0,4,598,0.479,918,Low
CUST-00976,Bongiwe,Mthembu,25,Female,Single,1,Diploma,Western Cape,Employed,12300.0,LSM 5-6,7700.0,7.2,21,331.14,12,2,1,Digital-Preferred,0,0,0,1,1,1,3,630,0.428,9999,Low
CUST-00977,Lerato,Jacobs,38,Female,Single,0,Postgraduate,Eastern Cape,Employed,56900.0,Affluent,28100.0,6.3,54,178.99,20,1,4,Digital-Preferred,1,1,1,1,1,0,5,497,0.586,922,Low
CUST-00978,Pieter,Nxumalo,29,Male,Married,3,Matric,North West,Employed,9800.0,LSM 5-6,7900.0,8.3,19,105.49,19,2,0,Digital-Preferred,1,1,0,0,0,0,2,625,0.589,1050,Low
CUST-00979,Sandile,Pretorius,23,Male,Single,0,Degree,KwaZulu-Natal,Employed,36000.0,LSM 7-8,23000.0,5.4,35,503.25,10,5,2,Branch-Preferred,1,1,1,0,0,0,3,607,0.489,3650,Low
CUST-00980,Nomvula,Smith,34,Female,Married,1,Matric,Gauteng,Employed,11700.0,LSM 5-6,7100.0,9.5,13,496.05,21,2,1,Digital-Preferred,1,0,0,1,1,0,3,641,0.428,9999,Low
CUST-00981,Anika,February,49,Female,Married,1,Postgraduate,Gauteng,Employed,85900.0,High Net Worth,40700.0,13.9,71,409.28,29,5,5,Digital-Preferred,1,0,1,0,1,1,4,594,0.377,9999,Low
CUST-00982,Luca,Daniels,22,Male,Single,0,Matric,Western Cape,Unemployed,3186.96,LSM 1-4,2300.0,4.6,3,795.21,20,3,5,Digital-Preferred,1,0,0,0,0,0,1,410,0.0,52,High
CUST-00983,Johan,Mokoena,33,Male,Single,1,Matric,Eastern Cape,Employed,14200.0,LSM 5-6,10000.0,1.5,22,114.29,12,5,0,Digital-Preferred,1,1,0,0,0,0,2,625,0.431,9999,High
CUST-00984,Bongiwe,Johnson,36,Female,Married,3,Diploma,Eastern Cape,Self-Employed,15400.0,LSM 5-6,9800.0,7.9,4,2406.99,20,3,4,Digital-Preferred,1,0,1,1,1,0,4,524,0.535,417,Low
CUST-00985,Musa,Dlamini,34,Male,Married,1,Matric,Gauteng,Unemployed,1790.64,LSM 1-4,1900.0,5.5,14,95.02,13,2,4,Digital-Preferred,1,0,0,0,0,0,1,446,0.0,9999,High
CUST-00986,Thandi,Mokoena,45,Female,Single,0,Degree,Gauteng,Student,1815.69,LSM 1-4,900.0,4.0,4,50.0,15,9,0,Digital-Preferred,1,0,0,0,0,0,1,671,0.0,9999,High
CUST-00987,Palesa,Mkhize,23,Female,Single,1,Diploma,North West,Employed,2600.0,LSM 1-4,2300.0,7.0,22,150.22,8,2,2,Passive,1,0,0,0,0,0,1,534,0.0,9999,Medium
CUST-00988,Mihlali,Pretorius,33,Female,Single,0,Degree,Eastern Cape,Employed,30300.0,LSM 7-8,19400.0,6.6,31,192.0,8,2,0,Passive,1,1,0,1,1,0,4,670,0.445,229,Low
CUST-00989,Chanel,Brown,30,Female,Single,0,Matric,Gauteng,Employed,12700.0,LSM 5-6,7300.0,4.3,19,247.17,14,0,2,Digital-Preferred,1,0,1,0,0,0,2,518,0.571,9999,Medium
CUST-00990,Musa,Hendricks,29,Male,Married,3,Degree,Gauteng,Employed,31700.0,LSM 7-8,16500.0,9.9,35,628.93,25,1,0,Digital-Only,1,1,1,0,1,1,5,683,0.283,9999,Low
CUST-00991,Kim,February,56,Female,Married,1,Matric,Gauteng,Employed,10700.0,LSM 5-6,5400.0,4.5,11,50.0,0,8,5,Branch-Preferred,1,0,0,1,0,0,2,515,0.585,512,High
CUST-00992,Kavitha,Zulu,40,Female,Married,2,Postgraduate,Limpopo,Self-Employed,61800.0,Affluent,31900.0,7.4,61,657.15,16,2,1,Digital-Preferred,1,1,1,0,0,1,4,700,0.305,140,Low
CUST-00993,Nomvula,Adams,49,Female,Single,0,Diploma,Limpopo,Employed,20800.0,LSM 7-8,11000.0,3.0,30,133.48,4,2,1,Passive,1,0,0,1,0,0,2,626,0.391,215,Medium
CUST-00994,Ruan,Maharaj,39,Male,Married,1,Diploma,Eastern Cape,Employed,24000.0,LSM 7-8,10600.0,4.1,22,363.73,10,3,0,Passive,1,0,0,0,1,0,2,637,0.426,114,Low
CUST-00995,Johan,van der Berg,45,Male,Single,0,Degree,Eastern Cape,Self-Employed,38500.0,LSM 7-8,27300.0,5.4,28,1256.31,16,5,0,Digital-Preferred,1,1,1,1,1,0,5,703,0.445,9999,Low
CUST-00996,Thabo,Ndlovu,34,Male,Single,1,Diploma,Mpumalanga,Unemployed,2030.07,LSM 1-4,2100.0,7.0,8,137.11,17,3,3,Digital-Preferred,1,0,0,0,0,0,1,545,0.0,457,High
CUST-00997,Sbusiso,Ndlovu,36,Male,Married,1,Diploma,KwaZulu-Natal,Employed,13800.0,LSM 5-6,9100.0,2.9,18,828.31,11,5,1,Digital-Preferred,1,1,0,0,0,0,2,563,0.539,578,Low
CUST-00998,Megan,Williams,73,Female,Married,0,No Matric,KwaZulu-Natal,Retired,4681.49,LSM 1-4,2400.0,0.5,4,538.95,12,8,6,Digital-Preferred,0,0,0,0,0,0,0,421,0.0,1899,Medium
CUST-00999,Bongiwe,Ngubane,32,Female,Single,0,Degree,KwaZulu-Natal,Employed,38500.0,LSM 7-8,23000.0,8.5,32,701.83,16,4,0,Digital-Preferred,1,1,1,0,0,1,4,709,0.483,3650,Low
CUST-01000,Mihlali,Naidoo,36,Female,Married,1,Matric,Free State,Unemployed,812.03,LSM 1-4,900.0,3.2,6,318.45,19,4,2,Digital-Preferred,1,0,0,0,0,0,1,549,0.0,75,Medium
CUST-01001,Nozipho,Jacobs,62,Female,Married,0,No Matric,Western Cape,Unemployed,2073.1,LSM 1-4,1100.0,5.1,10,218.81,13,6,3,Digital-Preferred,1,0,0,0,0,0,1,549,0.0,557,High
CUST-01002,Bongani,Botha,27,Male,Married,0,Degree,Western Cape,Employed,32900.0,LSM 7-8,17200.0,9.3,30,604.15,18,4,1,Digital-Preferred,1,1,0,0,1,1,4,630,0.247,685,Low
CUST-01003,Sandile,Nxumalo,69,Male,Married,0,No Matric,Limpopo,Employed,5200.0,LSM 1-4,3000.0,5.6,17,83.81,15,8,0,Digital-Preferred,1,0,0,0,1,0,2,674,0.442,9999,Low
CUST-01004,Kiran,Botha,35,Male,Married,3,Degree,Gauteng,Employed,32400.0,LSM 7-8,16700.0,11.7,32,211.7,13,5,0,Digital-Preferred,1,1,1,1,1,0,5,755,0.178,9999,Low
CUST-01005,Jason,Nxumalo,47,Male,Married,2,Matric,KwaZulu-Natal,Unemployed,2034.22,LSM 1-4,2100.0,4.9,15,50.0,6,7,4,Branch-Preferred,0,0,0,0,0,0,0,534,0.0,506,Medium
CUST-01006,Heinrich,Mkhize,45,Male,Single,1,Matric,Eastern Cape,Employed,12400.0,LSM 5-6,10300.0,8.8,20,777.63,5,5,2,Branch-Preferred,1,0,0,0,0,0,1,585,0.0,68,Medium
CUST-01007,Devan,Daniels,36,Male,Married,2,Degree,Free State,Employed,41500.0,Affluent,21000.0,6.1,36,923.22,12,4,4,Digital-Preferred,1,0,0,1,0,0,2,521,0.509,339,High
CUST-01008,Heinrich,Mokoena,29,Male,Single,2,Matric,Gauteng,Employed,4800.0,LSM 1-4,4400.0,5.6,19,257.49,18,1,6,Digital-Preferred,1,1,0,0,0,0,2,457,0.706,323,High
CUST-01009,Kavitha,Reddy,36,Female,Married,2,Degree,KwaZulu-Natal,Employed,39500.0,LSM 7-8,25600.0,4.8,14,1473.83,25,0,3,Digital-Only,1,1,1,1,1,0,5,596,0.468,9999,Low
CUST-01010,Vusi,Maharaj,34,Male,Single,1,Diploma,North West,Self-Employed,28100.0,LSM 7-8,20600.0,4.4,26,637.85,9,3,0,Passive,1,1,0,1,1,0,4,680,0.333,9999,Low
CUST-01011,Thabo,du Plessis,73,Male,Married,0,Degree,Limpopo,Employed,53300.0,Affluent,30100.0,7.9,41,569.77,8,7,1,Branch-Preferred,1,1,0,0,1,1,4,646,0.284,2152,Low
CUST-01012,Vusi,du Plessis,40,Male,Married,4,Matric,Eastern Cape,Unemployed,2162.14,LSM 1-4,2300.0,1.2,12,80.51,9,3,3,Passive,0,1,0,0,0,0,1,535,0.51,2568,High
CUST-01013,Jade,Mkhize,28,Female,Single,0,Degree,Gauteng,Self-Employed,26100.0,LSM 7-8,12200.0,6.5,22,377.61,12,4,3,Digital-Preferred,1,1,1,1,0,1,5,562,0.438,9999,Low
CUST-01014,Liezel,Pretorius,22,Female,Single,0,Diploma,Gauteng,Employed,6600.0,LSM 1-4,3400.0,2.1,19,283.07,16,3,1,Digital-Preferred,1,0,0,1,0,0,2,577,0.464,9999,Low
CUST-01015,Arjun,Adams,25,Male,Single,0,Diploma,KwaZulu-Natal,Unemployed,2070.41,LSM 1-4,1500.0,5.2,17,137.71,16,4,6,Digital-Preferred,1,0,0,1,0,0,2,395,0.762,9999,Medium
CUST-01016,Thabo,Mkhize,44,Male,Married,2,Matric,Gauteng,Employed,11500.0,LSM 5-6,8700.0,1.8,7,1558.87,13,3,5,Digital-Preferred,1,1,0,0,0,0,2,507,0.695,62,High
CUST-01017,Nozipho,Nxumalo,32,Female,Single,0,Diploma,Limpopo,Employed,23900.0,LSM 7-8,11900.0,8.7,28,347.17,17,1,1,Digital-Preferred,1,1,1,0,0,0,3,614,0.475,288,Low
CUST-01018,Kefilwe,Reddy,30,Female,Single,1,Diploma,Limpopo,Employed,16000.0,LSM 5-6,11300.0,11.2,10,1170.04,6,4,4,Branch-Preferred,1,1,1,1,0,0,4,594,0.571,301,Low
CUST-01019,Bongiwe,February,53,Female,Widowed,1,No Matric,Mpumalanga,Employed,5100.0,LSM 1-4,4500.0,9.8,17,412.93,16,4,4,Digital-Preferred,0,1,0,0,0,0,1,541,0.522,94,Medium
CUST-01020,Samantha,Sithole,29,Female,Married,0,Diploma,Gauteng,Employed,6900.0,LSM 1-4,4100.0,11.2,11,577.06,5,6,0,Branch-Preferred,0,0,0,0,0,0,0,642,0.0,9999,Medium
CUST-01021,Mihlali,Smith,34,Female,Single,1,Diploma,KwaZulu-Natal,Employed,16100.0,LSM 5-6,8100.0,6.2,14,331.59,15,4,0,Digital-Preferred,1,1,0,1,1,0,4,645,0.464,846,Low
CUST-01022,Kavitha,Mkhize,65,Female,Married,1,Matric,Limpopo,Retired,5740.41,LSM 1-4,3200.0,4.3,3,1147.64,4,3,1,Passive,1,1,0,0,0,0,2,613,0.456,9999,Medium
CUST-01023,Heinrich,Joubert,34,Male,Single,0,Matric,Gauteng,Self-Employed,5000.0,LSM 1-4,3500.0,6.8,13,298.56,10,0,4,Passive,1,0,0,0,0,0,1,493,0.0,48,Medium
CUST-01024,Nandi,Jacobs,42,Female,Married,3,Matric,Gauteng,Retired,4505.39,LSM 1-4,4700.0,4.6,4,1235.56,14,3,6,Digital-Preferred,1,0,0,0,0,0,1,432,0.0,213,High
CUST-01025,Kyle,van der Berg,19,Male,Single,0,Diploma,KwaZulu-Natal,Employed,11400.0,LSM 5-6,7600.0,0.5,6,1278.59,20,4,3,Digital-Preferred,1,1,0,0,0,0,2,505,0.473,9999,Medium
CUST-01026,Nozipho,Pretorius,29,Female,Single,0,Degree,Gauteng,Employed,38500.0,LSM 7-8,17500.0,9.0,37,815.55,12,5,3,Digital-Preferred,1,0,1,0,1,0,3,570,0.528,671,Low
CUST-01027,Thabo,Khumalo,18,Male,Single,1,Degree,Gauteng,Employed,30400.0,LSM 7-8,20100.0,0.5,38,350.78,20,0,2,Digital-Preferred,1,1,0,0,1,1,4,567,0.437,9999,Low
CUST-01028,Arjun,Pretorius,32,Male,Single,1,Diploma,KwaZulu-Natal,Employed,21400.0,LSM 7-8,16400.0,2.0,27,417.41,8,5,5,Branch-Preferred,1,1,0,1,1,0,4,501,0.528,237,Low
CUST-01029,Kavitha,Joubert,31,Female,Single,0,Degree,Mpumalanga,Employed,56400.0,Affluent,32600.0,6.0,36,741.36,12,5,1,Digital-Preferred,1,1,1,0,1,0,4,680,0.483,9999,Low
CUST-01030,Palesa,February,38,Female,Married,3,No Matric,Gauteng,Retired,2173.32,LSM 1-4,2300.0,4.5,10,171.96,23,2,5,Digital-Preferred,1,0,0,1,0,0,2,480,0.741,1027,Medium
CUST-01031,Marco,Mkhize,39,Male,Married,2,Postgraduate,Western Cape,Unemployed,3056.11,LSM 1-4,3200.0,5.2,17,246.9,15,3,4,Digital-Preferred,1,1,0,0,1,0,3,525,0.586,9999,Medium
CUST-01032,Thandi,Motsepe,33,Female,Single,0,Matric,Western Cape,Employed,11600.0,LSM 5-6,8400.0,5.8,17,402.89,8,4,4,Branch-Preferred,1,0,0,1,1,0,3,486,0.572,114,Low
CUST-01033,Lethiwe,Govender,28,Male,Married,2,Matric,Western Cape,Unemployed,225.14,LSM 1-4,200.0,9.1,13,216.65,7,3,0,Passive,1,0,0,0,0,0,1,643,0.0,183,Medium
CUST-01034,Siyanda,Jacobs,34,Male,Single,1,Matric,Western Cape,Unemployed,1285.59,LSM 1-4,1300.0,1.2,7,185.01,19,2,4,Digital-Preferred,1,0,0,0,0,0,1,441,0.0,854,Medium
CUST-01035,Ayanda,Cele,60,Female,Single,0,No Matric,Gauteng,Unemployed,1482.15,LSM 1-4,700.0,4.6,8,68.22,6,6,1,Branch-Preferred,1,1,0,0,0,0,2,650,0.445,2051,Low
CUST-01036,Priya,Reddy,54,Male,Married,1,Degree,Gauteng,Employed,42900.0,Affluent,20800.0,5.2,33,364.25,12,2,0,Digital-Preferred,1,1,1,1,0,1,5,721,0.191,9999,Low
CUST-01037,Priya,Johnson,37,Male,Married,2,Matric,Western Cape,Unemployed,1650.77,LSM 1-4,1700.0,8.9,16,470.47,26,1,8,Digital-Only,1,1,0,0,0,0,2,407,0.782,389,Medium
CUST-01038,Kavitha,Naidoo,28,Female,Single,0,Matric,Free State,Unemployed,2061.95,LSM 1-4,1500.0,3.5,17,78.74,25,3,2,Digital-Preferred,1,0,0,1,0,0,2,578,0.504,1078,High
CUST-01039,Luca,Mthethwa,36,Male,Married,0,Matric,KwaZulu-Natal,Employed,10400.0,LSM 5-6,7100.0,4.7,12,919.09,12,5,5,Digital-Preferred,1,0,1,0,1,0,3,486,0.82,180,Medium
CUST-01040,Bongani,Nxumalo,36,Male,Married,1,Postgraduate,Western Cape,Employed,69800.0,Affluent,36800.0,12.8,63,459.67,18,5,1,Digital-Preferred,1,1,1,0,1,0,4,687,0.22,9999,Low
CUST-01041,André,Buthelezi,62,Male,Married,0,Diploma,Free State,Employed,26700.0,LSM 7-8,16800.0,10.8,16,1216.12,11,3,3,Digital-Preferred,1,1,0,0,1,0,3,554,0.399,666,Low
CUST-01042,Nokwanda,Nkosi,37,Female,Married,2,Postgraduate,Limpopo,Unemployed,1495.13,LSM 1-4,1600.0,9.5,10,50.0,0,5,8,Branch-Preferred,1,0,0,1,0,0,2,396,0.772,26,Medium
CUST-01043,Kyle,Khumalo,36,Male,Single,0,Degree,Limpopo,Employed,11200.0,LSM 5-6,6100.0,0.8,7,1235.24,10,4,0,Branch-Preferred,1,1,0,1,1,0,4,635,0.347,9999,Low
CUST-01044,Heinrich,Mthethwa,32,Male,Single,0,Degree,Western Cape,Employed,40900.0,Affluent,18600.0,9.2,28,888.44,4,1,0,Passive,1,1,1,0,1,1,5,723,0.278,1184,Low
CUST-01045,Zara,Zulu,27,Female,Married,3,Diploma,North West,Employed,10900.0,LSM 5-6,7000.0,6.3,6,1336.57,18,2,2,Digital-Preferred,1,0,1,1,0,0,3,593,0.436,1315,Low
CUST-01046,Johan,Dlamini,46,Male,Married,0,Matric,Western Cape,Unemployed,1796.84,LSM 1-4,800.0,5.0,6,50.0,16,4,0,Digital-Preferred,0,0,0,0,0,0,0,652,0.0,1713,High
CUST-01047,Sbusiso,Reddy,28,Male,Single,1,Matric,Eastern Cape,Unemployed,2973.86,LSM 1-4,2500.0,5.4,17,528.39,20,5,2,Digital-Preferred,0,0,0,0,0,0,0,549,0.0,9999,Medium
CUST-01048,Shenay,Mthembu,35,Female,Married,2,Matric,Limpopo,Employed,6300.0,LSM 1-4,4800.0,9.3,14,750.45,18,2,4,Digital-Preferred,1,0,0,0,1,0,2,480,0.701,338,Medium
CUST-01049,Jade,Zulu,26,Female,Single,0,Degree,KwaZulu-Natal,Employed,16600.0,LSM 5-6,10200.0,8.1,16,561.57,23,1,5,Digital-Only,1,0,0,1,0,1,3,513,0.56,1013,Low
CUST-01050,Tebogo,Pillay,64,Male,Married,1,No Matric,Free State,Retired,2992.43,LSM 1-4,2200.0,7.9,11,232.33,9,1,3,Passive,0,0,0,0,0,0,0,525,0.0,1768,High
CUST-01051,Megan,Williams,24,Female,Single,2,Matric,Free State,Employed,4200.0,LSM 1-4,4400.0,4.6,3,1652.03,8,0,0,Passive,1,0,0,0,0,0,1,596,0.0,594,High
CUST-01052,Fatima,Maharaj,40,Female,Single,0,Diploma,Western Cape,Employed,18800.0,LSM 5-6,11700.0,13.1,27,50.0,16,4,2,Digital-Preferred,1,0,1,1,0,0,3,626,0.354,9999,Low
CUST-01053,Bongani,Nkosi,40,Male,Divorced,1,No Matric,Gauteng,Student,1154.77,LSM 1-4,1200.0,3.9,3,629.17,4,3,2,Passive,1,0,0,0,0,0,1,561,0.0,3171,Medium
CUST-01054,Kim,Khumalo,46,Female,Divorced,1,No Matric,Limpopo,Employed,3800.0,LSM 1-4,3600.0,0.5,7,719.02,7,2,4,Passive,1,0,0,0,0,0,1,476,0.0,9999,High
CUST-01055,Ayanda,Adams,45,Female,Married,1,No Matric,KwaZulu-Natal,Unemployed,1330.19,LSM 1-4,1400.0,4.3,10,50.0,0,3,7,Passive,1,0,0,0,0,0,1,381,0.0,266,High
CUST-01056,Priya,Maharaj,40,Female,Divorced,2,Diploma,Western Cape,Employed,23000.0,LSM 7-8,13100.0,6.7,29,50.0,15,3,1,Digital-Preferred,1,1,1,1,0,0,4,668,0.351,2310,Low
CUST-01057,Nokwanda,Sithole,45,Female,Single,0,No Matric,Gauteng,Unemployed,1544.25,LSM 1-4,900.0,9.0,13,135.87,14,2,0,Digital-Preferred,1,0,0,0,0,0,1,630,0.0,2075,Medium
CUST-01058,Ayanda,Jacobs,34,Female,Divorced,0,Matric,Limpopo,Unemployed,734.95,LSM 1-4,500.0,3.5,10,50.0,13,3,1,Digital-Preferred,1,0,0,1,0,0,2,582,0.476,648,Medium
CUST-01059,Kavitha,Brown,32,Female,Married,3,Matric,Free State,Employed,6900.0,LSM 1-4,5000.0,6.9,26,50.0,10,4,1,Branch-Preferred,1,0,0,1,0,0,2,558,0.628,9999,Medium
CUST-01060,Shenay,Adams,34,Female,Single,0,Degree,Gauteng,Employed,43600.0,Affluent,22400.0,3.5,55,481.41,15,4,2,Digital-Preferred,1,1,1,0,0,1,4,576,0.523,1328,Low
CUST-01061,Shenay,Adams,31,Female,Married,3,Matric,Limpopo,Retired,5255.72,LSM 1-4,5500.0,8.6,14,656.45,10,3,1,Passive,1,0,0,0,0,0,1,569,0.0,441,Medium
CUST-01062,Bongiwe,Hendricks,40,Female,Married,0,No Matric,Mpumalanga,Unemployed,1753.96,LSM 1-4,700.0,5.3,10,50.0,25,1,0,Digital-Only,0,0,0,0,0,0,0,648,0.0,9999,Medium
CUST-01063,Tayla,Khumalo,29,Female,Single,0,Degree,Gauteng,Employed,9800.0,LSM 5-6,4600.0,4.8,15,543.69,15,4,2,Digital-Preferred,1,0,0,1,0,0,2,567,0.507,1076,High
CUST-01064,Zanele,Reddy,38,Female,Married,2,Degree,Gauteng,Employed,38200.0,LSM 7-8,26000.0,13.9,31,971.54,18,1,0,Digital-Preferred,1,1,1,0,0,0,3,698,0.313,3650,Low
CUST-01065,Luca,Williams,28,Male,Married,1,Matric,KwaZulu-Natal,Unemployed,2607.05,LSM 1-4,2100.0,8.4,15,50.0,16,4,3,Digital-Preferred,1,0,0,0,0,0,1,451,0.0,666,High
CUST-01066,Sandile,Nxumalo,31,Male,Single,0,Matric,Mpumalanga,Employed,12500.0,LSM 5-6,9000.0,2.7,29,199.52,14,3,2,Digital-Preferred,1,1,0,1,0,0,3,526,0.595,9999,Low
CUST-01067,Priya,Dlamini,52,Female,Single,1,Matric,Western Cape,Employed,5500.0,LSM 1-4,3600.0,5.0,3,1415.85,13,3,4,Digital-Preferred,1,0,0,1,0,0,2,497,0.49,450,Medium
CUST-01068,Dylan,Motsepe,54,Male,Single,1,Diploma,Gauteng,Employed,28900.0,LSM 7-8,14400.0,15.1,28,401.83,7,7,1,Branch-Preferred,1,1,0,1,0,0,3,694,0.373,9999,Low
CUST-01069,Palesa,Buthelezi,40,Female,Married,0,Matric,Gauteng,Unemployed,1240.43,LSM 1-4,800.0,11.0,23,198.6,11,3,3,Digital-Preferred,1,0,0,0,0,0,1,580,0.0,9999,Medium
CUST-01070,Nandi,Jacobs,31,Female,Single,0,Postgraduate,KwaZulu-Natal,Employed,57400.0,Affluent,29500.0,10.3,51,496.4,18,3,1,Digital-Preferred,1,1,1,1,0,0,4,639,0.482,55,Low
CUST-01071,Tayla,van der Berg,30,Female,Single,0,Degree,Gauteng,Employed,50600.0,Affluent,30700.0,1.5,47,797.44,16,2,2,Digital-Preferred,1,1,1,1,0,0,4,556,0.337,9999,Low
CUST-01072,Luca,Govender,52,Male,Single,1,Diploma,Eastern Cape,Employed,9000.0,LSM 5-6,5600.0,9.6,3,1952.49,0,8,3,Branch-Preferred,1,0,0,0,1,0,2,543,0.516,1580,High
CUST-01073,Palesa,February,30,Female,Single,0,No Matric,Gauteng,Employed,6400.0,LSM 1-4,3100.0,3.5,20,105.34,17,3,1,Digital-Preferred,1,0,0,0,0,0,1,582,0.0,9999,Medium
CUST-01074,Ruan,Hendricks,57,Male,Married,1,Degree,Limpopo,Employed,54700.0,Affluent,25500.0,12.6,55,602.25,19,2,0,Digital-Preferred,1,1,1,1,1,1,6,713,0.283,9999,Low
CUST-01075,Lerato,Adams,26,Female,Single,1,Degree,Limpopo,Employed,31300.0,LSM 7-8,15000.0,2.8,32,50.0,18,5,0,Digital-Preferred,1,1,0,0,1,0,3,596,0.495,9999,Low
CUST-01076,Ruan,Jacobs,33,Male,Married,1,Degree,Mpumalanga,Employed,42800.0,Affluent,22300.0,9.3,33,458.62,17,3,1,Digital-Preferred,1,1,1,0,0,1,4,675,0.301,9999,Low
CUST-01077,Siphokazi,Reddy,49,Female,Married,3,No Matric,Gauteng,Student,1823.94,LSM 1-4,1900.0,3.2,15,50.0,20,2,5,Digital-Preferred,0,0,0,0,0,0,0,496,0.0,265,Medium
CUST-01078,Nomvula,Nxumalo,48,Female,Married,2,Diploma,Eastern Cape,Employed,15600.0,LSM 5-6,10300.0,5.0,12,1092.87,18,2,2,Digital-Preferred,1,1,0,0,1,0,3,605,0.418,1042,Low
CUST-01079,Ashleigh,Maharaj,37,Female,Married,3,Degree,Limpopo,Self-Employed,39700.0,LSM 7-8,22800.0,9.5,27,555.21,22,4,1,Digital-Preferred,1,1,1,1,0,1,5,669,0.384,641,Low
CUST-01080,Kavitha,Ngubane,40,Female,Married,2,Postgraduate,Western Cape,Employed,34400.0,LSM 7-8,20100.0,3.3,39,508.45,16,6,1,Digital-Preferred,1,1,1,1,1,1,6,709,0.379,90,Low
CUST-01081,Nhlanhla,Mokoena,33,Male,Single,1,Diploma,Gauteng,Employed,18300.0,LSM 5-6,12200.0,13.3,31,457.03,12,3,2,Digital-Preferred,1,1,1,0,1,0,4,619,0.47,1456,Low
CUST-01082,Lungelo,Naidoo,31,Male,Married,0,Diploma,Gauteng,Employed,14100.0,LSM 5-6,9300.0,2.9,13,764.89,9,7,2,Branch-Preferred,1,0,1,0,0,1,3,553,0.594,487,Medium
CUST-01083,Bongani,Ngubane,34,Male,Single,0,Diploma,Eastern Cape,Employed,10500.0,LSM 5-6,6100.0,2.5,8,742.78,4,4,2,Branch-Preferred,1,0,0,1,1,0,3,553,0.555,9999,Medium
CUST-01084,Cleo,Dlamini,32,Female,Single,1,Degree,Western Cape,Employed,35500.0,LSM 7-8,17500.0,9.2,27,524.03,16,2,0,Digital-Preferred,1,1,1,1,1,1,6,745,0.223,9999,Low
CUST-01085,Kavitha,February,32,Female,Single,0,Postgraduate,North West,Employed,75000.0,Affluent,43500.0,11.9,62,652.28,23,1,0,Digital-Only,1,1,1,0,1,1,5,753,0.283,9999,Low
CUST-01086,Lethiwe,Joubert,29,Male,Single,0,Diploma,Mpumalanga,Retired,6241.02,LSM 1-4,4100.0,4.4,5,1014.95,18,3,0,Digital-Preferred,1,0,0,0,0,0,1,633,0.0,9999,Medium
CUST-01087,Arjun,Govender,38,Male,Married,2,Matric,Limpopo,Employed,11500.0,LSM 5-6,9100.0,2.6,28,187.34,17,3,1,Digital-Preferred,1,1,0,1,1,0,4,625,0.528,9999,Low
CUST-01088,Sbusiso,Daniels,22,Male,Single,1,No Matric,Free State,Retired,4963.03,LSM 1-4,4200.0,0.5,10,50.0,16,2,2,Digital-Preferred,1,1,0,0,0,0,2,515,0.558,847,Medium
CUST-01089,Nomvula,Naidoo,35,Female,Married,5,Diploma,Eastern Cape,Employed,26600.0,LSM 7-8,18700.0,3.7,31,696.46,19,3,2,Digital-Preferred,1,1,1,0,1,0,4,585,0.447,9999,Low
CUST-01090,Pieter,Pillay,59,Male,Married,1,Degree,Gauteng,Employed,29500.0,LSM 7-8,13200.0,7.9,24,849.17,10,2,3,Passive,1,1,0,1,0,1,4,582,0.312,1524,Low
CUST-01091,Tebogo,Hendricks,28,Male,Married,1,No Matric,Gauteng,Unemployed,1705.22,LSM 1-4,1600.0,4.9,16,50.0,16,0,1,Digital-Preferred,1,0,0,0,0,0,1,573,0.0,295,Medium
CUST-01092,Sipho,Ngubane,43,Male,Married,3,Matric,Mpumalanga,Employed,6300.0,LSM 1-4,6400.0,6.7,20,592.15,5,10,3,Branch-Preferred,0,1,0,1,0,0,2,562,0.715,9999,High
CUST-01093,Lungelo,Smith,36,Male,Single,0,Postgraduate,KwaZulu-Natal,Employed,67900.0,Affluent,45200.0,10.6,42,1180.32,16,4,2,Digital-Preferred,1,1,1,1,1,0,5,659,0.583,9999,Low
CUST-01094,Nkosinathi,Maharaj,33,Male,Married,3,Diploma,North West,Employed,29000.0,LSM 7-8,18200.0,9.4,24,527.06,10,7,1,Branch-Preferred,1,1,1,1,1,1,6,691,0.309,518,Low
CUST-01095,Ruan,Mkhize,68,Male,Married,2,No Matric,Gauteng,Employed,9500.0,LSM 5-6,7500.0,4.4,15,359.25,14,3,1,Digital-Preferred,1,0,0,0,1,0,2,635,0.519,3249,Medium
CUST-01096,Samantha,Zulu,39,Female,Single,0,Matric,Gauteng,Unemployed,1510.97,LSM 1-4,700.0,2.9,7,50.0,20,0,4,Digital-Preferred,1,0,0,0,0,0,1,489,0.0,9999,High
CUST-01097,Nozipho,Johnson,41,Female,Single,1,Matric,Limpopo,Employed,11900.0,LSM 5-6,6300.0,6.3,25,285.81,5,9,1,Branch-Preferred,1,0,0,1,0,0,2,602,0.531,9999,Medium
CUST-01098,Thabo,Brown,43,Male,Married,1,No Matric,Mpumalanga,Student,456.84,LSM 1-4,500.0,4.9,6,50.0,3,6,8,Branch-Preferred,1,0,0,0,0,0,1,329,0.0,65,High
CUST-01099,Ayanda,February,37,Female,Married,2,Degree,Mpumalanga,Employed,38500.0,LSM 7-8,22600.0,8.3,41,772.33,18,3,1,Digital-Preferred,1,1,1,0,1,1,5,642,0.312,9999,Low
CUST-01100,Lerato,Ndlovu,55,Female,Married,2,Matric,Gauteng,Employed,11600.0,LSM 5-6,6800.0,3.6,22,478.97,14,4,0,Digital-Preferred,1,0,0,1,0,0,2,688,0.382,9999,Low
CUST-01101,Nozipho,Brown,39,Female,Married,2,Diploma,KwaZulu-Natal,Employed,7700.0,LSM 1-4,6600.0,7.4,14,162.37,11,1,1,Digital-Preferred,0,0,0,0,0,0,0,564,0.0,166,High
CUST-01102,Lerato,Johnson,44,Female,Married,1,Diploma,Eastern Cape,Employed,22000.0,LSM 7-8,13500.0,2.9,31,151.69,6,5,3,Branch-Preferred,1,0,1,1,0,0,3,561,0.608,277,Low
CUST-01103,Jason,Hendricks,35,Male,Married,1,No Matric,North West,Retired,2531.7,LSM 1-4,2400.0,3.8,3,922.86,16,4,4,Digital-Preferred,0,0,0,1,0,0,1,488,0.66,9999,Medium
CUST-01104,Siphokazi,Botha,35,Female,Single,1,Matric,Gauteng,Unemployed,1957.13,LSM 1-4,2100.0,8.5,11,87.82,19,8,6,Digital-Preferred,0,0,0,1,0,0,1,419,0.788,445,High
CUST-01105,Kavitha,Pretorius,49,Female,Single,1,Matric,Eastern Cape,Employed,12500.0,LSM 5-6,7200.0,2.4,12,565.02,7,9,2,Branch-Preferred,1,0,0,1,0,0,2,581,0.579,22,Medium
CUST-01106,Shenay,Mthethwa,36,Female,Married,3,Matric,Gauteng,Employed,3800.0,LSM 1-4,4000.0,8.4,12,442.65,10,4,8,Branch-Preferred,1,0,0,0,1,0,2,381,0.796,219,Medium
CUST-01107,Lungelo,Dlamini,23,Male,Single,1,Degree,Limpopo,Self-Employed,19900.0,LSM 5-6,11800.0,0.5,20,761.69,19,7,0,Digital-Preferred,1,1,1,1,1,0,5,603,0.404,676,Low
CUST-01108,Lethiwe,Pretorius,27,Male,Single,0,Matric,Gauteng,Employed,5700.0,LSM 1-4,2600.0,0.6,14,50.0,20,2,3,Digital-Preferred,1,1,0,0,0,0,2,481,0.527,2306,High
CUST-01109,Vusi,Cele,39,Male,Married,3,Degree,Northern Cape,Employed,55000.0,Affluent,36000.0,4.2,47,321.64,15,7,1,Digital-Preferred,1,0,0,1,1,0,3,644,0.57,9999,Low
CUST-01110,Mihlali,Mkhize,37,Female,Married,3,Matric,Gauteng,Employed,11900.0,LSM 5-6,6200.0,6.1,19,303.69,17,8,0,Digital-Preferred,1,1,0,0,1,0,3,657,0.434,1074,Low
CUST-01111,Nomvula,Nkosi,40,Female,Single,1,No Matric,Eastern Cape,Self-Employed,2300.0,LSM 1-4,2000.0,7.3,13,50.0,3,5,1,Branch-Preferred,0,0,0,0,0,0,0,569,0.0,9999,High
CUST-01112,Heinrich,van der Berg,30,Male,Married,5,Matric,Limpopo,Employed,13000.0,LSM 5-6,11800.0,9.7,23,526.29,8,2,1,Passive,1,1,0,0,0,0,2,625,0.564,540,Medium
CUST-01113,Lerato,Nkosi,25,Female,Married,1,Diploma,Gauteng,Employed,12100.0,LSM 5-6,7500.0,8.1,8,919.78,17,2,1,Digital-Preferred,1,0,0,1,1,0,3,618,0.484,9999,Low
CUST-01114,Sandile,Smith,57,Male,Divorced,1,Diploma,Gauteng,Unemployed,2606.54,LSM 1-4,2400.0,7.8,16,50.0,9,2,4,Passive,0,1,0,0,0,0,1,551,0.516,9999,Medium
CUST-01115,André,Brown,32,Male,Single,0,Degree,Eastern Cape,Employed,49300.0,Affluent,32900.0,5.5,31,1478.66,22,2,0,Digital-Preferred,1,1,1,0,0,1,4,680,0.434,9999,Low
CUST-01116,Kim,Daniels,32,Female,Married,1,Matric,Eastern Cape,Retired,6426.43,LSM 1-4,3400.0,2.9,3,1136.73,24,3,1,Digital-Preferred,1,0,0,0,0,0,1,570,0.0,9999,High
CUST-01117,Jade,Ngubane,38,Female,Married,2,Diploma,Limpopo,Self-Employed,12400.0,LSM 5-6,7100.0,8.2,34,94.07,0,6,2,Branch-Preferred,1,0,0,0,0,0,1,603,0.0,938,Medium
CUST-01118,Samantha,Khumalo,29,Female,Single,2,Degree,Western Cape,Employed,36400.0,LSM 7-8,25200.0,10.8,27,953.62,22,3,2,Digital-Preferred,1,1,1,0,1,0,4,652,0.394,237,Low
CUST-01119,Nandi,Pretorius,41,Female,Married,2,Matric,Gauteng,Employed,14100.0,LSM 5-6,9400.0,2.8,16,693.48,27,5,4,Digital-Preferred,1,0,0,0,1,0,2,466,0.608,9999,Medium
CUST-01120,Nokwanda,Govender,37,Female,Married,3,No Matric,North West,Self-Employed,4700.0,LSM 1-4,4600.0,9.2,3,1406.83,9,2,4,Passive,1,1,0,0,0,0,2,507,0.652,9999,High
CUST-01121,Nozipho,Dlamini,34,Female,Single,1,Matric,Gauteng,Unemployed,756.93,LSM 1-4,800.0,0.5,7,578.34,17,5,4,Digital-Preferred,1,0,0,0,0,0,1,409,0.0,10,Medium
CUST-01122,Mandla,Johnson,32,Male,Single,1,Matric,Western Cape,Employed,5900.0,LSM 1-4,4900.0,6.6,16,50.0,3,1,6,Passive,1,0,0,0,0,0,1,399,0.0,64,High
CUST-01123,Lerato,Mthethwa,27,Female,Single,1,Degree,North West,Unemployed,2384.27,LSM 1-4,2500.0,4.8,14,50.0,15,3,3,Digital-Preferred,0,0,0,0,0,0,0,538,0.0,1100,Medium
CUST-01124,Nozipho,Daniels,30,Female,Married,0,Matric,North West,Self-Employed,3300.0,LSM 1-4,1700.0,4.6,3,246.8,16,1,2,Digital-Preferred,1,0,0,1,0,0,2,529,0.585,9999,Medium
CUST-01125,Siyanda,Mthembu,30,Male,Single,1,Diploma,Gauteng,Employed,24800.0,LSM 7-8,17600.0,6.7,23,766.0,20,0,4,Digital-Preferred,1,1,1,0,0,1,4,538,0.705,3282,Low
CUST-01126,Tebogo,Mthethwa,30,Male,Single,1,Degree,Gauteng,Employed,19100.0,LSM 5-6,12600.0,3.7,26,579.21,13,5,1,Digital-Preferred,1,0,0,0,1,0,2,607,0.395,9999,Low
CUST-01127,Heinrich,van der Berg,42,Male,Single,0,Matric,Eastern Cape,Self-Employed,16600.0,LSM 5-6,8100.0,7.4,23,286.08,12,3,2,Digital-Preferred,1,0,0,0,0,1,2,582,0.0,9999,Low
CUST-01128,Musa,Nkosi,31,Male,Married,1,Diploma,KwaZulu-Natal,Self-Employed,14800.0,LSM 5-6,8200.0,6.2,21,484.47,17,1,0,Digital-Preferred,1,1,0,0,0,0,2,632,0.495,1543,Low
CUST-01129,Zanele,Maharaj,30,Female,Married,3,No Matric,Limpopo,Unemployed,987.99,LSM 1-4,1000.0,7.9,17,150.13,10,6,0,Branch-Preferred,0,0,0,0,0,0,0,660,0.0,9999,Medium
CUST-01130,Pieter,Williams,19,Male,Single,0,Diploma,Western Cape,Employed,4500.0,LSM 1-4,3300.0,3.0,12,202.85,9,3,5,Passive,1,0,0,0,0,0,1,443,0.0,494,High
CUST-01131,Jade,du Plessis,26,Female,Single,1,Matric,KwaZulu-Natal,Self-Employed,4500.0,LSM 1-4,4500.0,5.4,24,272.98,11,5,1,Digital-Preferred,0,0,0,0,0,0,0,630,0.0,966,Medium
CUST-01132,Vusi,Sithole,30,Male,Single,1,Matric,KwaZulu-Natal,Employed,4300.0,LSM 1-4,3900.0,2.8,11,315.26,7,2,1,Passive,0,1,0,1,0,0,2,519,0.627,461,High
CUST-01133,Sandile,Naidoo,27,Male,Single,0,Matric,Eastern Cape,Unemployed,1555.83,LSM 1-4,800.0,1.7,17,50.0,8,3,2,Passive,0,0,0,1,0,0,1,541,0.56,306,High
CUST-01134,Nkosinathi,Motsepe,40,Male,Married,3,Diploma,Limpopo,Employed,18700.0,LSM 5-6,12900.0,11.3,28,361.01,14,5,4,Digital-Preferred,1,1,1,0,0,0,3,493,0.629,62,Low
CUST-01135,Sbusiso,Motsepe,31,Male,Single,1,Degree,KwaZulu-Natal,Employed,37900.0,LSM 7-8,21300.0,12.2,22,1014.79,19,4,0,Digital-Preferred,1,1,1,0,1,1,5,711,0.279,9999,Low
CUST-01136,Kefilwe,Adams,39,Female,Married,3,Degree,Gauteng,Self-Employed,25900.0,LSM 7-8,17900.0,9.4,31,820.98,20,3,2,Digital-Preferred,1,1,0,1,1,0,4,619,0.417,189,Low
CUST-01137,Dylan,Pillay,62,Male,Married,1,No Matric,KwaZulu-Natal,Unemployed,2579.11,LSM 1-4,2200.0,5.4,7,73.28,3,5,2,Branch-Preferred,0,0,0,1,0,0,1,555,0.569,9999,Medium
CUST-01138,Jason,Cele,60,Male,Divorced,1,Postgraduate,Eastern Cape,Self-Employed,71500.0,Affluent,47600.0,12.2,50,855.94,22,6,1,Digital-Preferred,1,1,1,1,1,1,6,724,0.375,760,Low
CUST-01139,Mandla,Sithole,31,Male,Single,1,No Matric,Limpopo,Unemployed,1073.44,LSM 1-4,1100.0,9.0,7,189.68,20,3,4,Digital-Preferred,1,0,0,0,0,0,1,492,0.0,1292,High
CUST-01140,Dylan,Smith,32,Male,Single,0,Degree,Mpumalanga,Employed,30200.0,LSM 7-8,22300.0,5.2,31,1070.73,24,3,2,Digital-Preferred,1,0,1,1,1,0,4,607,0.535,2511,Low
CUST-01141,Jade,Pretorius,48,Female,Single,1,Diploma,Free State,Self-Employed,52700.0,Affluent,38900.0,8.6,33,1265.13,18,1,3,Digital-Preferred,1,1,1,1,1,1,6,604,0.736,9999,Low
CUST-01142,Lindiwe,Mthembu,18,Female,Married,2,Diploma,Western Cape,Employed,9700.0,LSM 5-6,7200.0,0.5,17,260.99,20,1,0,Digital-Preferred,1,0,0,1,0,0,2,573,0.577,9999,Medium
CUST-01143,Musa,Johnson,19,Male,Single,0,Diploma,Mpumalanga,Employed,12200.0,LSM 5-6,6200.0,1.1,16,202.72,3,4,1,Branch-Preferred,1,0,0,0,0,0,1,568,0.0,1101,Medium
CUST-01144,Kavitha,Adams,28,Female,Married,0,Degree,KwaZulu-Natal,Employed,15100.0,LSM 5-6,6000.0,10.6,28,411.3,11,3,1,Digital-Preferred,1,0,0,1,1,0,3,652,0.24,9999,Low
CUST-01145,Nandi,Buthelezi,32,Female,Married,0,Degree,Western Cape,Employed,32700.0,LSM 7-8,17500.0,10.4,27,585.42,12,0,0,Digital-Preferred,1,1,1,0,1,0,4,759,0.37,9999,Low
CUST-01146,Mihlali,Jacobs,36,Female,Single,0,Matric,Western Cape,Employed,16100.0,LSM 5-6,9800.0,6.5,30,80.48,5,6,3,Branch-Preferred,1,0,0,0,0,0,1,544,0.0,9999,Medium
CUST-01147,Cleo,Jacobs,34,Female,Married,1,Degree,Limpopo,Employed,39500.0,LSM 7-8,19700.0,0.5,39,707.89,23,1,0,Digital-Only,1,1,0,1,1,1,5,675,0.397,1014,Low
CUST-01148,Rayan,February,29,Male,Married,1,No Matric,Limpopo,Employed,7500.0,LSM 1-4,4500.0,3.5,15,361.64,7,3,1,Passive,0,0,0,0,0,0,0,565,0.0,9999,High
CUST-01149,Kefilwe,Motsepe,38,Female,Single,0,Diploma,KwaZulu-Natal,Student,2694.99,LSM 1-4,1200.0,5.5,22,50.0,11,4,0,Digital-Preferred,1,1,0,0,0,0,2,677,0.319,169,Low
CUST-01150,Chanel,Williams,38,Female,Divorced,0,Diploma,Mpumalanga,Employed,19700.0,LSM 5-6,13100.0,5.7,39,67.83,20,4,0,Digital-Preferred,1,0,0,1,1,0,3,639,0.35,579,Low
CUST-01151,Lethiwe,Daniels,33,Male,Married,1,Degree,North West,Employed,26400.0,LSM 7-8,13500.0,6.9,26,85.7,15,1,0,Digital-Preferred,1,1,0,1,1,0,4,671,0.336,9999,Low
CUST-01152,Megan,Johnson,40,Female,Divorced,0,Matric,North West,Retired,5536.6,LSM 1-4,3000.0,6.1,8,250.52,12,4,1,Digital-Preferred,1,0,0,0,0,0,1,613,0.0,2904,Medium
CUST-01153,Lindiwe,du Plessis,33,Female,Married,2,Matric,KwaZulu-Natal,Retired,4463.48,LSM 1-4,4100.0,3.7,16,317.17,8,4,5,Branch-Preferred,1,0,0,0,1,0,2,464,0.8,26,Medium
CUST-01154,Bongani,Buthelezi,28,Male,Single,0,Diploma,Free State,Employed,23100.0,LSM 7-8,11300.0,6.0,14,999.25,6,5,0,Branch-Preferred,1,1,0,1,1,0,4,682,0.379,3650,Low
CUST-01155,Zanele,Nxumalo,36,Female,Married,2,Matric,Limpopo,Unemployed,1220.94,LSM 1-4,1300.0,4.6,3,518.32,16,4,8,Digital-Preferred,1,0,0,0,0,0,1,340,0.0,9999,High
CUST-01156,Bongiwe,Jacobs,42,Female,Single,1,Diploma,Eastern Cape,Employed,27900.0,LSM 7-8,21400.0,4.8,39,287.75,8,1,3,Passive,1,0,1,1,1,1,5,602,0.619,9999,Low
CUST-01157,Priya,Pretorius,32,Female,Married,5,Diploma,KwaZulu-Natal,Self-Employed,16800.0,LSM 5-6,10900.0,11.7,26,362.49,8,6,3,Branch-Preferred,1,1,0,1,1,0,4,549,0.637,78,Low
CUST-01158,Samantha,Williams,40,Female,Single,0,Degree,Mpumalanga,Employed,27300.0,LSM 7-8,17800.0,5.4,21,1133.49,16,5,2,Digital-Preferred,1,1,1,1,1,0,5,621,0.471,2815,Low
CUST-01159,Mihlali,du Plessis,18,Female,Single,0,Matric,Limpopo,Employed,9100.0,LSM 5-6,6100.0,0.5,41,50.0,14,4,1,Digital-Preferred,1,0,0,0,0,0,1,501,0.0,209,Medium
CUST-01160,Ayanda,du Plessis,43,Female,Single,0,Matric,Western Cape,Employed,14800.0,LSM 5-6,10600.0,11.3,9,1331.55,13,1,0,Digital-Preferred,1,1,0,0,1,0,3,689,0.148,1359,Low
CUST-01161,Siphokazi,Mthembu,49,Female,Single,0,Matric,Northern Cape,Unemployed,2951.87,LSM 1-4,1500.0,2.7,17,217.3,7,5,2,Branch-Preferred,0,0,0,0,0,0,0,621,0.0,668,High
CUST-01162,Lungelo,Sithole,55,Male,Single,0,No Matric,Gauteng,Employed,6600.0,LSM 1-4,4400.0,8.1,8,701.96,11,3,4,Digital-Preferred,1,0,0,0,0,0,1,537,0.0,1357,High
CUST-01163,Musa,du Plessis,30,Male,Married,2,Matric,Eastern Cape,Employed,8600.0,LSM 5-6,6000.0,3.5,30,286.24,21,8,1,Digital-Preferred,0,0,0,0,0,0,0,561,0.0,9999,High
CUST-01164,Fatima,Ndlovu,22,Female,Single,0,Matric,KwaZulu-Natal,Unemployed,3061.08,LSM 1-4,1800.0,4.7,8,376.35,26,3,6,Digital-Preferred,0,0,0,0,0,0,0,401,0.0,72,Medium
CUST-01165,Zanele,Khumalo,26,Female,Single,0,Diploma,KwaZulu-Natal,Employed,15300.0,LSM 5-6,7600.0,4.9,18,125.91,19,2,4,Digital-Preferred,1,0,1,1,1,0,4,504,0.464,434,Low
CUST-01166,Kiran,Pillay,26,Male,Single,0,Matric,KwaZulu-Natal,Unemployed,3466.13,LSM 1-4,2300.0,8.0,3,1069.73,11,3,3,Digital-Preferred,0,0,0,1,0,0,1,496,0.471,640,Medium
CUST-01167,Nozipho,Cele,41,Female,Married,2,Diploma,KwaZulu-Natal,Employed,21400.0,LSM 7-8,13300.0,5.8,41,50.0,21,0,3,Digital-Only,1,1,1,0,1,0,4,525,0.664,1090,Low
CUST-01168,Shenay,Reddy,42,Female,Divorced,0,Degree,KwaZulu-Natal,Employed,48100.0,Affluent,30000.0,6.2,37,873.17,20,3,3,Digital-Preferred,1,1,1,0,1,1,5,600,0.51,2138,Low
CUST-01169,Tayla,van der Berg,29,Female,Single,1,Diploma,Gauteng,Employed,26900.0,LSM 7-8,18000.0,7.3,32,552.81,11,2,2,Digital-Preferred,1,0,0,1,1,0,3,587,0.48,9999,Low
CUST-01170,Kiran,Sithole,38,Male,Single,1,Matric,Gauteng,Employed,12000.0,LSM 5-6,9300.0,4.7,18,391.54,13,4,3,Digital-Preferred,1,1,1,0,1,0,4,549,0.528,155,Low
CUST-01171,Shenay,Ndlovu,25,Female,Single,0,No Matric,Limpopo,Employed,7400.0,LSM 1-4,4400.0,0.5,11,204.97,17,6,0,Digital-Preferred,1,0,0,1,0,0,2,622,0.523,9999,Low
CUST-01172,Rayan,Sithole,20,Male,Single,2,Matric,KwaZulu-Natal,Self-Employed,8300.0,LSM 5-6,5800.0,0.5,3,2043.28,9,3,0,Passive,1,0,0,0,1,0,2,628,0.389,9999,Medium
CUST-01173,Tebogo,du Plessis,31,Male,Single,1,Diploma,Gauteng,Employed,16900.0,LSM 5-6,11700.0,14.7,19,776.06,13,0,0,Digital-Preferred,1,0,0,1,0,0,2,705,0.272,9999,Low
CUST-01174,Thandi,Joubert,50,Female,Single,1,Diploma,Gauteng,Employed,20700.0,LSM 7-8,16200.0,0.9,22,715.75,10,7,1,Branch-Preferred,1,0,0,0,1,0,2,606,0.4,62,Medium
CUST-01175,Siphokazi,Buthelezi,57,Female,Single,0,No Matric,Gauteng,Self-Employed,6000.0,LSM 1-4,4000.0,6.1,17,177.44,11,8,1,Digital-Preferred,1,0,0,1,0,0,2,636,0.451,9999,Medium
CUST-01176,André,Dlamini,22,Male,Single,1,Matric,Gauteng,Unemployed,1901.48,LSM 1-4,2000.0,2.3,28,327.71,30,7,3,Digital-Preferred,0,0,0,1,0,0,1,517,0.623,24,Medium
CUST-01177,Priya,Williams,58,Female,Married,1,Matric,North West,Employed,13900.0,LSM 5-6,8300.0,11.4,24,261.49,5,5,2,Branch-Preferred,1,0,0,1,0,0,2,652,0.484,3650,Low
CUST-01178,Aaliya,Jacobs,51,Female,Married,0,Matric,Western Cape,Unemployed,3100.03,LSM 1-4,1700.0,1.9,19,81.04,10,3,5,Passive,1,0,0,1,0,0,2,484,0.571,50,Medium
CUST-01179,Sandile,Brown,56,Male,Single,1,Postgraduate,KwaZulu-Natal,Self-Employed,121800.0,High Net Worth,90300.0,13.4,89,973.89,20,1,2,Digital-Preferred,1,1,0,1,0,1,4,716,0.265,9999,Low
CUST-01180,Luca,Buthelezi,53,Male,Married,0,Matric,Western Cape,Employed,12600.0,LSM 5-6,8500.0,7.9,8,1556.66,8,8,1,Branch-Preferred,1,0,1,0,0,0,2,674,0.383,9999,Low
CUST-01181,Mihlali,Pillay,24,Female,Single,0,Matric,Gauteng,Self-Employed,10100.0,LSM 5-6,5600.0,3.5,14,232.0,14,4,1,Digital-Preferred,1,0,0,0,0,0,1,609,0.0,541,Medium
CUST-01182,Palesa,Zulu,35,Female,Married,3,Matric,Eastern Cape,Retired,3590.5,LSM 1-4,3800.0,2.9,7,709.14,10,3,6,Passive,1,0,0,1,0,0,2,438,0.696,9999,Medium
CUST-01183,Arjun,Brown,27,Male,Single,0,Matric,Free State,Self-Employed,11000.0,LSM 5-6,8100.0,5.4,17,136.6,26,7,4,Digital-Preferred,1,0,0,0,0,0,1,558,0.0,887,Medium
CUST-01184,Nokwanda,Dlamini,55,Female,Married,1,No Matric,Gauteng,Student,1045.63,LSM 1-4,1100.0,4.1,7,50.0,12,4,5,Digital-Preferred,0,0,0,1,0,0,1,492,0.703,2339,Medium
CUST-01185,Nandi,Botha,31,Female,Married,2,Diploma,Gauteng,Employed,22600.0,LSM 7-8,14400.0,5.6,12,1138.16,19,3,0,Digital-Preferred,1,0,0,1,0,1,3,684,0.466,1090,Low
CUST-01186,Aaliya,Johnson,36,Female,Divorced,0,Matric,Eastern Cape,Self-Employed,8100.0,LSM 5-6,4000.0,8.3,26,127.65,17,3,0,Digital-Preferred,1,0,0,1,0,0,2,675,0.333,9999,Low
CUST-01187,Aaliya,Maharaj,40,Female,Married,2,No Matric,Gauteng,Employed,8800.0,LSM 5-6,6000.0,6.8,15,345.12,22,3,2,Digital-Preferred,0,0,0,0,0,0,0,569,0.0,1138,High
CUST-01188,Lethiwe,Johnson,34,Male,Single,0,Diploma,Gauteng,Employed,28500.0,LSM 7-8,13600.0,8.6,26,503.2,20,2,3,Digital-Preferred,1,1,0,1,1,1,5,561,0.411,504,Low
CUST-01189,Siyanda,Botha,46,Male,Divorced,0,Diploma,Eastern Cape,Student,4504.66,LSM 1-4,3100.0,6.3,4,637.19,6,7,0,Branch-Preferred,1,0,0,0,0,0,1,634,0.0,9999,Medium
CUST-01190,Sipho,Ndlovu,31,Male,Married,5,No Matric,Eastern Cape,Employed,7400.0,LSM 1-4,7800.0,8.4,11,966.61,16,2,4,Digital-Preferred,1,0,0,0,0,0,1,484,0.0,384,High
CUST-01191,Lindiwe,Dlamini,41,Female,Single,0,Degree,Gauteng,Retired,24011.92,LSM 7-8,14600.0,10.5,19,568.34,7,4,4,Branch-Preferred,1,1,1,0,1,0,4,534,0.568,2097,Low
CUST-01192,Tayla,Khumalo,38,Female,Single,1,Matric,Mpumalanga,Unemployed,1914.03,LSM 1-4,2000.0,4.3,3,815.56,10,0,5,Passive,0,0,0,0,0,0,0,440,0.0,359,High
CUST-01193,Aaliya,Nkosi,50,Female,Divorced,1,Postgraduate,Gauteng,Self-Employed,63700.0,Affluent,43300.0,11.7,54,937.38,20,4,1,Digital-Preferred,1,1,1,1,1,1,6,731,0.305,9999,Low
CUST-01194,Ruan,van der Berg,36,Male,Single,1,Postgraduate,KwaZulu-Natal,Retired,34659.64,LSM 7-8,17900.0,3.4,29,427.67,16,4,0,Digital-Preferred,1,1,1,0,1,1,5,706,0.36,768,Low
CUST-01195,Chanel,Nkosi,43,Female,Married,2,Matric,Limpopo,Self-Employed,13400.0,LSM 5-6,7900.0,0.5,25,242.6,16,6,1,Digital-Preferred,1,0,0,1,0,0,2,569,0.515,99,Medium
CUST-01196,Sandile,Mkhize,43,Male,Married,2,Matric,Eastern Cape,Student,3658.75,LSM 1-4,3600.0,10.7,10,359.5,7,5,5,Branch-Preferred,1,0,0,0,0,0,1,518,0.0,1775,Medium
CUST-01197,Tebogo,Mthethwa,24,Male,Single,0,Degree,Eastern Cape,Self-Employed,19600.0,LSM 5-6,11800.0,3.0,24,826.75,9,4,1,Branch-Preferred,1,1,0,1,0,0,3,602,0.372,2219,Low
CUST-01198,Sipho,Adams,26,Male,Single,1,Matric,Eastern Cape,Self-Employed,7300.0,LSM 1-4,5700.0,5.8,16,282.42,14,2,3,Digital-Preferred,1,0,0,1,1,0,3,543,0.469,450,Low
CUST-01199,Shenay,Govender,60,Female,Married,0,No Matric,Eastern Cape,Retired,1553.77,LSM 1-4,900.0,1.4,14,789.01,7,4,4,Branch-Preferred,0,0,0,0,0,0,0,485,0.0,814,Medium
CUST-01200,Thabo,Nkosi,45,Male,Married,0,Diploma,Mpumalanga,Employed,6300.0,LSM 1-4,2900.0,1.6,7,567.86,19,4,0,Digital-Preferred,1,1,0,0,0,0,2,690,0.288,202,Medium
CUST-01201,Nokwanda,Brown,44,Female,Married,2,Matric,Western Cape,Employed,11000.0,LSM 5-6,6000.0,3.6,25,308.7,9,6,0,Branch-Preferred,1,1,0,0,1,0,3,638,0.433,9999,Low
CUST-01202,Aaliya,du Plessis,29,Female,Single,0,Degree,KwaZulu-Natal,Employed,6000.0,LSM 1-4,3600.0,7.3,5,896.84,28,3,1,Digital-Preferred,1,0,0,0,0,0,1,585,0.0,9999,Medium
CUST-01203,Chanel,Mokoena,46,Female,Single,1,Diploma,Limpopo,Employed,18100.0,LSM 5-6,11700.0,4.7,22,188.1,18,1,1,Digital-Preferred,1,0,0,0,0,0,1,623,0.0,314,Low
CUST-01204,Musa,Sithole,31,Male,Single,1,Degree,Gauteng,Employed,42600.0,Affluent,22600.0,6.5,29,1013.69,19,2,1,Digital-Preferred,1,1,1,0,0,0,3,648,0.523,9999,Low
CUST-01205,Nozipho,Smith,28,Female,Single,0,Degree,Limpopo,Employed,24500.0,LSM 7-8,12900.0,3.8,25,251.44,17,2,1,Digital-Preferred,1,0,1,1,1,0,4,622,0.321,3650,Low
CUST-01206,Thandi,van der Berg,27,Female,Married,3,Diploma,KwaZulu-Natal,Self-Employed,12500.0,LSM 5-6,9100.0,9.0,25,537.93,20,1,1,Digital-Preferred,1,1,0,0,0,0,2,616,0.398,2668,Low
CUST-01207,Nhlanhla,Cele,27,Male,Single,0,Diploma,Western Cape,Self-Employed,15900.0,LSM 5-6,9800.0,8.1,25,273.49,12,1,0,Digital-Preferred,1,0,0,1,0,0,2,663,0.471,1305,Low
CUST-01208,Bongiwe,Mthethwa,26,Female,Single,0,Postgraduate,Limpopo,Self-Employed,29000.0,LSM 7-8,16200.0,3.5,38,266.46,22,6,4,Digital-Preferred,1,1,0,1,1,0,4,525,0.542,1367,Low
CUST-01209,Liezel,Mthembu,60,Female,Divorced,1,Postgraduate,Eastern Cape,Retired,30157.83,LSM 7-8,22900.0,9.1,28,1172.36,19,3,0,Digital-Preferred,1,1,0,0,1,0,3,708,0.372,9999,Low
CUST-01210,Siyanda,Khumalo,33,Male,Single,2,Degree,Gauteng,Self-Employed,63900.0,Affluent,32700.0,7.8,60,525.07,11,1,3,Digital-Preferred,1,1,1,1,1,1,6,662,0.416,9999,Low
CUST-01211,Nozipho,Ngubane,37,Female,Single,0,Degree,KwaZulu-Natal,Employed,42700.0,Affluent,23200.0,6.8,33,396.82,19,4,2,Digital-Preferred,1,1,0,0,1,1,4,633,0.503,3283,Low
CUST-01212,Lungelo,Nxumalo,29,Male,Married,0,Diploma,Mpumalanga,Employed,13000.0,LSM 5-6,6600.0,5.7,15,634.96,6,6,1,Branch-Preferred,1,1,0,0,1,0,3,605,0.506,9999,Low
CUST-01213,Vusi,Mokoena,57,Male,Married,1,Matric,Northern Cape,Retired,4290.28,LSM 1-4,3400.0,7.2,14,50.0,9,8,1,Branch-Preferred,1,0,0,0,0,0,1,662,0.0,9999,Medium
CUST-01214,Kefilwe,Mthembu,27,Female,Married,2,Degree,KwaZulu-Natal,Employed,33100.0,LSM 7-8,23800.0,2.8,39,882.41,21,3,6,Digital-Preferred,1,1,0,1,1,0,4,390,0.665,259,Medium
CUST-01215,Kagiso,Pillay,18,Male,Single,0,No Matric,Gauteng,Employed,6200.0,LSM 1-4,4400.0,2.0,10,436.76,27,2,0,Digital-Preferred,0,0,0,0,0,0,0,555,0.0,9999,Medium
CUST-01216,Pieter,Ndlovu,23,Male,Single,0,Matric,KwaZulu-Natal,Employed,6500.0,LSM 1-4,3100.0,7.0,20,50.0,14,4,3,Digital-Preferred,1,0,0,0,0,0,1,514,0.0,9999,Medium
CUST-01217,Musa,Nxumalo,21,Male,Single,2,Diploma,Western Cape,Employed,12800.0,LSM 5-6,8800.0,3.0,20,604.27,19,3,2,Digital-Preferred,1,1,0,1,0,0,3,522,0.603,584,Low
CUST-01218,Kagiso,February,18,Male,Single,1,Diploma,Gauteng,Self-Employed,12500.0,LSM 5-6,8500.0,1.1,21,509.0,30,0,1,Digital-Only,1,0,0,0,0,0,1,576,0.0,9999,Medium
CUST-01219,Rayan,Dlamini,24,Male,Single,1,Diploma,Mpumalanga,Employed,16800.0,LSM 5-6,12300.0,3.7,14,453.9,20,6,5,Digital-Preferred,1,1,0,0,1,0,3,476,0.722,882,Medium
CUST-01220,Bongiwe,Buthelezi,39,Female,Married,1,Matric,Western Cape,Unemployed,2698.37,LSM 1-4,2000.0,6.6,9,209.54,20,2,2,Digital-Preferred,0,0,0,0,0,0,0,606,0.0,354,Medium
CUST-01221,Mandla,Pretorius,31,Male,Single,0,Matric,KwaZulu-Natal,Employed,18500.0,LSM 5-6,11000.0,1.4,22,559.77,19,3,4,Digital-Preferred,1,1,0,0,1,0,3,477,0.566,1506,Medium
CUST-01222,Musa,Ngubane,39,Male,Married,1,Matric,KwaZulu-Natal,Employed,7900.0,LSM 1-4,6200.0,10.6,18,392.55,11,6,7,Digital-Preferred,1,0,0,1,0,0,2,444,0.712,30,High
CUST-01223,Thandi,Ngubane,34,Female,Married,3,Matric,Gauteng,Employed,10400.0,LSM 5-6,9000.0,8.6,10,863.05,6,2,3,Passive,1,0,1,1,1,0,4,602,0.487,9999,Low
CUST-01224,Nandi,Zulu,31,Female,Single,0,No Matric,Western Cape,Employed,8000.0,LSM 1-4,4500.0,3.6,5,1049.0,17,4,0,Digital-Preferred,1,0,0,0,0,0,1,624,0.0,9999,Medium
CUST-01225,Johan,Mthethwa,26,Male,Single,1,Degree,Western Cape,Self-Employed,42000.0,Affluent,30000.0,5.1,21,1542.36,13,4,3,Digital-Preferred,1,1,0,1,1,1,5,594,0.421,71,Low
CUST-01226,Lungelo,Adams,35,Male,Single,0,Matric,KwaZulu-Natal,Employed,15600.0,LSM 5-6,10700.0,4.4,26,417.77,1,4,2,Branch-Preferred,1,1,0,0,1,0,3,578,0.539,1115,Low
CUST-01227,Pieter,Joubert,36,Male,Married,1,Matric,Eastern Cape,Employed,12000.0,LSM 5-6,6600.0,6.7,26,206.57,14,1,1,Digital-Preferred,1,0,1,0,0,0,2,651,0.46,779,Low
CUST-01228,Thabo,Williams,28,Male,Married,4,Matric,KwaZulu-Natal,Employed,9900.0,LSM 5-6,8700.0,5.8,3,2929.62,9,6,6,Branch-Preferred,1,0,0,0,0,0,1,399,0.0,143,High
CUST-01229,André,Reddy,56,Male,Married,0,Matric,Western Cape,Unemployed,2116.19,LSM 1-4,1100.0,5.8,12,50.0,8,4,0,Branch-Preferred,1,0,0,0,0,0,1,619,0.0,9999,Medium
CUST-01230,Zanele,Hendricks,35,Female,Single,0,Degree,Mpumalanga,Retired,12912.17,LSM 5-6,5900.0,2.8,16,164.25,15,2,0,Digital-Preferred,1,1,0,0,0,0,2,624,0.449,9999,Low
CUST-01231,Ayanda,Mthethwa,28,Female,Married,1,Matric,KwaZulu-Natal,Unemployed,2463.86,LSM 1-4,2100.0,3.7,21,50.0,9,4,3,Branch-Preferred,0,0,0,1,0,0,1,505,0.529,477,Medium
CUST-01232,Mandla,Pillay,25,Male,Single,2,Matric,KwaZulu-Natal,Self-Employed,16800.0,LSM 5-6,11700.0,7.9,20,565.0,26,7,0,Digital-Preferred,1,1,0,0,0,1,3,665,0.52,9999,Low
CUST-01233,Priya,Joubert,24,Female,Single,0,Diploma,Mpumalanga,Unemployed,1374.22,LSM 1-4,900.0,2.4,15,50.0,20,2,3,Digital-Preferred,1,0,0,0,0,0,1,505,0.0,9999,Medium
CUST-01234,Priya,Daniels,58,Male,Single,0,No Matric,KwaZulu-Natal,Employed,9000.0,LSM 5-6,5600.0,0.5,13,399.01,16,4,2,Digital-Preferred,1,1,0,0,0,0,2,556,0.558,163,High
CUST-01235,Musa,Pretorius,33,Male,Married,2,Degree,KwaZulu-Natal,Employed,37700.0,LSM 7-8,26600.0,7.1,30,1152.69,16,0,2,Digital-Preferred,1,1,1,0,1,0,4,589,0.591,9999,Low
CUST-01236,Lungelo,Sithole,27,Male,Single,0,Postgraduate,Limpopo,Employed,95000.0,High Net Worth,45600.0,11.0,79,535.8,29,2,1,Digital-Preferred,1,1,1,1,1,1,6,754,0.179,9999,Low
CUST-01237,Sbusiso,Mthembu,60,Male,Divorced,1,Matric,Eastern Cape,Employed,13700.0,LSM 5-6,10500.0,8.5,28,402.63,16,7,2,Digital-Preferred,1,1,0,1,1,0,4,630,0.542,1847,Low
CUST-01238,Aaliya,Johnson,57,Female,Married,1,Postgraduate,North West,Employed,72400.0,Affluent,37900.0,8.1,48,743.84,30,3,3,Digital-Preferred,1,1,1,1,0,1,5,631,0.452,1449,Low
CUST-01239,Bongani,Mthethwa,35,Male,Single,0,Diploma,Western Cape,Employed,16800.0,LSM 5-6,7900.0,6.0,30,524.63,20,4,1,Digital-Preferred,1,0,0,0,1,0,2,625,0.29,9999,Medium
CUST-01240,Fatima,Daniels,41,Female,Married,1,Matric,Western Cape,Employed,10100.0,LSM 5-6,5900.0,7.7,9,987.11,16,7,0,Digital-Preferred,1,1,0,0,0,0,2,640,0.445,9999,Medium
CUST-01241,Sbusiso,Reddy,39,Male,Single,1,Matric,Gauteng,Employed,7400.0,LSM 1-4,6200.0,0.5,3,1972.76,14,3,1,Digital-Preferred,1,0,0,0,0,0,1,563,0.0,9999,High
CUST-01242,Nomvula,Dlamini,41,Female,Single,1,No Matric,Gauteng,Self-Employed,2800.0,LSM 1-4,2900.0,2.6,12,387.23,13,6,6,Digital-Preferred,1,0,0,0,0,0,1,436,0.0,292,Medium
CUST-01243,Shenay,Govender,52,Female,Married,1,Matric,Western Cape,Employed,9200.0,LSM 5-6,5500.0,6.8,20,693.23,12,2,1,Digital-Preferred,1,0,0,0,0,0,1,607,0.0,471,High
CUST-01244,Nomvula,Botha,52,Female,Single,0,Matric,Gauteng,Unemployed,1428.93,LSM 1-4,700.0,9.9,3,50.0,10,3,2,Passive,1,0,0,0,0,0,1,575,0.0,464,Medium
CUST-01245,Sbusiso,Cele,54,Male,Divorced,1,Diploma,KwaZulu-Natal,Self-Employed,29100.0,LSM 7-8,15400.0,5.6,14,1296.06,5,4,2,Branch-Preferred,1,1,1,0,1,0,4,620,0.332,1320,Low
CUST-01246,Ayanda,Cele,32,Female,Married,1,Matric,KwaZulu-Natal,Employed,15300.0,LSM 5-6,7500.0,10.7,16,120.61,2,5,0,Branch-Preferred,1,1,0,1,0,0,3,684,0.334,788,Low
CUST-01247,Chanel,Naidoo,29,Female,Single,0,Diploma,Gauteng,Employed,20700.0,LSM 7-8,9600.0,4.1,19,511.19,22,5,0,Digital-Preferred,1,1,1,1,1,0,5,694,0.5,9999,Low
CUST-01248,Thabo,Mthembu,21,Male,Married,3,Matric,Western Cape,Employed,15500.0,LSM 5-6,11200.0,0.5,31,333.27,28,0,1,Digital-Only,1,0,0,0,1,0,2,576,0.544,9999,Medium
CUST-01249,Lindiwe,Pillay,58,Female,Married,0,Matric,Eastern Cape,Employed,9500.0,LSM 5-6,5000.0,7.9,16,50.0,20,2,0,Digital-Preferred,1,1,0,0,0,0,2,694,0.324,9999,Low
CUST-01250,Ruan,Smith,22,Male,Single,0,Matric,KwaZulu-Natal,Employed,10900.0,LSM 5-6,5300.0,4.6,23,448.28,14,3,4,Digital-Preferred,1,0,0,0,1,0,2,456,0.462,581,High
CUST-01251,Jason,Mthembu,37,Male,Married,1,Degree,Limpopo,Employed,32000.0,LSM 7-8,20400.0,9.3,33,647.71,19,3,2,Digital-Preferred,1,0,1,1,1,0,4,632,0.457,89,Low
CUST-01252,Zanele,Dlamini,41,Female,Divorced,0,Diploma,Gauteng,Unemployed,3216.43,LSM 1-4,2100.0,7.3,25,50.0,12,4,0,Digital-Preferred,1,0,0,0,0,0,1,622,0.0,9999,Medium
CUST-01253,Nhlanhla,Mthembu,35,Male,Married,6,Degree,Gauteng,Self-Employed,26800.0,LSM 7-8,15700.0,7.4,21,813.34,23,2,0,Digital-Preferred,1,1,1,1,1,0,5,712,0.319,9999,Low
CUST-01254,Devan,Maharaj,59,Male,Married,1,No Matric,North West,Unemployed,0.0,LSM 1-4,0.0,4.2,9,180.77,2,7,0,Branch-Preferred,1,0,0,0,0,0,1,651,0.0,9999,Medium
CUST-01255,Nkosinathi,Smith,46,Male,Married,0,Matric,North West,Self-Employed,7100.0,LSM 1-4,3000.0,4.8,3,646.24,8,9,2,Branch-Preferred,1,0,0,1,0,0,2,584,0.261,9999,Low
CUST-01256,Musa,February,28,Male,Single,1,Postgraduate,KwaZulu-Natal,Self-Employed,78600.0,Affluent,56400.0,4.6,69,187.73,19,1,3,Digital-Preferred,1,1,1,1,1,0,5,607,0.398,9999,Low
CUST-01257,Luca,Dlamini,43,Male,Single,0,No Matric,KwaZulu-Natal,Unemployed,0.0,LSM 1-4,0.0,3.8,19,50.0,9,5,0,Branch-Preferred,1,0,0,1,0,0,2,629,0.318,9999,Medium
CUST-01258,Priya,Botha,66,Male,Married,0,Matric,Mpumalanga,Retired,4221.18,LSM 1-4,2000.0,0.5,20,50.0,8,5,2,Branch-Preferred,0,0,0,0,0,0,0,543,0.0,9999,Medium
CUST-01259,Kefilwe,Nkosi,41,Female,Married,1,No Matric,Western Cape,Unemployed,1781.23,LSM 1-4,1900.0,1.5,10,457.7,15,4,6,Digital-Preferred,0,1,0,0,0,0,1,386,0.935,9999,High
CUST-01260,Zara,Motsepe,46,Female,Married,1,No Matric,Gauteng,Unemployed,1210.84,LSM 1-4,1300.0,4.6,3,359.25,4,3,5,Passive,1,0,0,1,0,0,2,520,0.693,1190,Medium
CUST-01261,Shenay,Ngubane,51,Female,Single,1,Matric,Gauteng,Unemployed,1830.23,LSM 1-4,1800.0,0.5,11,225.52,2,7,4,Branch-Preferred,1,0,0,0,0,0,1,485,0.0,913,High
CUST-01262,Ruan,Pillay,39,Male,Married,5,Matric,Gauteng,Self-Employed,12000.0,LSM 5-6,11700.0,0.5,13,862.6,11,2,4,Digital-Preferred,1,0,0,0,1,0,2,479,0.783,25,Medium
CUST-01263,Mihlali,Brown,36,Female,Single,0,Diploma,Limpopo,Employed,20000.0,LSM 5-6,14700.0,5.3,31,165.0,23,3,5,Digital-Preferred,1,1,1,0,1,0,4,510,0.599,748,Low
CUST-01264,Dylan,Daniels,29,Male,Single,1,Postgraduate,Eastern Cape,Employed,62300.0,Affluent,37900.0,6.1,48,795.69,11,2,5,Digital-Preferred,1,1,1,1,1,0,5,523,0.484,18,Low
CUST-01265,Marco,Mthembu,31,Male,Married,0,Matric,KwaZulu-Natal,Employed,9000.0,LSM 5-6,5800.0,4.7,12,218.09,15,5,1,Digital-Preferred,1,0,0,0,0,0,1,533,0.0,387,High
CUST-01266,Samantha,Cele,53,Female,Married,2,No Matric,Gauteng,Employed,7500.0,LSM 1-4,5400.0,0.5,32,50.0,4,4,1,Branch-Preferred,1,0,0,0,0,0,1,651,0.0,10,Medium
CUST-01267,Rayan,Buthelezi,26,Male,Married,3,Degree,Gauteng,Employed,56800.0,Affluent,33500.0,9.7,54,400.85,16,2,0,Digital-Preferred,1,1,0,1,1,0,4,687,0.536,169,Low
CUST-01268,Bongiwe,Cele,35,Female,Married,2,Diploma,Limpopo,Employed,16500.0,LSM 5-6,11600.0,1.8,30,149.6,9,5,2,Branch-Preferred,1,0,0,0,1,0,2,540,0.442,9999,Medium
CUST-01269,Nokwanda,Motsepe,35,Female,Married,5,Degree,Mpumalanga,Employed,31500.0,LSM 7-8,20000.0,4.6,27,698.65,13,5,4,Digital-Preferred,1,1,1,1,1,0,5,534,0.574,1018,Low
CUST-01270,Nokwanda,Pillay,41,Female,Married,2,Matric,Western Cape,Retired,5220.12,LSM 1-4,3700.0,1.6,5,661.6,15,1,5,Digital-Preferred,1,0,0,0,0,0,1,435,0.0,385,High
CUST-01271,Kyle,Adams,60,Male,Married,1,Matric,Limpopo,Self-Employed,4700.0,LSM 1-4,3500.0,9.2,22,215.92,10,3,4,Passive,0,1,0,0,0,0,1,524,0.532,76,High
CUST-01272,Mandla,Williams,46,Male,Married,1,Degree,KwaZulu-Natal,Employed,50600.0,Affluent,28600.0,9.6,56,195.88,12,7,0,Digital-Preferred,1,0,1,1,1,1,5,736,0.283,9999,Low
CUST-01273,Lungelo,Reddy,29,Male,Married,2,Matric,Western Cape,Employed,7100.0,LSM 1-4,5600.0,4.1,4,1349.66,5,5,9,Branch-Preferred,0,0,0,0,1,0,1,300,0.969,17,High
CUST-01274,Nozipho,Ngubane,46,Female,Married,0,Degree,KwaZulu-Natal,Employed,42300.0,Affluent,19400.0,6.2,34,474.32,15,6,3,Digital-Preferred,1,1,1,1,0,1,5,624,0.393,9999,Low
CUST-01275,Nomvula,Mkhize,30,Female,Single,0,Diploma,Gauteng,Self-Employed,22500.0,LSM 7-8,11600.0,7.0,18,684.72,21,1,3,Digital-Only,1,1,0,1,0,0,3,580,0.429,1580,Low
CUST-01276,Anika,Motsepe,32,Female,Single,3,Degree,Western Cape,Employed,7800.0,LSM 1-4,7300.0,1.8,19,434.08,14,5,4,Digital-Preferred,1,0,0,0,0,0,1,430,0.0,61,High
CUST-01277,Johan,Daniels,28,Male,Married,2,Matric,Mpumalanga,Employed,3900.0,LSM 1-4,3600.0,6.4,21,202.68,19,3,5,Digital-Preferred,1,0,0,1,1,0,3,479,0.643,270,Medium
CUST-01278,Siphokazi,February,28,Female,Single,1,Diploma,Gauteng,Employed,15100.0,LSM 5-6,8700.0,4.4,17,313.71,15,3,1,Digital-Preferred,1,0,0,0,0,0,1,568,0.0,9999,Medium
CUST-01279,Zara,Sithole,34,Female,Married,3,Matric,Western Cape,Employed,6600.0,LSM 1-4,5700.0,7.0,11,523.12,11,4,4,Digital-Preferred,1,0,0,0,0,0,1,489,0.0,417,High
CUST-01280,Cleo,Khumalo,30,Female,Single,1,Postgraduate,Mpumalanga,Employed,60400.0,Affluent,33600.0,8.5,35,857.36,22,3,3,Digital-Preferred,1,1,1,1,1,1,6,622,0.466,2086,Low
CUST-01281,Kim,Dlamini,67,Female,Divorced,0,No Matric,Limpopo,Retired,3916.07,LSM 1-4,2900.0,3.5,5,842.84,4,6,3,Branch-Preferred,1,0,0,0,0,0,1,564,0.0,9999,Medium
CUST-01282,Arjun,Mthembu,57,Male,Married,3,No Matric,Western Cape,Retired,2542.5,LSM 1-4,2700.0,0.5,24,134.56,8,5,4,Branch-Preferred,0,0,0,0,0,0,0,492,0.0,124,High
CUST-01283,Bongani,Naidoo,19,Male,Married,1,Degree,Gauteng,Employed,32300.0,LSM 7-8,21800.0,0.8,35,638.73,21,3,0,Digital-Preferred,1,0,0,1,1,0,3,585,0.421,9999,Low
CUST-01284,Kefilwe,Pillay,63,Female,Single,0,Matric,Mpumalanga,Retired,4880.53,LSM 1-4,2900.0,1.0,21,50.0,15,6,3,Digital-Preferred,0,0,0,0,0,0,0,524,0.0,1154,High
CUST-01285,Arjun,Naidoo,32,Male,Single,0,Diploma,Gauteng,Self-Employed,2000.0,LSM 1-4,1400.0,5.4,8,56.92,14,1,3,Digital-Preferred,1,0,0,0,0,0,1,534,0.0,627,Medium
CUST-01286,Pieter,Dlamini,60,Male,Divorced,1,Matric,KwaZulu-Natal,Retired,5884.75,LSM 1-4,4200.0,4.6,12,401.76,4,5,4,Branch-Preferred,1,0,0,0,0,0,1,495,0.0,788,High
CUST-01287,Arjun,Mthethwa,24,Male,Single,1,Diploma,Gauteng,Employed,20100.0,LSM 7-8,11300.0,2.2,24,455.09,23,4,0,Digital-Preferred,1,0,0,0,1,1,3,605,0.449,2539,Low
CUST-01288,Mandla,Mkhize,60,Male,Married,0,No Matric,KwaZulu-Natal,Unemployed,1750.53,LSM 1-4,800.0,1.2,14,50.0,8,9,1,Branch-Preferred,1,0,0,0,0,0,1,598,0.0,10,Medium
CUST-01289,Zanele,Mokoena,45,Female,Married,1,Matric,Eastern Cape,Employed,15300.0,LSM 5-6,8000.0,9.6,31,50.0,9,7,0,Branch-Preferred,1,0,0,1,0,1,3,706,0.309,665,Low
CUST-01290,Kiran,Naidoo,36,Male,Married,0,Diploma,Mpumalanga,Employed,25000.0,LSM 7-8,14600.0,5.3,21,532.42,7,5,0,Branch-Preferred,1,0,1,1,0,0,3,649,0.337,9999,Low
CUST-01291,Kiran,Buthelezi,33,Male,Single,0,Matric,KwaZulu-Natal,Unemployed,3216.33,LSM 1-4,2300.0,12.3,11,154.11,7,3,2,Passive,1,0,0,0,0,0,1,599,0.0,9999,Medium
CUST-01292,Kavitha,Govender,52,Female,Married,1,Matric,Free State,Employed,8900.0,LSM 5-6,6100.0,5.7,10,850.34,5,3,3,Passive,1,1,0,0,0,0,2,533,0.442,948,Medium
CUST-01293,Nandi,Buthelezi,29,Female,Single,0,Matric,Eastern Cape,Employed,4800.0,LSM 1-4,3200.0,6.4,3,688.45,12,3,1,Digital-Preferred,1,0,0,0,0,0,1,600,0.0,193,Low
CUST-01294,Sipho,Pretorius,19,Male,Single,0,Degree,Eastern Cape,Self-Employed,28400.0,LSM 7-8,17100.0,1.6,36,266.18,21,3,0,Digital-Preferred,1,1,1,1,0,0,4,584,0.479,890,Low
CUST-01295,Priya,van der Berg,33,Male,Married,3,Matric,Gauteng,Employed,700.0,LSM 1-4,700.0,6.1,24,50.0,10,2,1,Passive,1,0,0,0,0,0,1,603,0.0,389,Medium
CUST-01296,Heinrich,Sithole,56,Male,Single,0,Matric,Gauteng,Student,3515.38,LSM 1-4,1700.0,8.5,18,159.53,2,5,2,Branch-Preferred,1,0,0,0,0,0,1,624,0.0,2362,Medium
CUST-01297,Rayan,Zulu,22,Male,Single,1,Matric,Western Cape,Unemployed,878.83,LSM 1-4,900.0,6.0,12,312.23,13,1,5,Digital-Preferred,1,0,0,0,0,0,1,434,0.0,209,Medium
CUST-01298,Tebogo,Joubert,28,Male,Single,0,Diploma,Limpopo,Unemployed,1598.46,LSM 1-4,1100.0,0.5,26,114.41,13,2,0,Digital-Preferred,1,0,0,0,0,0,1,610,0.0,19,Medium
CUST-01299,Priya,February,45,Male,Married,2,Diploma,Gauteng,Self-Employed,32500.0,LSM 7-8,25200.0,9.7,35,835.44,14,3,5,Digital-Preferred,1,1,0,0,1,1,4,543,0.543,1029,Low
CUST-01300,Fatima,Naidoo,26,Female,Single,1,Diploma,Western Cape,Employed,21400.0,LSM 7-8,14700.0,6.5,31,267.79,25,1,2,Digital-Only,1,1,0,1,1,0,4,555,0.551,706,Low
CUST-01301,Jade,Adams,32,Female,Single,1,Degree,KwaZulu-Natal,Employed,21600.0,LSM 7-8,11000.0,6.5,26,496.96,21,2,0,Digital-Preferred,1,1,0,0,1,0,3,631,0.224,124,Low
CUST-01302,Chanel,Daniels,19,Female,Married,3,Diploma,KwaZulu-Natal,Unemployed,2859.19,LSM 1-4,3000.0,3.0,14,59.79,3,1,5,Passive,0,0,0,0,0,0,0,403,0.0,335,High
CUST-01303,Priya,Nkosi,35,Male,Married,2,Degree,Gauteng,Employed,23600.0,LSM 7-8,15800.0,11.8,25,643.95,6,2,4,Passive,1,0,0,0,0,0,1,534,0.0,3371,High
CUST-01304,Vusi,Hendricks,36,Male,Single,1,Degree,Gauteng,Employed,28300.0,LSM 7-8,18300.0,9.6,36,608.82,18,2,0,Digital-Preferred,1,1,0,0,1,0,3,667,0.362,9999,Low
CUST-01305,Shenay,Cele,75,Female,Widowed,0,No Matric,KwaZulu-Natal,Retired,1922.73,LSM 1-4,1200.0,3.5,3,341.61,6,5,1,Branch-Preferred,0,1,0,0,0,0,1,581,0.554,2576,High
CUST-01306,Shenay,Govender,18,Female,Single,0,Postgraduate,Mpumalanga,Employed,53100.0,Affluent,34100.0,0.5,49,859.95,24,1,1,Digital-Only,1,0,1,1,0,1,4,532,0.413,32,Low
CUST-01307,Aaliya,February,54,Female,Married,1,Degree,Limpopo,Employed,50100.0,Affluent,27500.0,10.6,37,710.52,20,7,2,Digital-Preferred,1,1,1,1,1,1,6,726,0.455,9999,Low
CUST-01308,Luca,Brown,39,Male,Married,4,Diploma,Gauteng,Employed,18600.0,LSM 5-6,15700.0,10.3,26,658.57,23,6,7,Digital-Preferred,1,1,1,0,0,0,3,486,0.685,9999,Low
CUST-01309,Sipho,Mthethwa,18,Male,Single,0,Matric,Gauteng,Employed,6600.0,LSM 1-4,4200.0,0.5,34,501.72,14,1,1,Digital-Preferred,1,0,0,0,0,0,1,528,0.0,806,Medium
CUST-01310,Aaliya,Smith,29,Female,Married,1,Matric,Western Cape,Unemployed,918.3,LSM 1-4,1000.0,8.3,16,162.0,15,3,5,Digital-Preferred,0,0,0,0,0,0,0,417,0.0,1043,High
CUST-01311,Aaliya,Naidoo,24,Female,Single,0,Diploma,KwaZulu-Natal,Employed,6500.0,LSM 1-4,3400.0,3.2,24,50.0,18,3,1,Digital-Preferred,1,1,0,0,1,0,3,624,0.397,354,Low
CUST-01312,Pieter,Zulu,56,Male,Divorced,1,Matric,Mpumalanga,Employed,13600.0,LSM 5-6,9600.0,0.5,26,273.14,8,3,1,Passive,1,1,0,0,0,1,3,567,0.534,9999,Low
CUST-01313,Anika,Cele,27,Female,Single,1,Degree,Western Cape,Employed,42400.0,Affluent,26200.0,6.9,20,1484.62,9,3,1,Passive,1,1,1,1,1,0,5,676,0.312,3650,Low
CUST-01314,Fatima,Jacobs,34,Female,Single,0,Matric,Mpumalanga,Self-Employed,13600.0,LSM 5-6,9700.0,8.6,18,747.43,17,5,1,Digital-Preferred,1,0,0,1,0,0,2,642,0.56,1122,Medium
CUST-01315,Mihlali,Williams,35,Female,Married,2,Diploma,Gauteng,Employed,23200.0,LSM 7-8,16300.0,5.5,29,554.78,7,6,3,Branch-Preferred,1,1,1,1,1,0,5,564,0.542,1853,Low
CUST-01316,Vusi,Brown,58,Male,Single,1,No Matric,Free State,Employed,6800.0,LSM 1-4,5400.0,2.3,3,1494.58,2,9,2,Branch-Preferred,1,1,0,0,1,0,3,624,0.495,250,Low
CUST-01317,Tayla,Sithole,30,Female,Married,5,Matric,Limpopo,Unemployed,680.97,LSM 1-4,700.0,10.2,8,50.0,11,3,7,Digital-Preferred,1,0,0,1,0,0,2,393,0.892,328,High
CUST-01318,Aaliya,Ngubane,43,Female,Married,0,No Matric,Limpopo,Employed,5200.0,LSM 1-4,2800.0,3.3,13,251.53,14,3,0,Digital-Preferred,0,0,0,0,0,0,0,647,0.0,479,High
CUST-01319,Kagiso,Daniels,23,Male,Single,1,Degree,North West,Self-Employed,36600.0,LSM 7-8,22500.0,7.0,25,1016.08,23,2,0,Digital-Preferred,1,0,1,1,1,1,5,670,0.417,9999,Low
CUST-01320,Tayla,Dlamini,39,Female,Married,2,Diploma,Western Cape,Employed,10100.0,LSM 5-6,6900.0,1.1,9,967.62,17,4,4,Digital-Preferred,1,0,0,1,1,0,3,466,0.575,238,Low
CUST-01321,Lerato,Brown,33,Female,Single,0,Postgraduate,Gauteng,Employed,89200.0,High Net Worth,66900.0,9.7,80,429.81,15,5,3,Digital-Preferred,1,1,1,0,0,1,4,678,0.415,9999,Low
CUST-01322,Thandi,Pillay,28,Female,Single,0,Degree,Western Cape,Employed,39900.0,LSM 7-8,24300.0,7.2,8,3211.79,7,6,2,Branch-Preferred,1,1,1,0,1,1,5,599,0.507,1475,Low
CUST-01323,Marco,Naidoo,31,Male,Single,0,Degree,Mpumalanga,Self-Employed,63800.0,Affluent,32900.0,10.1,55,883.58,24,0,1,Digital-Only,1,1,1,1,1,0,5,676,0.354,9999,Low
CUST-01324,Palesa,Mthethwa,57,Female,Divorced,2,Matric,Mpumalanga,Employed,9100.0,LSM 5-6,8300.0,10.1,25,50.0,13,3,2,Digital-Preferred,1,1,0,1,0,0,3,650,0.389,9999,Low
CUST-01325,Kagiso,February,33,Male,Single,0,Degree,Western Cape,Employed,43000.0,Affluent,23800.0,5.4,38,625.25,18,0,0,Digital-Preferred,1,1,1,1,1,1,6,726,0.418,1517,Low
CUST-01326,Nkosinathi,Adams,37,Male,Single,2,Postgraduate,Limpopo,Employed,83500.0,High Net Worth,54300.0,12.1,77,856.75,29,1,4,Digital-Only,1,1,1,1,1,0,5,581,0.507,9999,Low
CUST-01327,Musa,Nkosi,33,Male,Married,1,Degree,Gauteng,Employed,26500.0,LSM 7-8,15200.0,2.7,24,351.05,10,3,0,Passive,1,1,1,1,1,0,5,699,0.31,9999,Low
CUST-01328,Siyanda,Pretorius,22,Male,Single,1,Matric,Gauteng,Unemployed,38.99,LSM 1-4,0.0,0.5,3,50.0,7,5,0,Branch-Preferred,1,0,0,0,0,0,1,585,0.0,10,High
CUST-01329,Siyanda,Johnson,43,Male,Married,1,Diploma,Western Cape,Student,5310.28,LSM 1-4,4100.0,3.6,13,427.43,11,3,3,Digital-Preferred,0,0,0,0,0,0,0,521,0.0,1240,High
CUST-01330,Siphokazi,Mthembu,36,Female,Single,1,Matric,KwaZulu-Natal,Self-Employed,6500.0,LSM 1-4,5700.0,6.7,11,413.64,12,5,1,Digital-Preferred,0,0,0,0,0,0,0,595,0.0,1063,High
CUST-01331,Nozipho,Adams,50,Female,Married,0,No Matric,Gauteng,Unemployed,3036.43,LSM 1-4,1600.0,10.2,7,155.85,18,5,1,Digital-Preferred,1,0,0,0,0,0,1,643,0.0,1219,Medium
CUST-01332,Tebogo,Cele,25,Male,Single,0,Degree,Limpopo,Employed,59100.0,Affluent,27000.0,9.0,48,606.66,19,0,1,Digital-Preferred,1,1,0,0,0,1,3,614,0.452,9999,Low
CUST-01333,Ashleigh,Pretorius,31,Female,Married,2,Degree,Western Cape,Retired,21910.4,LSM 7-8,15200.0,5.4,18,610.48,18,3,4,Digital-Preferred,1,1,1,1,1,0,5,540,0.512,524,Low
CUST-01334,Johan,Brown,46,Male,Married,3,Matric,Western Cape,Employed,13700.0,LSM 5-6,8800.0,6.8,12,519.95,12,4,0,Digital-Preferred,1,0,0,1,1,0,3,683,0.257,258,Low
CUST-01335,Nomvula,Botha,50,Female,Single,0,No Matric,Gauteng,Employed,3300.0,LSM 1-4,1700.0,8.0,3,660.35,9,4,0,Branch-Preferred,1,0,0,0,0,0,1,658,0.0,9999,Medium
CUST-01336,Nokwanda,Nkosi,43,Female,Married,1,Degree,Gauteng,Retired,12705.89,LSM 5-6,6100.0,8.1,22,467.06,5,2,0,Passive,1,1,0,0,0,0,2,677,0.337,9999,Low
CUST-01337,Tayla,Dlamini,34,Female,Married,0,Matric,Eastern Cape,Retired,6270.63,LSM 1-4,3500.0,4.9,6,663.04,13,2,0,Digital-Preferred,1,0,0,1,0,0,2,633,0.463,2600,Low
CUST-01338,Kefilwe,Adams,35,Female,Married,0,No Matric,Mpumalanga,Self-Employed,7800.0,LSM 1-4,4400.0,5.7,5,1152.25,12,4,2,Digital-Preferred,1,0,0,1,0,0,2,572,0.456,3511,Low
CUST-01339,Thandi,Williams,39,Female,Married,1,Degree,Gauteng,Employed,53000.0,Affluent,28800.0,8.2,37,862.31,18,4,2,Digital-Preferred,1,1,1,0,1,0,4,649,0.369,9999,Low
CUST-01340,Heinrich,Buthelezi,30,Male,Married,1,Degree,Mpumalanga,Employed,12800.0,LSM 5-6,9300.0,5.2,20,834.41,15,3,2,Digital-Preferred,1,0,0,0,0,0,1,554,0.0,115,High
CUST-01341,Luca,Williams,46,Male,Single,0,Diploma,Limpopo,Unemployed,2429.67,LSM 1-4,1400.0,4.1,17,95.51,8,1,3,Passive,1,0,0,0,0,0,1,517,0.0,1259,High
CUST-01342,Sbusiso,van der Berg,34,Male,Single,1,Diploma,Mpumalanga,Employed,24900.0,LSM 7-8,15200.0,6.3,33,511.14,14,9,2,Digital-Preferred,1,1,0,0,1,0,3,614,0.431,298,Low
CUST-01343,Arjun,Nkosi,66,Male,Married,1,Matric,Western Cape,Employed,11900.0,LSM 5-6,7000.0,4.6,20,430.64,4,5,0,Branch-Preferred,1,0,0,0,0,0,1,632,0.0,9999,Medium
CUST-01344,Vusi,du Plessis,28,Male,Single,0,Matric,KwaZulu-Natal,Employed,10200.0,LSM 5-6,4700.0,2.3,21,98.2,23,2,0,Digital-Preferred,1,0,0,0,0,0,1,637,0.0,422,High
CUST-01345,Lungelo,February,35,Male,Married,2,Degree,Limpopo,Employed,46600.0,Affluent,31300.0,10.7,41,608.2,10,6,3,Branch-Preferred,1,1,1,0,1,0,4,597,0.474,9999,Low
CUST-01346,Aaliya,Cele,45,Female,Married,0,Degree,Western Cape,Employed,50200.0,Affluent,34400.0,9.9,47,551.9,31,4,0,Digital-Preferred,1,1,1,1,1,1,6,762,0.318,9999,Low
CUST-01347,Ashleigh,Jacobs,33,Female,Single,0,Matric,Gauteng,Unemployed,2264.68,LSM 1-4,1200.0,10.8,15,50.0,11,5,0,Digital-Preferred,0,0,0,0,0,0,0,683,0.0,9999,High
CUST-01348,Samantha,Govender,51,Female,Divorced,0,Matric,KwaZulu-Natal,Employed,9800.0,LSM 5-6,6600.0,6.8,11,1014.15,17,7,2,Digital-Preferred,1,0,0,0,0,0,1,596,0.0,9999,High
CUST-01349,Nokwanda,Sithole,55,Female,Married,1,Matric,KwaZulu-Natal,Employed,11900.0,LSM 5-6,6900.0,4.5,9,1130.96,13,5,1,Digital-Preferred,1,0,0,0,0,0,1,645,0.0,179,Medium
CUST-01350,Pieter,Reddy,40,Male,Single,0,No Matric,Western Cape,Unemployed,812.45,LSM 1-4,600.0,3.2,21,50.0,12,8,3,Digital-Preferred,1,0,0,0,0,0,1,537,0.0,1269,Medium
CUST-01351,André,Sithole,50,Male,Divorced,2,Matric,North West,Employed,8400.0,LSM 5-6,6100.0,5.7,17,274.72,24,2,2,Digital-Preferred,0,1,0,1,0,0,2,602,0.557,3650,Medium
CUST-01352,Lindiwe,Mthembu,35,Female,Married,3,No Matric,KwaZulu-Natal,Employed,11200.0,LSM 5-6,8900.0,7.4,26,50.0,16,3,6,Digital-Preferred,1,0,1,0,1,0,3,468,0.719,450,Medium
CUST-01353,Kim,Johnson,58,Female,Married,0,Diploma,KwaZulu-Natal,Retired,9687.9,LSM 5-6,5700.0,4.9,8,513.65,9,3,1,Passive,1,0,0,1,1,0,3,632,0.582,291,Low
CUST-01354,Lungelo,Motsepe,34,Male,Single,2,Matric,Free State,Employed,11400.0,LSM 5-6,7100.0,1.3,14,345.28,5,3,1,Passive,1,0,0,1,0,0,2,629,0.572,9999,High
CUST-01355,Nkosinathi,Joubert,43,Male,Married,4,Diploma,Gauteng,Unemployed,2037.19,LSM 1-4,2100.0,2.9,3,612.06,15,1,4,Digital-Preferred,1,0,0,0,0,0,1,492,0.0,498,High
CUST-01356,Samantha,Adams,34,Female,Single,1,Diploma,Gauteng,Employed,19700.0,LSM 5-6,11200.0,6.4,28,286.06,10,0,2,Passive,1,1,1,0,1,0,4,582,0.399,1638,Low
CUST-01357,Pieter,Mthembu,29,Male,Single,1,Degree,Mpumalanga,Employed,23100.0,LSM 7-8,11500.0,8.7,20,617.95,9,5,1,Branch-Preferred,1,1,0,1,1,0,4,631,0.375,2561,Low
CUST-01358,Rayan,Maharaj,28,Male,Married,1,Postgraduate,Free State,Employed,67700.0,Affluent,42300.0,1.5,51,984.4,19,4,3,Digital-Preferred,1,1,0,1,1,0,4,586,0.538,411,Low
CUST-01359,Musa,Motsepe,39,Male,Married,2,Matric,Eastern Cape,Employed,8000.0,LSM 1-4,5900.0,6.3,31,50.0,9,3,2,Passive,0,1,0,1,0,0,2,560,0.399,118,High
CUST-01360,Zara,du Plessis,30,Female,Single,0,Matric,KwaZulu-Natal,Self-Employed,10900.0,LSM 5-6,5800.0,6.4,23,539.56,11,1,0,Digital-Preferred,1,1,0,0,1,0,3,698,0.355,1626,Low
CUST-01361,Lindiwe,van der Berg,49,Female,Single,0,Diploma,Western Cape,Employed,16400.0,LSM 5-6,10200.0,4.7,26,461.44,31,4,0,Digital-Preferred,1,1,0,0,1,0,3,707,0.279,9999,Low
CUST-01362,Shenay,Hendricks,37,Female,Married,4,No Matric,Mpumalanga,Unemployed,760.12,LSM 1-4,800.0,3.3,3,444.32,8,4,8,Branch-Preferred,1,0,0,0,0,0,1,312,0.0,67,High
CUST-01363,Zanele,Mkhize,21,Female,Single,0,Matric,Mpumalanga,Employed,9000.0,LSM 5-6,5200.0,0.5,3,1645.42,15,2,1,Digital-Preferred,0,0,0,1,0,0,1,574,0.475,797,High
CUST-01364,Ayanda,Ndlovu,37,Female,Married,0,No Matric,Gauteng,Unemployed,838.5,LSM 1-4,400.0,5.5,18,131.51,21,3,0,Digital-Preferred,1,0,0,1,0,0,2,617,0.403,9999,Medium
CUST-01365,Ruan,Sithole,29,Male,Single,0,Degree,Mpumalanga,Employed,23500.0,LSM 7-8,11600.0,9.9,8,1540.7,19,3,0,Digital-Preferred,1,1,1,0,0,0,3,654,0.225,968,Low
CUST-01366,Mihlali,Zulu,34,Female,Single,0,No Matric,Eastern Cape,Unemployed,1573.11,LSM 1-4,800.0,8.7,7,407.8,13,5,1,Digital-Preferred,0,0,0,0,0,0,0,591,0.0,915,Medium
CUST-01367,Thandi,Cele,50,Female,Married,3,Matric,Gauteng,Employed,9500.0,LSM 5-6,8100.0,2.3,10,940.54,11,3,0,Digital-Preferred,1,0,0,0,0,0,1,624,0.0,660,Medium
CUST-01368,Aaliya,Govender,39,Female,Married,3,Diploma,Gauteng,Employed,15100.0,LSM 5-6,10400.0,5.4,13,970.74,18,3,0,Digital-Preferred,1,1,0,1,0,0,3,680,0.59,9999,Low
CUST-01369,Sandile,Daniels,39,Male,Married,0,Diploma,Gauteng,Employed,21500.0,LSM 7-8,11200.0,0.5,21,427.53,25,4,3,Digital-Preferred,1,1,0,1,1,0,4,551,0.444,9999,Low
CUST-01370,Jade,Reddy,51,Female,Single,0,Matric,North West,Employed,8800.0,LSM 5-6,5000.0,5.9,7,953.47,13,2,1,Digital-Preferred,0,0,0,0,0,0,0,629,0.0,1697,Medium
CUST-01371,Nomvula,Ngubane,22,Female,Single,1,Degree,KwaZulu-Natal,Employed,17700.0,LSM 5-6,13600.0,4.8,12,878.1,20,3,0,Digital-Preferred,1,1,1,1,0,0,4,643,0.576,663,Low
CUST-01372,Lethiwe,Daniels,34,Male,Single,0,Degree,Limpopo,Employed,35100.0,LSM 7-8,16700.0,12.1,35,362.53,13,5,1,Digital-Preferred,1,1,1,1,1,1,6,677,0.205,9999,Low
CUST-01373,Nkosinathi,Sithole,35,Male,Married,2,Diploma,Gauteng,Employed,17700.0,LSM 5-6,11400.0,0.8,30,436.26,13,5,4,Digital-Preferred,1,1,0,0,1,0,3,481,0.548,2132,Low
CUST-01374,Johan,Mkhize,22,Male,Single,1,Matric,Limpopo,Unemployed,786.97,LSM 1-4,800.0,0.5,3,50.0,6,2,3,Passive,1,0,0,0,0,0,1,509,0.0,1182,High
CUST-01375,Nandi,Adams,31,Female,Single,0,Degree,Western Cape,Employed,29600.0,LSM 7-8,19900.0,7.4,31,457.3,17,1,1,Digital-Preferred,1,1,1,1,1,1,6,650,0.487,9999,Low
CUST-01376,Thandi,Pretorius,34,Female,Single,0,Degree,North West,Employed,29800.0,LSM 7-8,20500.0,2.1,34,418.41,13,2,1,Digital-Preferred,1,0,1,1,1,1,5,663,0.394,263,Low
CUST-01377,Johan,Motsepe,35,Male,Single,0,Diploma,Western Cape,Self-Employed,11900.0,LSM 5-6,5600.0,6.3,22,330.28,13,2,3,Digital-Preferred,1,0,0,1,1,0,3,537,0.55,644,Low
CUST-01378,Kim,Govender,33,Female,Single,0,Matric,Limpopo,Unemployed,2565.41,LSM 1-4,1700.0,7.0,10,138.21,1,2,0,Passive,1,0,0,0,0,0,1,637,0.0,9999,Medium
CUST-01379,Siyanda,Maharaj,40,Male,Married,1,No Matric,Eastern Cape,Employed,10800.0,LSM 5-6,6400.0,1.9,12,726.08,13,6,0,Digital-Preferred,1,0,0,1,0,0,2,642,0.459,183,Medium
CUST-01380,Lethiwe,Nxumalo,40,Male,Married,1,No Matric,Western Cape,Employed,4500.0,LSM 1-4,3000.0,5.7,19,534.01,17,5,3,Digital-Preferred,1,0,0,1,0,0,2,574,0.438,207,Low
CUST-01381,Musa,Ndlovu,52,Male,Married,1,No Matric,North West,Self-Employed,16200.0,LSM 5-6,8900.0,2.4,23,441.04,16,6,1,Digital-Preferred,1,0,0,1,0,1,3,656,0.477,1831,Low
CUST-01382,Fatima,Pretorius,18,Female,Single,0,No Matric,Western Cape,Unemployed,1866.16,LSM 1-4,900.0,2.0,3,197.7,16,3,3,Digital-Preferred,1,0,0,0,0,0,1,491,0.0,221,High
CUST-01383,Thandi,Nkosi,30,Female,Single,0,Matric,North West,Employed,7800.0,LSM 1-4,4500.0,6.1,13,419.82,10,5,0,Branch-Preferred,1,0,0,0,0,0,1,633,0.0,1039,Medium
CUST-01384,Kagiso,Naidoo,31,Male,Married,2,Degree,Gauteng,Employed,42900.0,Affluent,19100.0,5.6,39,310.6,12,3,0,Digital-Preferred,1,1,1,1,0,0,4,654,0.396,9999,Low
CUST-01385,Lethiwe,Mthethwa,21,Male,Single,0,Degree,Eastern Cape,Self-Employed,53200.0,Affluent,25400.0,0.5,37,673.75,18,3,3,Digital-Preferred,1,0,1,0,0,0,2,518,0.393,970,Medium
CUST-01386,Priya,Nxumalo,54,Female,Married,2,Degree,North West,Unemployed,2197.92,LSM 1-4,2200.0,6.3,10,712.45,13,5,2,Digital-Preferred,1,0,0,0,0,0,1,647,0.0,9999,Medium
CUST-01387,Lindiwe,Pillay,39,Female,Single,0,Diploma,North West,Employed,20400.0,LSM 7-8,11000.0,10.4,28,352.24,2,4,1,Branch-Preferred,1,1,1,1,1,0,5,647,0.394,9999,Low
CUST-01388,Kavitha,Motsepe,25,Female,Single,2,Diploma,Western Cape,Employed,18800.0,LSM 5-6,15700.0,2.2,16,1041.78,31,2,2,Digital-Preferred,1,0,0,0,1,0,2,535,0.649,1319,Medium
CUST-01389,Nandi,Sithole,34,Female,Married,4,Matric,Western Cape,Employed,6800.0,LSM 1-4,6400.0,4.1,16,367.69,15,1,5,Digital-Preferred,1,0,0,1,0,0,2,424,0.742,192,Medium
CUST-01390,Lerato,Nxumalo,26,Female,Single,0,Degree,Mpumalanga,Employed,35500.0,LSM 7-8,20900.0,2.7,26,721.93,19,4,1,Digital-Preferred,1,1,1,1,1,0,5,604,0.452,660,Low
CUST-01391,Luca,Govender,39,Male,Single,0,Matric,KwaZulu-Natal,Employed,9600.0,LSM 5-6,4700.0,10.3,7,767.61,10,10,0,Branch-Preferred,1,1,0,0,0,0,2,645,0.412,720,Low
CUST-01392,Tayla,Brown,32,Female,Married,1,Diploma,North West,Unemployed,956.59,LSM 1-4,1000.0,0.5,16,50.0,22,4,7,Digital-Preferred,1,0,0,0,0,0,1,325,0.0,166,High
CUST-01393,Devan,Naidoo,42,Male,Single,0,Postgraduate,Gauteng,Employed,84500.0,High Net Worth,43700.0,14.5,76,541.76,22,7,1,Digital-Preferred,1,1,1,1,1,1,6,755,0.131,9999,Low
CUST-01394,Marco,Cele,34,Male,Married,1,Degree,Gauteng,Employed,39600.0,LSM 7-8,19300.0,6.5,27,443.33,25,0,5,Digital-Only,1,1,1,1,1,0,5,535,0.476,9999,Low
CUST-01395,Lethiwe,Smith,20,Male,Single,1,Matric,Limpopo,Self-Employed,11000.0,LSM 5-6,6800.0,1.8,25,580.89,9,3,0,Passive,1,1,0,1,0,0,3,621,0.408,3650,Low
CUST-01396,Luca,Zulu,56,Male,Divorced,1,Diploma,KwaZulu-Natal,Student,4800.75,LSM 1-4,4200.0,4.3,13,520.52,2,1,4,Passive,1,0,0,0,0,0,1,487,0.0,3094,High
CUST-01397,Ayanda,Buthelezi,35,Female,Married,2,Matric,KwaZulu-Natal,Employed,10500.0,LSM 5-6,6400.0,6.4,3,1979.7,0,7,2,Branch-Preferred,1,0,1,0,0,0,2,537,0.587,1144,Medium
CUST-01398,Lerato,Nkosi,47,Female,Single,0,No Matric,KwaZulu-Natal,Unemployed,652.69,LSM 1-4,300.0,2.9,3,50.0,8,4,0,Branch-Preferred,1,0,0,0,0,0,1,584,0.0,9999,Medium
CUST-01399,Liezel,Smith,35,Female,Married,2,No Matric,Free State,Unemployed,0.0,LSM 1-4,0.0,8.2,15,98.07,13,5,0,Digital-Preferred,0,0,0,1,0,0,1,613,0.216,9999,Medium
CUST-01400,Arjun,Nkosi,23,Male,Single,1,Matric,Western Cape,Employed,9200.0,LSM 5-6,7400.0,6.8,3,2457.92,22,0,3,Digital-Only,1,0,0,0,0,0,1,494,0.0,782,Medium
CUST-01401,Chanel,du Plessis,53,Female,Married,1,Diploma,Northern Cape,Employed,22700.0,LSM 7-8,10000.0,3.6,20,948.75,13,4,0,Digital-Preferred,1,1,0,1,0,0,3,665,0.492,73,Low
CUST-01402,Liezel,Mkhize,30,Female,Married,1,Matric,KwaZulu-Natal,Employed,8200.0,LSM 5-6,5400.0,7.5,15,640.35,15,0,0,Digital-Preferred,1,1,0,0,1,0,3,661,0.359,85,Low
CUST-01403,Sbusiso,Nxumalo,42,Male,Married,1,No Matric,KwaZulu-Natal,Employed,5800.0,LSM 1-4,4600.0,4.3,17,397.62,12,2,3,Digital-Preferred,1,0,0,1,1,0,3,540,0.489,278,Low
CUST-01404,Chanel,Pillay,29,Female,Single,0,Postgraduate,Gauteng,Employed,32600.0,LSM 7-8,23500.0,6.7,33,606.47,26,4,0,Digital-Preferred,1,0,1,1,0,0,3,704,0.476,9999,Low
CUST-01405,Cleo,Daniels,28,Female,Single,0,Diploma,KwaZulu-Natal,Employed,24900.0,LSM 7-8,18400.0,10.6,39,419.48,0,5,2,Branch-Preferred,1,1,1,0,0,0,3,665,0.474,9999,Low
CUST-01406,Musa,Dlamini,36,Male,Single,0,Diploma,Gauteng,Self-Employed,21500.0,LSM 7-8,14200.0,4.4,18,849.31,12,4,3,Digital-Preferred,1,0,1,0,1,0,3,549,0.559,1374,Low
CUST-01407,Chanel,Khumalo,33,Female,Married,0,Diploma,Gauteng,Unemployed,1588.6,LSM 1-4,800.0,7.9,12,137.67,22,2,0,Digital-Preferred,1,0,0,0,0,0,1,592,0.0,31,Medium
CUST-01408,Priya,Buthelezi,35,Female,Married,0,Diploma,KwaZulu-Natal,Employed,15800.0,LSM 5-6,10900.0,7.4,24,312.63,7,4,3,Branch-Preferred,1,0,1,1,1,0,4,556,0.51,1095,Low
CUST-01409,Sandile,Jacobs,31,Male,Single,0,Diploma,Limpopo,Employed,14400.0,LSM 5-6,9900.0,5.4,25,123.19,0,5,0,Branch-Preferred,1,1,0,0,0,0,2,634,0.416,628,Low
CUST-01410,Siyanda,Nkosi,35,Male,Divorced,2,Diploma,KwaZulu-Natal,Employed,17900.0,LSM 5-6,10400.0,7.3,30,732.31,11,5,0,Digital-Preferred,1,1,1,1,0,0,4,692,0.385,9999,Low
CUST-01411,Kefilwe,Mkhize,28,Female,Single,0,Degree,Western Cape,Employed,49300.0,Affluent,29400.0,6.7,39,760.62,9,6,2,Branch-Preferred,1,1,1,1,1,0,5,587,0.422,9999,Low
CUST-01412,Nandi,Sithole,45,Female,Married,0,Matric,KwaZulu-Natal,Unemployed,1472.47,LSM 1-4,900.0,1.6,16,141.09,7,2,1,Passive,1,0,0,0,0,0,1,551,0.0,9999,Medium
CUST-01413,Thandi,Mokoena,22,Female,Married,2,Diploma,Western Cape,Employed,20500.0,LSM 7-8,13400.0,1.2,16,666.01,14,3,1,Digital-Preferred,1,0,1,0,0,0,2,582,0.633,9999,Medium
CUST-01414,Ayanda,Nkosi,39,Female,Married,0,No Matric,Limpopo,Unemployed,1821.24,LSM 1-4,1100.0,2.0,11,373.24,10,2,3,Passive,1,0,0,0,0,0,1,501,0.0,9999,Medium
CUST-01415,Kim,du Plessis,38,Female,Single,1,Degree,Limpopo,Employed,38800.0,LSM 7-8,28000.0,6.8,40,908.02,21,0,3,Digital-Only,1,1,1,1,0,1,5,580,0.532,1274,Low
CUST-01416,Kefilwe,Pillay,26,Female,Single,0,Matric,Mpumalanga,Unemployed,1144.68,LSM 1-4,600.0,9.0,19,50.0,10,1,0,Passive,1,0,0,0,0,0,1,613,0.0,716,Medium
CUST-01417,Zara,Mkhize,45,Female,Single,0,Matric,Gauteng,Employed,6600.0,LSM 1-4,4700.0,7.2,19,289.39,17,5,1,Digital-Preferred,1,0,0,1,0,0,2,621,0.444,9999,Medium
CUST-01418,Nokwanda,Reddy,37,Female,Married,1,Postgraduate,KwaZulu-Natal,Employed,81100.0,High Net Worth,57100.0,6.1,65,935.46,9,6,3,Branch-Preferred,1,1,1,0,1,0,4,614,0.437,9999,Low
CUST-01419,Jason,Nkosi,37,Male,Divorced,1,Diploma,Mpumalanga,Self-Employed,27900.0,LSM 7-8,14400.0,6.0,28,533.92,17,1,0,Digital-Preferred,1,1,1,1,1,0,5,626,0.304,1279,Low
CUST-01420,Nozipho,Maharaj,32,Female,Single,0,Matric,North West,Self-Employed,7200.0,LSM 1-4,4000.0,6.2,19,322.11,17,5,0,Digital-Preferred,0,0,0,0,0,0,0,626,0.0,9999,High
CUST-01421,Siphokazi,Cele,30,Female,Single,1,Matric,Western Cape,Employed,12100.0,LSM 5-6,6600.0,8.0,36,258.65,14,5,1,Digital-Preferred,1,1,0,0,0,0,2,633,0.459,468,Medium
CUST-01422,Aaliya,Nxumalo,48,Female,Married,0,Matric,Western Cape,Unemployed,4161.98,LSM 1-4,2300.0,3.3,20,79.82,11,7,1,Digital-Preferred,1,1,0,1,0,0,3,633,0.341,2847,Low
CUST-01423,Nozipho,Mkhize,34,Female,Married,2,Postgraduate,Limpopo,Employed,54900.0,Affluent,35200.0,4.9,50,470.28,13,4,2,Digital-Preferred,1,1,0,1,1,0,4,669,0.379,3349,Low
CUST-01424,Liezel,Johnson,40,Female,Married,3,Matric,Northern Cape,Employed,15400.0,LSM 5-6,10700.0,5.9,9,1183.82,10,2,4,Passive,1,1,0,0,0,0,2,507,0.786,54,High
CUST-01425,Kiran,Pretorius,33,Male,Single,2,Matric,KwaZulu-Natal,Employed,15000.0,LSM 5-6,13300.0,7.7,13,1173.13,11,3,5,Digital-Preferred,1,0,0,0,0,0,1,471,0.0,9999,Medium
CUST-01426,Sipho,Reddy,26,Male,Married,0,Diploma,Gauteng,Employed,19400.0,LSM 5-6,7800.0,5.7,20,524.43,25,2,0,Digital-Preferred,1,1,0,0,0,0,2,670,0.173,9999,Low
CUST-01427,Sipho,Mkhize,36,Male,Single,1,Diploma,Mpumalanga,Employed,18300.0,LSM 5-6,14200.0,3.6,29,752.14,9,4,5,Branch-Preferred,0,0,0,1,0,0,1,461,0.649,157,High
CUST-01428,Kiran,Nkosi,37,Male,Married,3,No Matric,Limpopo,Unemployed,1508.16,LSM 1-4,1600.0,10.4,4,683.65,17,3,1,Digital-Preferred,1,0,0,0,0,0,1,661,0.0,1224,Medium
CUST-01429,Lethiwe,Nkosi,35,Male,Married,4,Degree,Gauteng,Employed,49400.0,Affluent,31900.0,8.0,48,804.91,18,5,0,Digital-Preferred,1,1,1,1,1,0,5,728,0.217,9999,Low
CUST-01430,Dylan,Mthethwa,57,Male,Single,0,No Matric,KwaZulu-Natal,Employed,4300.0,LSM 1-4,3100.0,5.9,14,258.92,0,3,4,Passive,1,0,0,0,0,0,1,523,0.0,9999,High
CUST-01431,Dylan,Mokoena,30,Male,Married,1,Degree,Western Cape,Employed,32000.0,LSM 7-8,15100.0,5.0,34,512.82,29,1,4,Digital-Only,1,1,1,1,0,1,5,533,0.444,833,Low
CUST-01432,Marco,Hendricks,64,Male,Married,4,Diploma,Limpopo,Employed,19100.0,LSM 5-6,14100.0,9.6,21,556.55,12,3,1,Digital-Preferred,1,1,0,0,1,0,3,663,0.414,9999,Low
CUST-01433,Samantha,Hendricks,26,Female,Single,0,No Matric,Limpopo,Unemployed,2187.13,LSM 1-4,1000.0,6.7,7,302.71,10,1,0,Passive,1,0,0,0,0,0,1,623,0.0,10,Medium
CUST-01434,Tayla,Ngubane,22,Female,Single,0,Degree,Gauteng,Employed,43600.0,Affluent,25200.0,3.9,31,1077.64,26,0,0,Digital-Only,1,1,1,1,1,0,5,642,0.296,9999,Low
CUST-01435,Sbusiso,Mthethwa,37,Male,Married,2,Degree,Gauteng,Employed,29000.0,LSM 7-8,14900.0,3.5,34,646.56,14,0,7,Digital-Preferred,1,1,0,1,0,0,3,430,0.645,9999,Medium
CUST-01436,Jason,Motsepe,55,Male,Married,0,Matric,Limpopo,Self-Employed,21300.0,LSM 7-8,11600.0,9.7,24,594.61,11,2,0,Digital-Preferred,1,0,0,1,0,0,2,746,0.394,638,Low
CUST-01437,Mandla,Govender,29,Male,Married,4,Diploma,Gauteng,Self-Employed,21500.0,LSM 7-8,13800.0,8.7,16,814.37,15,1,1,Digital-Preferred,1,0,1,1,0,0,3,587,0.506,1187,Low
CUST-01438,Johan,Naidoo,51,Male,Divorced,2,No Matric,Western Cape,Employed,6700.0,LSM 1-4,5800.0,8.5,16,291.31,14,3,4,Digital-Preferred,1,0,1,0,0,0,2,571,0.631,1267,High
CUST-01439,Sipho,Govender,24,Male,Single,0,Matric,Western Cape,Employed,8700.0,LSM 5-6,5600.0,4.1,43,98.28,9,3,0,Passive,0,1,0,0,1,0,2,626,0.567,425,Medium
CUST-01440,Kyle,Nkosi,38,Male,Married,2,Degree,KwaZulu-Natal,Unemployed,1189.78,LSM 1-4,1200.0,4.9,9,50.0,16,3,3,Digital-Preferred,1,0,0,0,0,0,1,553,0.0,9999,High
CUST-01441,Johan,Mokoena,69,Male,Divorced,1,No Matric,Limpopo,Unemployed,2590.58,LSM 1-4,2600.0,4.6,25,158.93,7,7,0,Branch-Preferred,0,0,0,0,0,0,0,630,0.0,3650,Medium
CUST-01442,Kim,Jacobs,50,Female,Single,1,Matric,Gauteng,Employed,9000.0,LSM 5-6,5100.0,12.4,3,1140.7,8,3,1,Passive,1,0,0,0,0,0,1,653,0.0,9999,Medium
CUST-01443,Bongiwe,Mokoena,23,Female,Single,0,Diploma,Limpopo,Self-Employed,41600.0,Affluent,27000.0,1.9,36,642.24,23,2,1,Digital-Preferred,1,1,0,1,1,0,4,642,0.47,9999,Low
CUST-01444,Lerato,Khumalo,40,Female,Single,0,Matric,Eastern Cape,Retired,5474.69,LSM 1-4,4000.0,1.8,21,204.11,14,2,0,Digital-Preferred,1,0,0,0,0,0,1,621,0.0,9999,Medium
CUST-01445,Ruan,Mkhize,31,Male,Married,1,Degree,Western Cape,Employed,30800.0,LSM 7-8,21300.0,5.9,31,1187.43,13,3,1,Digital-Preferred,1,1,1,1,1,1,6,672,0.213,9999,Low
CUST-01446,Luca,Dlamini,33,Male,Married,6,Degree,Mpumalanga,Unemployed,1936.17,LSM 1-4,2000.0,3.5,6,334.22,9,4,5,Branch-Preferred,1,1,0,1,0,0,3,445,0.766,1417,Low
CUST-01447,Liezel,Hendricks,45,Female,Married,1,Degree,Gauteng,Employed,37200.0,LSM 7-8,22900.0,11.3,35,662.54,19,6,3,Digital-Preferred,1,1,1,0,1,0,4,613,0.243,9999,Low
CUST-01448,Kiran,Dlamini,41,Male,Married,2,No Matric,Limpopo,Student,1476.76,LSM 1-4,1600.0,1.0,19,50.0,14,7,3,Digital-Preferred,1,0,0,0,0,0,1,525,0.0,219,Medium
CUST-01449,Nozipho,Pillay,30,Female,Single,0,Diploma,Gauteng,Employed,13600.0,LSM 5-6,7900.0,4.2,36,563.35,8,4,2,Branch-Preferred,1,1,0,0,0,0,2,573,0.419,369,Medium
CUST-01450,Aaliya,Sithole,28,Female,Single,1,Degree,Northern Cape,Employed,39900.0,LSM 7-8,29700.0,6.6,45,497.32,8,1,3,Passive,1,1,1,1,1,1,6,607,0.368,1614,Low
CUST-01451,Fatima,Ndlovu,30,Female,Married,2,Matric,Gauteng,Employed,11800.0,LSM 5-6,7300.0,9.6,14,927.99,10,2,2,Passive,1,0,1,1,1,0,4,596,0.485,9999,Low
CUST-01452,Marco,Brown,35,Male,Single,0,Degree,Western Cape,Self-Employed,42000.0,Affluent,22100.0,9.9,36,465.9,16,4,0,Digital-Preferred,1,1,1,1,0,1,5,712,0.237,9999,Low
CUST-01453,Zanele,Adams,69,Female,Married,1,Matric,Gauteng,Retired,6258.96,LSM 1-4,3900.0,10.3,12,513.33,16,4,0,Digital-Preferred,1,0,0,0,0,0,1,707,0.0,9999,Medium
CUST-01454,Sbusiso,Daniels,29,Male,Single,0,Matric,KwaZulu-Natal,Employed,9700.0,LSM 5-6,6500.0,6.7,10,638.66,15,3,2,Digital-Preferred,1,1,0,1,1,0,4,624,0.472,902,Low
CUST-01455,Bongani,Williams,64,Male,Divorced,1,Matric,Gauteng,Employed,8000.0,LSM 1-4,7100.0,4.9,14,394.67,6,4,1,Branch-Preferred,1,1,0,0,0,0,2,609,0.592,9999,Medium
CUST-01456,Vusi,Williams,31,Male,Married,4,Diploma,Gauteng,Employed,11600.0,LSM 5-6,9200.0,8.3,16,776.92,25,0,3,Digital-Only,1,0,0,1,0,0,2,578,0.458,2589,Medium
CUST-01457,Zara,Reddy,45,Female,Married,3,No Matric,Gauteng,Employed,10000.0,LSM 5-6,8400.0,1.6,7,1465.7,5,6,1,Branch-Preferred,1,0,0,1,0,0,2,586,0.56,210,Medium
CUST-01458,Kavitha,du Plessis,32,Female,Single,1,Degree,Gauteng,Self-Employed,27500.0,LSM 7-8,21500.0,1.7,35,577.18,25,4,1,Digital-Preferred,1,1,1,0,1,0,4,619,0.277,314,Low
CUST-01459,Arjun,Reddy,42,Male,Married,1,Diploma,Limpopo,Employed,27400.0,LSM 7-8,17500.0,9.8,32,542.04,12,3,0,Digital-Preferred,1,0,0,0,1,0,2,695,0.241,9999,Low
CUST-01460,Arjun,van der Berg,34,Male,Married,2,Matric,KwaZulu-Natal,Retired,3614.3,LSM 1-4,3700.0,5.9,7,446.05,15,4,3,Digital-Preferred,1,0,0,0,0,0,1,516,0.0,2389,Medium
CUST-01461,Samantha,Mkhize,51,Female,Married,1,Diploma,Gauteng,Retired,13287.73,LSM 5-6,7600.0,8.8,20,424.81,10,2,2,Passive,1,1,0,0,1,0,3,621,0.523,9999,Low
CUST-01462,Megan,Sithole,35,Female,Married,2,Diploma,North West,Employed,11700.0,LSM 5-6,8900.0,3.2,10,671.07,15,5,0,Digital-Preferred,1,0,0,1,0,0,2,590,0.441,1661,Low
CUST-01463,Johan,van der Berg,26,Male,Married,5,Matric,Eastern Cape,Self-Employed,9500.0,LSM 5-6,8200.0,8.9,12,144.66,19,3,2,Digital-Preferred,0,1,0,0,0,0,1,588,0.503,9999,Medium
CUST-01464,Marco,Nkosi,34,Male,Single,1,Postgraduate,KwaZulu-Natal,Student,3860.71,LSM 1-4,2800.0,7.3,18,50.0,17,1,0,Digital-Preferred,1,1,0,0,0,0,2,641,0.38,668,Low
CUST-01465,Zanele,Smith,54,Female,Single,0,Diploma,KwaZulu-Natal,Unemployed,1331.68,LSM 1-4,800.0,5.0,15,50.0,5,3,2,Passive,1,0,0,0,0,0,1,582,0.0,2688,High
CUST-01466,Fatima,Brown,32,Female,Married,5,Diploma,Western Cape,Self-Employed,29000.0,LSM 7-8,16400.0,7.6,25,442.02,13,2,3,Digital-Preferred,1,1,0,1,1,1,5,568,0.339,9999,Low
CUST-01467,Anika,Mthethwa,63,Female,Single,0,Degree,Western Cape,Employed,34700.0,LSM 7-8,21900.0,8.4,36,584.82,17,2,4,Digital-Preferred,1,1,0,1,0,1,4,595,0.385,9999,Low
CUST-01468,Kyle,Botha,23,Male,Single,0,Diploma,Mpumalanga,Employed,9500.0,LSM 5-6,6900.0,0.9,16,328.75,8,4,4,Branch-Preferred,1,0,0,0,0,0,1,460,0.0,235,Medium
CUST-01469,Ruan,Smith,23,Male,Single,0,Diploma,Western Cape,Self-Employed,24400.0,LSM 7-8,16700.0,2.3,18,786.5,16,0,4,Digital-Preferred,1,1,1,1,0,0,4,468,0.622,184,Low
CUST-01470,Tebogo,van der Berg,21,Male,Married,1,Matric,Free State,Employed,12600.0,LSM 5-6,8800.0,3.5,17,387.88,13,2,3,Digital-Preferred,1,0,0,0,0,0,1,500,0.0,61,High
CUST-01471,Priya,Reddy,34,Male,Married,1,Matric,Limpopo,Unemployed,942.55,LSM 1-4,1000.0,3.8,14,264.87,21,7,4,Digital-Preferred,1,0,0,0,0,0,1,455,0.0,846,High
CUST-01472,Kim,Pretorius,38,Female,Married,2,Diploma,Free State,Self-Employed,8900.0,LSM 5-6,6600.0,1.2,18,413.72,13,2,1,Digital-Preferred,1,0,0,1,0,0,2,592,0.473,551,Medium
CUST-01473,Sipho,Buthelezi,60,Male,Married,0,Matric,Western Cape,Self-Employed,6600.0,LSM 1-4,3000.0,6.3,3,1312.99,5,4,0,Branch-Preferred,0,1,0,0,1,0,2,688,0.399,9999,Low
CUST-01474,Zanele,Daniels,18,Female,Single,0,Degree,Eastern Cape,Employed,19700.0,LSM 5-6,13700.0,2.0,24,591.49,13,3,1,Digital-Preferred,0,0,0,0,0,1,1,570,0.0,438,Medium
CUST-01475,Kavitha,Mkhize,30,Female,Single,0,Diploma,Limpopo,Employed,19400.0,LSM 5-6,9900.0,9.5,23,50.0,24,1,0,Digital-Only,1,1,0,0,0,0,2,674,0.296,269,Low
CUST-01476,Liezel,Nxumalo,56,Female,Single,1,Matric,Limpopo,Unemployed,2272.8,LSM 1-4,2100.0,6.7,3,491.24,14,4,1,Digital-Preferred,0,0,0,1,0,0,1,654,0.49,9999,High
CUST-01477,Liezel,Reddy,44,Female,Single,0,Degree,Gauteng,Employed,42300.0,Affluent,28800.0,10.3,32,923.03,25,0,0,Digital-Only,1,1,1,0,1,1,5,707,0.317,2393,Low
CUST-01478,Lindiwe,Maharaj,23,Female,Married,2,Postgraduate,Gauteng,Employed,76200.0,Affluent,49200.0,6.5,65,805.32,28,2,5,Digital-Preferred,1,1,0,1,0,0,3,498,0.652,414,Low
CUST-01479,Johan,Jacobs,29,Male,Single,0,Matric,Gauteng,Retired,5036.5,LSM 1-4,3000.0,5.6,24,50.0,10,2,0,Passive,0,0,0,0,0,0,0,572,0.0,9999,High
CUST-01480,Johan,Maharaj,50,Male,Married,3,Degree,KwaZulu-Natal,Employed,45400.0,Affluent,21400.0,1.7,27,633.44,16,4,0,Digital-Preferred,1,1,1,0,1,1,5,686,0.206,9999,Low
CUST-01481,Luca,Dlamini,34,Male,Single,0,Degree,North West,Employed,28800.0,LSM 7-8,13200.0,10.4,37,235.16,16,3,1,Digital-Preferred,1,1,1,0,0,1,4,646,0.398,9999,Low
CUST-01482,Siphokazi,Smith,35,Female,Single,0,No Matric,Limpopo,Unemployed,2525.66,LSM 1-4,1600.0,2.5,3,504.44,15,3,2,Digital-Preferred,0,0,0,0,0,0,0,555,0.0,9999,Medium
CUST-01483,Bongiwe,Mthethwa,59,Female,Widowed,0,Matric,Gauteng,Employed,13200.0,LSM 5-6,8800.0,2.5,30,283.53,11,10,4,Digital-Preferred,1,1,0,1,1,0,4,544,0.566,150,Low
CUST-01484,Bongani,Dlamini,63,Male,Single,1,No Matric,KwaZulu-Natal,Retired,2159.29,LSM 1-4,2300.0,1.8,10,50.0,21,2,5,Digital-Preferred,1,0,0,0,0,0,1,500,0.0,539,High
CUST-01485,Johan,Joubert,58,Male,Married,0,Diploma,Gauteng,Unemployed,1317.11,LSM 1-4,700.0,12.5,5,189.25,18,4,2,Digital-Preferred,0,0,0,0,0,0,0,600,0.0,9999,High
CUST-01486,Heinrich,Khumalo,60,Male,Married,0,Matric,Mpumalanga,Employed,8200.0,LSM 5-6,3700.0,6.9,18,252.96,13,5,1,Digital-Preferred,0,1,0,0,0,0,1,642,0.297,360,Medium
CUST-01487,Nkosinathi,Mthethwa,57,Male,Single,0,Matric,North West,Employed,9000.0,LSM 5-6,4500.0,2.5,8,540.51,4,3,5,Passive,1,0,0,1,0,0,2,498,0.526,1745,High
CUST-01488,Fatima,Botha,23,Female,Single,0,Degree,Gauteng,Employed,50100.0,Affluent,25600.0,1.4,48,395.13,26,2,2,Digital-Preferred,1,1,0,1,0,0,3,628,0.426,9999,Low
CUST-01489,Kyle,Mthembu,33,Male,Married,3,Matric,KwaZulu-Natal,Unemployed,899.1,LSM 1-4,900.0,5.1,10,224.31,8,3,1,Passive,1,0,0,1,0,0,2,609,0.508,2999,Medium
CUST-01490,Ayanda,Smith,47,Female,Single,1,Matric,Free State,Unemployed,2252.83,LSM 1-4,2400.0,6.8,3,1064.72,4,4,5,Branch-Preferred,1,0,0,0,0,0,1,480,0.0,2109,High
CUST-01491,Chanel,Pretorius,37,Female,Married,3,Degree,Eastern Cape,Employed,27800.0,LSM 7-8,18800.0,7.7,22,764.9,24,1,0,Digital-Only,1,1,1,0,1,0,4,690,0.32,9999,Low
CUST-01492,Rayan,Jacobs,40,Male,Married,1,Postgraduate,Mpumalanga,Retired,16868.42,LSM 5-6,12100.0,3.3,23,400.39,10,3,1,Passive,1,1,1,0,0,0,3,630,0.357,9999,Low
CUST-01493,Sipho,van der Berg,28,Male,Single,0,Degree,KwaZulu-Natal,Employed,34300.0,LSM 7-8,20300.0,7.0,41,588.31,8,2,1,Passive,1,1,1,1,1,1,6,689,0.515,9999,Low
CUST-01494,Ayanda,Pillay,25,Female,Single,1,Matric,Gauteng,Unemployed,2715.04,LSM 1-4,2200.0,2.7,14,50.0,17,1,2,Digital-Preferred,0,0,0,0,0,0,0,514,0.0,1295,High
CUST-01495,Siphokazi,Daniels,29,Female,Single,0,Matric,Eastern Cape,Unemployed,439.69,LSM 1-4,300.0,8.2,19,50.0,8,5,3,Branch-Preferred,1,0,0,0,0,0,1,512,0.0,9999,Medium
CUST-01496,Siyanda,Nxumalo,25,Male,Married,1,Matric,Gauteng,Self-Employed,7400.0,LSM 1-4,3600.0,4.7,8,320.23,8,4,0,Branch-Preferred,1,1,0,0,0,0,2,689,0.284,9999,High
CUST-01497,Mandla,Brown,33,Male,Single,0,Diploma,Mpumalanga,Employed,22900.0,LSM 7-8,14600.0,4.2,31,532.86,16,4,6,Digital-Preferred,1,1,0,1,1,0,4,422,0.56,196,Low
CUST-01498,Thandi,Mkhize,60,Female,Single,0,No Matric,Limpopo,Retired,1525.08,LSM 1-4,900.0,7.2,17,50.0,10,1,1,Passive,1,0,0,0,0,0,1,651,0.0,1894,Medium
CUST-01499,Megan,February,36,Female,Married,6,Degree,KwaZulu-Natal,Employed,10800.0,LSM 5-6,11300.0,6.9,4,2821.25,17,5,4,Digital-Preferred,1,0,0,1,0,0,2,524,0.528,1482,Medium
CUST-01500,Chanel,Naidoo,24,Female,Single,0,Diploma,Western Cape,Employed,16000.0,LSM 5-6,12000.0,2.6,29,50.0,11,7,3,Digital-Preferred,1,1,0,0,0,0,2,521,0.52,429,High
CUST-01501,Lerato,Pretorius,28,Female,Married,1,Diploma,Limpopo,Self-Employed,22400.0,LSM 7-8,11900.0,8.2,28,548.36,17,6,2,Digital-Preferred,1,1,1,0,0,0,3,563,0.494,298,Low
CUST-01502,Aaliya,Nxumalo,28,Female,Single,1,Matric,North West,Employed,7500.0,LSM 1-4,6400.0,7.4,13,780.4,10,3,4,Passive,0,0,0,1,0,0,1,562,0.55,9999,High
CUST-01503,Sipho,Joubert,56,Male,Single,1,Matric,KwaZulu-Natal,Employed,8400.0,LSM 5-6,7200.0,9.2,13,371.87,8,0,7,Passive,0,0,0,0,0,0,0,431,0.0,10,High
CUST-01504,Chanel,du Plessis,33,Female,Single,0,Diploma,Limpopo,Unemployed,2611.61,LSM 1-4,1700.0,7.3,3,655.49,3,6,4,Branch-Preferred,1,0,0,0,0,0,1,485,0.0,9999,Medium
CUST-01505,Rayan,February,30,Male,Married,1,Degree,Gauteng,Employed,23300.0,LSM 7-8,9900.0,5.9,31,277.74,21,6,2,Digital-Preferred,1,0,1,0,1,0,3,553,0.48,9999,Low
CUST-01506,Tayla,Smith,34,Female,Married,1,Matric,North West,Unemployed,1468.74,LSM 1-4,1400.0,0.5,13,128.93,21,2,1,Digital-Preferred,1,0,0,0,0,0,1,519,0.0,9999,High
CUST-01507,Nozipho,Botha,19,Female,Single,0,Degree,Eastern Cape,Employed,38200.0,LSM 7-8,17200.0,2.1,40,380.82,17,1,1,Digital-Preferred,1,1,1,1,1,1,6,637,0.425,179,Low
CUST-01508,Chanel,Sithole,31,Female,Single,0,Matric,Gauteng,Employed,6100.0,LSM 1-4,4400.0,6.4,15,232.63,17,6,0,Digital-Preferred,1,0,0,0,0,0,1,612,0.0,3088,Low
CUST-01509,Aaliya,Sithole,55,Female,Married,0,Matric,Limpopo,Employed,14500.0,LSM 5-6,6200.0,6.1,21,128.61,14,4,3,Digital-Preferred,1,0,1,0,0,0,2,564,0.428,1440,High
CUST-01510,Aaliya,Motsepe,39,Female,Single,0,Postgraduate,Limpopo,Employed,52600.0,Affluent,35300.0,0.5,43,602.36,23,3,1,Digital-Preferred,1,1,1,1,0,0,4,620,0.442,9999,Low
CUST-01511,Ayanda,Dlamini,32,Female,Single,0,Matric,Limpopo,Employed,8600.0,LSM 5-6,5600.0,7.6,24,453.21,10,6,0,Branch-Preferred,1,0,0,0,0,0,1,655,0.0,449,High
CUST-01512,Samantha,Nkosi,35,Female,Married,2,Matric,KwaZulu-Natal,Unemployed,724.62,LSM 1-4,800.0,2.3,15,50.0,0,6,2,Branch-Preferred,1,0,0,0,0,0,1,554,0.0,705,Medium
CUST-01513,Kefilwe,Adams,37,Female,Single,1,Diploma,Limpopo,Employed,22600.0,LSM 7-8,12700.0,8.6,26,484.72,3,9,0,Branch-Preferred,1,1,1,0,0,0,3,698,0.46,9999,Low
CUST-01514,Sbusiso,Cele,20,Male,Single,0,Matric,Mpumalanga,Retired,5108.86,LSM 1-4,2600.0,4.0,12,203.84,20,0,0,Digital-Preferred,1,0,0,1,0,0,2,631,0.451,1132,Medium
CUST-01515,Tebogo,Sithole,21,Male,Single,2,Matric,KwaZulu-Natal,Employed,7700.0,LSM 1-4,6600.0,1.7,3,2190.61,24,1,5,Digital-Only,0,0,0,1,0,0,1,402,0.777,9999,Medium
CUST-01516,Thandi,Reddy,46,Female,Married,1,No Matric,Gauteng,Employed,11600.0,LSM 5-6,7300.0,7.1,3,2566.31,17,3,0,Digital-Preferred,1,0,0,1,0,0,2,637,0.394,245,Low
CUST-01517,Palesa,Pillay,27,Female,Single,1,No Matric,Mpumalanga,Retired,2954.08,LSM 1-4,2700.0,5.3,9,225.85,13,2,4,Digital-Preferred,1,0,0,0,0,0,1,475,0.0,9999,High
CUST-01518,Thandi,Motsepe,49,Female,Married,4,Diploma,Eastern Cape,Employed,18600.0,LSM 5-6,14800.0,7.8,33,579.09,11,2,2,Digital-Preferred,1,0,1,1,0,1,4,642,0.52,9999,Low
CUST-01519,Fatima,Adams,30,Female,Single,0,Matric,KwaZulu-Natal,Self-Employed,11500.0,LSM 5-6,8600.0,6.1,12,1113.84,25,4,3,Digital-Preferred,1,0,0,0,0,0,1,531,0.0,527,Medium
CUST-01520,Johan,Khumalo,56,Male,Single,0,Diploma,Mpumalanga,Self-Employed,22000.0,LSM 7-8,10400.0,4.9,19,516.93,17,3,1,Digital-Preferred,1,1,0,0,0,1,3,601,0.442,466,Low
CUST-01521,Sbusiso,Botha,24,Male,Single,1,Degree,Gauteng,Self-Employed,47300.0,Affluent,28000.0,1.3,34,417.13,16,3,4,Digital-Preferred,1,0,0,0,0,1,2,493,0.0,36,Medium
CUST-01522,Liezel,Ndlovu,18,Female,Single,0,Matric,Mpumalanga,Employed,10400.0,LSM 5-6,6300.0,2.0,7,871.49,4,4,6,Branch-Preferred,1,1,1,0,0,0,3,375,0.725,76,High
CUST-01523,André,du Plessis,30,Male,Married,1,Matric,Western Cape,Employed,9000.0,LSM 5-6,6200.0,6.9,9,640.74,8,1,1,Passive,1,1,1,0,0,0,3,617,0.518,9999,Low
CUST-01524,Ayanda,Ndlovu,34,Female,Single,1,Matric,Gauteng,Student,1577.48,LSM 1-4,1700.0,7.6,13,211.17,20,2,3,Digital-Preferred,1,1,0,0,0,0,2,567,0.658,1590,Medium
CUST-01525,Kefilwe,Jacobs,29,Female,Single,0,Matric,Free State,Employed,7000.0,LSM 1-4,3400.0,6.7,11,50.0,12,5,1,Digital-Preferred,1,1,0,0,0,0,2,542,0.36,917,Medium
CUST-01526,Megan,Govender,38,Female,Married,0,Matric,Limpopo,Unemployed,314.17,LSM 1-4,300.0,7.9,6,114.9,6,3,1,Passive,1,0,0,1,0,0,2,657,0.395,9999,Medium
CUST-01527,Sipho,Cele,39,Male,Married,3,Degree,Gauteng,Employed,50700.0,Affluent,30500.0,5.7,39,697.77,19,3,2,Digital-Preferred,1,1,1,0,1,0,4,599,0.365,9999,Low
CUST-01528,Kim,Pillay,30,Female,Single,0,Matric,North West,Self-Employed,4000.0,LSM 1-4,2600.0,5.5,15,333.88,10,3,0,Passive,1,0,0,0,0,0,1,650,0.0,9999,Medium
CUST-01529,Kyle,Mokoena,19,Male,Single,0,Diploma,North West,Self-Employed,14400.0,LSM 5-6,9800.0,3.0,23,322.4,15,4,2,Digital-Preferred,1,0,0,1,1,0,3,570,0.56,9999,Low
CUST-01530,Lethiwe,Pretorius,35,Male,Married,5,Degree,Limpopo,Student,3476.6,LSM 1-4,3700.0,9.1,3,1406.93,6,6,5,Branch-Preferred,1,0,0,0,0,0,1,468,0.0,988,High
CUST-01531,Sandile,Khumalo,35,Male,Single,0,Degree,Gauteng,Employed,31000.0,LSM 7-8,17000.0,15.1,25,377.85,8,2,0,Passive,1,1,0,1,1,1,5,742,0.157,9999,Low
CUST-01532,Kagiso,Pretorius,33,Male,Single,1,Matric,Gauteng,Self-Employed,7900.0,LSM 1-4,6700.0,6.7,15,450.22,13,5,2,Digital-Preferred,1,1,0,0,0,0,2,559,0.569,354,Low
CUST-01533,Liezel,Ndlovu,63,Female,Married,3,No Matric,Limpopo,Retired,3096.19,LSM 1-4,3300.0,3.2,16,50.0,6,4,6,Branch-Preferred,0,0,0,1,0,0,1,392,0.824,698,Medium
CUST-01534,Nozipho,Khumalo,53,Female,Married,3,Postgraduate,North West,Employed,19000.0,LSM 5-6,12100.0,2.7,24,406.54,8,4,4,Branch-Preferred,1,1,1,1,0,1,5,574,0.4,868,Low
CUST-01535,Kiran,Joubert,44,Male,Married,3,Matric,Gauteng,Unemployed,1951.62,LSM 1-4,2000.0,2.4,18,655.13,22,6,4,Digital-Preferred,0,0,0,0,0,0,0,464,0.0,131,High
CUST-01536,Siphokazi,Pretorius,26,Female,Single,1,Degree,KwaZulu-Natal,Employed,27400.0,LSM 7-8,14400.0,2.7,17,657.14,27,1,0,Digital-Only,1,1,0,1,1,0,4,690,0.326,462,Low
CUST-01537,Samantha,Buthelezi,36,Female,Married,3,Degree,Gauteng,Employed,26000.0,LSM 7-8,18100.0,0.5,31,509.35,19,2,4,Digital-Preferred,1,1,0,1,0,1,4,530,0.619,283,Low
CUST-01538,Jade,Mthembu,21,Female,Single,1,Diploma,Western Cape,Unemployed,1183.24,LSM 1-4,1200.0,0.5,27,50.0,19,2,5,Digital-Preferred,1,0,0,1,0,0,2,397,0.754,9999,High
CUST-01539,Nandi,Mthethwa,26,Female,Single,0,Matric,Eastern Cape,Retired,2380.33,LSM 1-4,1400.0,7.2,12,55.27,7,1,0,Passive,0,0,0,0,0,0,0,633,0.0,9999,Medium
CUST-01540,Chanel,Williams,41,Female,Married,1,No Matric,Gauteng,Employed,1000.0,LSM 1-4,1000.0,5.3,11,60.92,1,2,2,Passive,1,0,0,0,0,0,1,582,0.0,178,High
CUST-01541,Sipho,Maharaj,30,Male,Married,1,Diploma,Eastern Cape,Self-Employed,15900.0,LSM 5-6,8500.0,5.3,25,193.09,16,1,0,Digital-Preferred,1,1,0,0,0,0,2,683,0.366,592,Low
CUST-01542,Bongani,Nkosi,53,Male,Divorced,1,Diploma,Eastern Cape,Employed,26600.0,LSM 7-8,15100.0,1.9,23,971.79,7,9,3,Branch-Preferred,1,0,0,1,0,0,2,546,0.543,21,High
CUST-01543,Anika,Williams,33,Female,Married,2,Degree,KwaZulu-Natal,Employed,29900.0,LSM 7-8,14700.0,10.1,22,899.22,18,5,0,Digital-Preferred,1,1,1,0,1,0,4,688,0.239,9999,Low
CUST-01544,Cleo,Mthethwa,54,Female,Single,0,Diploma,North West,Employed,22900.0,LSM 7-8,10700.0,8.1,26,222.18,15,5,2,Digital-Preferred,1,1,0,1,0,0,3,640,0.373,2046,Low
CUST-01545,Siphokazi,Joubert,40,Female,Married,5,Degree,Gauteng,Self-Employed,45800.0,Affluent,31900.0,8.0,27,1344.82,22,1,0,Digital-Only,1,1,1,0,0,1,4,705,0.35,9999,Low
CUST-01546,Bongani,Dlamini,30,Male,Single,0,Postgraduate,Gauteng,Employed,60200.0,Affluent,27400.0,0.5,53,420.96,21,2,3,Digital-Preferred,1,0,1,1,1,1,5,530,0.484,432,Low
CUST-01547,Luca,Ngubane,21,Male,Single,2,Degree,Western Cape,Employed,25100.0,LSM 7-8,14800.0,1.0,31,231.56,12,1,1,Digital-Preferred,1,1,1,1,0,1,5,626,0.293,9999,Low
CUST-01548,Nandi,Hendricks,60,Female,Married,3,No Matric,Western Cape,Retired,3516.13,LSM 1-4,3100.0,6.5,3,889.76,19,5,1,Digital-Preferred,1,0,0,0,0,0,1,667,0.0,9999,Medium
CUST-01549,Musa,Mokoena,42,Male,Married,2,Matric,KwaZulu-Natal,Employed,15800.0,LSM 5-6,8400.0,6.0,22,130.63,13,2,0,Digital-Preferred,1,1,0,0,1,0,3,673,0.24,9999,Low
CUST-01550,Nandi,Khumalo,34,Female,Single,1,Diploma,Free State,Employed,27700.0,LSM 7-8,19800.0,7.4,27,921.57,20,3,0,Digital-Preferred,1,1,1,0,1,0,4,649,0.531,844,Low
CUST-01551,Cleo,Ndlovu,22,Female,Single,0,Diploma,Gauteng,Employed,12100.0,LSM 5-6,7000.0,5.1,30,58.05,15,2,5,Digital-Preferred,1,0,0,0,1,0,2,447,0.674,768,Medium
CUST-01552,Heinrich,Williams,27,Male,Single,0,Matric,KwaZulu-Natal,Unemployed,1056.57,LSM 1-4,500.0,5.5,21,281.44,18,0,4,Digital-Preferred,0,0,0,0,0,0,0,448,0.0,287,High
CUST-01553,Arjun,Daniels,28,Male,Single,2,Diploma,Mpumalanga,Employed,15500.0,LSM 5-6,8200.0,7.9,27,331.88,20,1,0,Digital-Preferred,1,1,0,1,1,0,4,659,0.385,9999,Low
CUST-01554,Pieter,Nkosi,29,Male,Married,3,Matric,North West,Unemployed,701.66,LSM 1-4,700.0,2.5,20,50.0,9,3,2,Passive,1,0,0,1,0,0,2,549,0.7,2873,Medium
CUST-01555,Siyanda,Williams,23,Male,Single,1,Matric,Western Cape,Employed,3100.0,LSM 1-4,2700.0,0.5,9,199.58,13,3,1,Digital-Preferred,1,0,0,0,0,0,1,570,0.0,10,High
CUST-01556,Megan,Daniels,28,Female,Single,0,Degree,Gauteng,Employed,33800.0,LSM 7-8,17200.0,7.4,35,841.96,24,3,0,Digital-Preferred,1,1,0,1,1,0,4,711,0.198,9999,Low
CUST-01557,Kefilwe,Motsepe,47,Female,Married,1,Matric,KwaZulu-Natal,Unemployed,1419.47,LSM 1-4,1500.0,7.1,9,168.73,7,3,5,Passive,1,0,0,0,0,0,1,498,0.0,1553,High
CUST-01558,Sipho,Govender,36,Male,Married,2,Diploma,Gauteng,Employed,12400.0,LSM 5-6,7000.0,7.4,10,599.13,1,3,0,Passive,1,0,0,0,0,0,1,623,0.0,1086,Medium
CUST-01559,Zanele,Cele,36,Female,Married,4,Diploma,Western Cape,Employed,22800.0,LSM 7-8,14500.0,6.9,26,728.38,7,8,5,Branch-Preferred,1,1,1,1,0,1,5,528,0.524,204,Low
CUST-01560,Kiran,Cele,31,Male,Single,0,Diploma,Eastern Cape,Employed,23400.0,LSM 7-8,14900.0,5.6,25,713.11,13,4,2,Digital-Preferred,1,1,1,1,1,0,5,595,0.444,689,Low
CUST-01561,Sbusiso,Maharaj,29,Male,Single,0,Matric,KwaZulu-Natal,Employed,12700.0,LSM 5-6,6700.0,6.5,17,196.5,15,2,4,Digital-Preferred,1,0,0,0,1,0,2,498,0.481,1055,Low
CUST-01562,Nomvula,Mkhize,32,Female,Married,1,Diploma,Western Cape,Employed,15300.0,LSM 5-6,10200.0,7.2,20,511.05,29,3,2,Digital-Preferred,1,0,0,0,0,0,1,574,0.0,421,Medium
CUST-01563,Tayla,Motsepe,37,Female,Single,0,Matric,Limpopo,Retired,3534.57,LSM 1-4,2600.0,6.6,13,50.0,17,5,2,Digital-Preferred,1,0,0,1,0,0,2,582,0.422,431,Low
CUST-01564,Lerato,Motsepe,48,Female,Married,0,Diploma,Gauteng,Employed,22100.0,LSM 7-8,9900.0,14.3,32,302.68,0,5,0,Branch-Preferred,1,0,0,0,1,0,2,742,0.358,9999,Low
CUST-01565,Jason,Khumalo,26,Male,Married,2,Matric,Gauteng,Self-Employed,3300.0,LSM 1-4,3500.0,2.2,8,500.34,20,1,3,Digital-Preferred,0,1,0,0,0,0,1,510,0.639,399,Medium
CUST-01566,Megan,Smith,66,Female,Divorced,3,Postgraduate,Limpopo,Employed,64900.0,Affluent,44500.0,19.0,43,1124.46,0,6,2,Branch-Preferred,1,1,1,0,1,1,5,698,0.408,98,Low
CUST-01567,Thabo,Govender,25,Male,Married,1,Degree,Gauteng,Employed,38000.0,LSM 7-8,22300.0,0.7,41,344.01,21,3,1,Digital-Preferred,1,1,0,0,0,0,2,552,0.528,9999,Low
CUST-01568,Shenay,Johnson,32,Female,Married,4,Diploma,Gauteng,Employed,6700.0,LSM 1-4,6800.0,6.6,21,176.1,17,2,5,Digital-Preferred,1,0,0,0,0,0,1,477,0.0,346,High
CUST-01569,Priya,Pretorius,36,Female,Married,1,Matric,Gauteng,Retired,2007.05,LSM 1-4,2100.0,1.5,14,199.48,17,2,5,Digital-Preferred,1,0,0,0,0,0,1,451,0.0,144,Medium
CUST-01570,Ayanda,Khumalo,22,Female,Single,1,Matric,Western Cape,Employed,11800.0,LSM 5-6,8300.0,3.9,9,1172.32,26,1,6,Digital-Only,1,1,0,0,0,0,2,440,0.742,9999,Medium
CUST-01571,Mandla,Buthelezi,32,Male,Single,0,Degree,Eastern Cape,Self-Employed,46100.0,Affluent,26500.0,10.9,40,680.91,3,1,1,Passive,1,1,1,1,1,0,5,678,0.419,9999,Low
CUST-01572,Musa,Motsepe,57,Male,Married,0,Diploma,Western Cape,Employed,21200.0,LSM 7-8,13800.0,6.5,26,419.15,0,3,0,Passive,1,1,0,1,0,1,4,705,0.329,875,Low
CUST-01573,Thandi,Jacobs,34,Female,Married,4,Degree,KwaZulu-Natal,Employed,41100.0,Affluent,26600.0,10.7,29,1111.29,9,6,3,Branch-Preferred,1,1,1,0,1,0,4,613,0.351,9999,Low
CUST-01574,Priya,Cele,49,Male,Divorced,1,Degree,Western Cape,Unemployed,1337.16,LSM 1-4,1300.0,3.8,5,285.82,19,5,1,Digital-Preferred,1,1,0,0,0,0,2,578,0.66,1430,High
CUST-01575,Kefilwe,Reddy,43,Female,Single,0,Matric,Gauteng,Unemployed,1824.51,LSM 1-4,900.0,0.5,10,125.75,15,1,0,Digital-Preferred,1,0,0,0,0,0,1,578,0.0,168,Medium
CUST-01576,Kim,Zulu,31,Female,Single,0,Degree,Mpumalanga,Employed,39500.0,LSM 7-8,29200.0,9.4,46,794.33,13,5,1,Digital-Preferred,1,1,1,0,1,1,5,685,0.5,3650,Low
CUST-01577,Tayla,Jacobs,32,Female,Married,3,Diploma,Free State,Unemployed,2845.28,LSM 1-4,3000.0,5.3,14,195.03,10,3,9,Passive,1,0,0,0,0,0,1,321,0.0,136,Medium
CUST-01578,Heinrich,Naidoo,51,Male,Single,0,Diploma,Western Cape,Retired,8456.55,LSM 5-6,6000.0,4.1,11,358.77,22,5,3,Digital-Preferred,1,0,0,1,0,0,2,589,0.695,9999,High
CUST-01579,Nokwanda,Mthethwa,18,Female,Single,0,Diploma,KwaZulu-Natal,Employed,12200.0,LSM 5-6,8000.0,0.5,17,439.67,29,4,1,Digital-Preferred,1,0,1,0,0,0,2,607,0.54,9999,Medium
CUST-01580,Sipho,Mokoena,34,Male,Single,1,Degree,Limpopo,Employed,50800.0,Affluent,38000.0,9.6,39,1196.79,13,7,0,Digital-Preferred,1,1,1,1,1,1,6,715,0.321,9999,Low
CUST-01581,Siyanda,Motsepe,39,Male,Single,2,No Matric,Gauteng,Unemployed,1871.43,LSM 1-4,2000.0,2.7,8,628.53,7,3,3,Passive,1,0,0,0,0,0,1,509,0.0,428,High
CUST-01582,Cleo,Nxumalo,70,Female,Married,3,No Matric,KwaZulu-Natal,Retired,1236.4,LSM 1-4,1300.0,6.2,17,50.0,17,5,4,Digital-Preferred,0,0,0,1,0,0,1,485,0.673,992,Medium
CUST-01583,Kiran,Pillay,35,Male,Married,3,Matric,North West,Employed,16800.0,LSM 5-6,9200.0,9.7,6,1860.78,13,2,2,Digital-Preferred,1,1,0,1,0,0,3,621,0.248,9999,Low
CUST-01584,Thandi,Johnson,27,Female,Single,0,Postgraduate,Gauteng,Employed,57300.0,Affluent,40400.0,11.0,59,611.36,20,1,0,Digital-Preferred,1,1,1,0,1,1,5,664,0.349,9999,Low
CUST-01585,Fatima,Cele,53,Female,Married,2,Diploma,Gauteng,Employed,14800.0,LSM 5-6,11700.0,10.2,37,320.31,0,3,0,Passive,1,1,1,1,0,0,4,688,0.312,893,Low
CUST-01586,Zanele,Adams,22,Female,Single,1,Matric,Western Cape,Employed,9000.0,LSM 5-6,6300.0,3.5,17,710.56,19,5,4,Digital-Preferred,1,1,0,0,0,0,2,482,0.658,646,High
CUST-01587,Palesa,Joubert,39,Female,Married,2,Diploma,Western Cape,Employed,12400.0,LSM 5-6,8100.0,6.6,12,593.06,14,1,3,Digital-Preferred,1,1,0,1,0,0,3,544,0.606,9999,Medium
CUST-01588,Chanel,Hendricks,37,Female,Married,5,Diploma,Eastern Cape,Employed,16600.0,LSM 5-6,13600.0,4.9,30,398.45,14,5,2,Digital-Preferred,1,1,1,0,0,0,3,586,0.714,365,Low
CUST-01589,Devan,Hendricks,26,Male,Single,0,Degree,Gauteng,Employed,15000.0,LSM 5-6,7100.0,3.6,22,194.17,11,1,0,Digital-Preferred,1,0,0,1,0,0,2,620,0.64,546,High
CUST-01590,Aaliya,Nkosi,29,Female,Married,2,Postgraduate,Limpopo,Self-Employed,49100.0,Affluent,25100.0,9.1,39,651.16,26,1,2,Digital-Only,1,1,1,0,1,0,4,598,0.448,9999,Low
CUST-01591,Ruan,Dlamini,23,Male,Single,0,Degree,Gauteng,Employed,44700.0,Affluent,24900.0,2.6,32,840.48,20,1,4,Digital-Preferred,1,0,0,1,1,0,3,452,0.555,9999,Medium
CUST-01592,Zanele,Williams,23,Female,Single,1,Degree,North West,Employed,36800.0,LSM 7-8,22300.0,4.6,31,581.94,16,9,6,Digital-Preferred,1,1,0,0,1,0,3,456,0.58,161,Low
CUST-01593,Kefilwe,Khumalo,30,Female,Married,1,Matric,Gauteng,Self-Employed,11700.0,LSM 5-6,6800.0,2.9,19,647.97,19,2,0,Digital-Preferred,1,0,1,1,0,0,3,629,0.36,9999,Low
CUST-01594,Aaliya,Joubert,27,Female,Single,0,Matric,Gauteng,Employed,11600.0,LSM 5-6,8100.0,9.6,25,174.53,18,0,2,Digital-Preferred,1,0,0,1,0,0,2,593,0.677,648,Medium
CUST-01595,Bongani,Adams,46,Male,Single,1,Diploma,Western Cape,Employed,14800.0,LSM 5-6,10400.0,5.0,22,572.41,6,4,0,Branch-Preferred,1,0,1,1,0,0,3,668,0.188,9999,Low
CUST-01596,Priya,Pretorius,74,Male,Widowed,0,Diploma,Gauteng,Employed,16400.0,LSM 5-6,9200.0,9.4,25,373.31,5,8,0,Branch-Preferred,1,1,1,0,0,0,3,700,0.462,9999,Low
CUST-01597,Priya,Dlamini,33,Male,Single,1,Matric,Eastern Cape,Employed,10700.0,LSM 5-6,6800.0,3.6,14,734.46,17,1,2,Digital-Preferred,1,1,1,0,0,0,3,575,0.416,903,Low
CUST-01598,Arjun,Dlamini,33,Male,Single,0,Degree,Gauteng,Employed,31700.0,LSM 7-8,18500.0,4.8,38,326.06,6,3,1,Passive,1,1,1,1,1,0,5,637,0.376,9999,Low
CUST-01599,Kagiso,Govender,41,Male,Married,2,Matric,KwaZulu-Natal,Employed,10100.0,LSM 5-6,7200.0,9.7,15,594.51,17,2,2,Digital-Preferred,1,0,0,0,0,0,1,588,0.0,9999,Medium
CUST-01600,Lethiwe,Brown,63,Male,Divorced,2,Matric,Gauteng,Employed,10500.0,LSM 5-6,9200.0,3.8,32,771.72,9,5,6,Branch-Preferred,1,0,0,0,0,0,1,418,0.0,446,High
CUST-01601,Tebogo,Mokoena,59,Male,Divorced,0,Matric,KwaZulu-Natal,Employed,15400.0,LSM 5-6,9000.0,1.3,15,311.68,4,7,0,Branch-Preferred,1,1,0,1,0,0,3,722,0.109,9999,Low
CUST-01602,Siphokazi,du Plessis,38,Female,Married,6,Degree,Gauteng,Employed,52700.0,Affluent,34700.0,5.4,48,542.8,23,2,0,Digital-Preferred,1,1,1,0,1,0,4,718,0.426,9999,Low
CUST-01603,Ruan,Williams,39,Male,Divorced,0,Degree,KwaZulu-Natal,Employed,29900.0,LSM 7-8,16800.0,9.6,47,774.24,7,3,0,Passive,1,1,1,1,1,0,5,746,0.345,9999,Low
CUST-01604,Nokwanda,Smith,64,Female,Single,0,Matric,Gauteng,Self-Employed,5800.0,LSM 1-4,3600.0,7.7,22,136.8,10,4,4,Branch-Preferred,1,0,0,1,1,0,3,578,0.395,299,Medium
CUST-01605,Johan,du Plessis,50,Male,Married,0,Degree,Mpumalanga,Employed,30800.0,LSM 7-8,19600.0,4.8,36,567.16,5,2,4,Passive,1,1,1,0,1,0,4,547,0.61,1575,Low
CUST-01606,Palesa,Govender,40,Female,Single,1,Degree,Limpopo,Employed,47700.0,Affluent,32700.0,6.3,44,676.73,15,3,1,Digital-Preferred,1,1,1,0,1,1,5,666,0.48,9999,Low
CUST-01607,Pieter,Jacobs,33,Male,Married,1,Diploma,Gauteng,Unemployed,675.14,LSM 1-4,700.0,7.1,11,394.47,19,5,5,Digital-Preferred,0,0,0,0,0,0,0,453,0.0,529,Medium
CUST-01608,Lerato,Daniels,33,Female,Married,4,Degree,Gauteng,Employed,26000.0,LSM 7-8,15500.0,10.7,26,273.43,17,5,5,Digital-Preferred,1,1,1,1,1,0,5,518,0.499,547,Low
CUST-01609,Kim,Mthethwa,30,Female,Single,1,Matric,Gauteng,Employed,3800.0,LSM 1-4,3700.0,5.0,8,709.91,20,1,0,Digital-Preferred,1,0,0,0,0,0,1,644,0.0,9999,Medium
CUST-01610,Lerato,Reddy,49,Female,Married,1,Diploma,Gauteng,Employed,21400.0,LSM 7-8,14300.0,8.1,12,896.17,7,2,1,Passive,1,1,1,1,0,1,5,655,0.249,9999,Low
CUST-01611,Marco,Mokoena,33,Male,Married,1,Matric,Western Cape,Employed,9200.0,LSM 5-6,5800.0,8.2,21,50.0,15,6,3,Digital-Preferred,1,0,0,0,0,0,1,515,0.0,1007,High
CUST-01612,Ayanda,Williams,30,Female,Single,0,Diploma,KwaZulu-Natal,Self-Employed,21300.0,LSM 7-8,14200.0,12.9,12,965.94,9,1,2,Passive,1,1,0,0,0,0,2,579,0.478,115,Medium
CUST-01613,Bongani,Ndlovu,44,Male,Married,2,Diploma,Free State,Employed,23300.0,LSM 7-8,11400.0,3.1,31,342.17,20,4,2,Digital-Preferred,1,0,1,1,0,0,3,585,0.519,9999,Low
CUST-01614,Tebogo,Nxumalo,45,Male,Divorced,0,No Matric,Limpopo,Unemployed,998.94,LSM 1-4,500.0,3.1,8,50.0,9,4,1,Branch-Preferred,0,0,0,0,0,0,0,579,0.0,9999,Medium
CUST-01615,Vusi,Mokoena,27,Male,Single,1,Diploma,Gauteng,Retired,7507.42,LSM 1-4,6500.0,4.0,7,773.85,15,5,1,Digital-Preferred,1,1,0,0,1,0,3,581,0.48,1598,Low
CUST-01616,Ashleigh,Mkhize,35,Female,Single,0,Diploma,Gauteng,Employed,8200.0,LSM 5-6,5400.0,8.0,27,50.0,15,5,3,Digital-Preferred,1,0,0,0,0,0,1,545,0.0,145,Low
CUST-01617,Tebogo,Pillay,61,Male,Widowed,0,Matric,Gauteng,Employed,13900.0,LSM 5-6,7100.0,5.2,8,705.44,9,5,1,Branch-Preferred,1,1,0,1,0,0,3,615,0.496,451,Low
CUST-01618,Aaliya,Maharaj,21,Female,Single,0,Matric,Gauteng,Self-Employed,6800.0,LSM 1-4,4400.0,3.4,9,302.32,27,2,0,Digital-Preferred,1,0,0,1,0,0,2,630,0.365,1307,Medium
CUST-01619,Rayan,Brown,53,Male,Married,1,No Matric,Western Cape,Student,2584.17,LSM 1-4,2100.0,5.5,7,346.97,17,4,4,Digital-Preferred,1,0,0,1,0,0,2,497,0.622,1297,High
CUST-01620,Mandla,Pretorius,47,Male,Married,5,Matric,Gauteng,Employed,15500.0,LSM 5-6,11800.0,6.0,22,409.18,15,1,5,Digital-Preferred,1,1,0,0,1,0,3,473,0.581,420,Low
CUST-01621,Mandla,Naidoo,35,Male,Married,1,Degree,Gauteng,Employed,20200.0,LSM 7-8,11500.0,6.7,19,72.22,12,3,1,Digital-Preferred,1,1,0,0,0,0,2,606,0.449,9999,Medium
CUST-01622,Kyle,Pillay,32,Male,Single,1,Degree,Gauteng,Employed,51900.0,Affluent,36500.0,11.1,56,644.33,26,0,1,Digital-Only,1,1,1,1,1,0,5,682,0.46,9999,Low
CUST-01623,Fatima,Dlamini,41,Female,Single,0,Matric,Eastern Cape,Unemployed,1629.9,LSM 1-4,1200.0,2.2,3,549.88,12,3,2,Digital-Preferred,1,0,0,0,0,0,1,575,0.0,9999,Medium
CUST-01624,Palesa,Maharaj,60,Female,Divorced,0,Diploma,Gauteng,Employed,21800.0,LSM 7-8,15500.0,6.0,57,216.17,11,5,3,Digital-Preferred,1,1,0,1,1,0,4,589,0.628,9999,Low
CUST-01625,Ashleigh,Dlamini,33,Female,Single,0,Diploma,Free State,Employed,15000.0,LSM 5-6,10900.0,2.4,12,656.18,18,4,3,Digital-Preferred,1,0,1,0,0,1,3,492,0.625,453,Medium
CUST-01626,Vusi,du Plessis,38,Male,Married,1,Postgraduate,KwaZulu-Natal,Employed,48300.0,Affluent,27800.0,8.9,66,570.22,24,1,2,Digital-Only,1,1,1,1,0,0,4,650,0.266,9999,Low
CUST-01627,Bongani,February,50,Male,Married,0,No Matric,KwaZulu-Natal,Unemployed,688.35,LSM 1-4,400.0,4.5,19,50.0,12,11,2,Digital-Preferred,1,0,0,0,0,0,1,590,0.0,9999,High
CUST-01628,Tayla,Hendricks,41,Female,Single,0,Diploma,Western Cape,Employed,30800.0,LSM 7-8,18100.0,10.3,30,539.1,5,3,1,Passive,1,0,0,1,1,1,4,658,0.436,9999,Low
CUST-01629,Marco,Pretorius,34,Male,Married,1,Diploma,Western Cape,Self-Employed,16200.0,LSM 5-6,7800.0,6.1,23,334.76,12,3,0,Digital-Preferred,1,1,0,1,0,0,3,663,0.325,9999,Low
CUST-01630,Nhlanhla,Ngubane,56,Male,Married,0,Matric,KwaZulu-Natal,Unemployed,1790.34,LSM 1-4,1000.0,3.8,8,340.83,2,4,1,Branch-Preferred,1,0,0,0,0,0,1,649,0.0,9999,Medium
CUST-01631,Fatima,Smith,57,Female,Widowed,0,No Matric,Western Cape,Unemployed,1655.03,LSM 1-4,900.0,4.4,14,179.83,3,3,5,Passive,0,1,0,0,0,0,1,454,0.57,717,Medium
CUST-01632,Lethiwe,Johnson,61,Male,Married,1,No Matric,KwaZulu-Natal,Retired,2850.47,LSM 1-4,2200.0,10.4,6,414.35,15,1,4,Digital-Preferred,1,0,0,0,0,0,1,565,0.0,557,Medium
CUST-01633,Luca,Motsepe,43,Male,Married,2,Matric,KwaZulu-Natal,Employed,4900.0,LSM 1-4,4500.0,0.6,19,422.96,15,7,2,Digital-Preferred,0,0,0,1,0,0,1,582,0.576,792,High
CUST-01634,Sbusiso,Ndlovu,31,Male,Married,3,Degree,Gauteng,Employed,12500.0,LSM 5-6,9400.0,4.0,20,238.4,6,5,7,Branch-Preferred,1,0,1,1,0,0,3,400,0.761,10,High
CUST-01635,Kefilwe,Joubert,48,Female,Divorced,1,Diploma,Eastern Cape,Employed,29500.0,LSM 7-8,22900.0,7.1,22,1356.9,15,3,4,Digital-Preferred,1,1,0,1,1,0,4,530,0.549,65,Low
CUST-01636,Ruan,Naidoo,38,Male,Divorced,3,Matric,Eastern Cape,Retired,4948.96,LSM 1-4,5200.0,3.4,17,50.0,4,5,3,Branch-Preferred,1,0,0,0,0,0,1,555,0.0,1697,Medium
CUST-01637,Kefilwe,Williams,21,Female,Single,0,Degree,Eastern Cape,Employed,27600.0,LSM 7-8,14100.0,4.0,31,740.39,19,1,6,Digital-Preferred,1,0,0,1,1,0,3,449,0.637,542,Low
CUST-01638,André,Brown,63,Male,Married,3,Matric,North West,Self-Employed,18600.0,LSM 5-6,10100.0,6.1,17,425.87,4,4,0,Branch-Preferred,1,1,0,1,1,0,4,708,0.35,9999,Low
CUST-01639,Arjun,Nxumalo,52,Male,Single,0,Postgraduate,Western Cape,Employed,78500.0,Affluent,51300.0,11.0,59,945.53,12,2,1,Digital-Preferred,1,1,1,1,1,1,6,739,0.364,2426,Low
CUST-01640,Vusi,Cele,36,Male,Married,1,Matric,Mpumalanga,Unemployed,3708.81,LSM 1-4,2900.0,5.6,17,460.28,23,1,5,Digital-Only,0,0,0,0,0,0,0,480,0.0,553,High
CUST-01641,Aaliya,February,23,Female,Single,0,Degree,KwaZulu-Natal,Self-Employed,33000.0,LSM 7-8,19200.0,3.2,41,580.48,24,0,0,Digital-Only,1,1,1,0,0,0,3,617,0.499,533,Low
CUST-01642,Vusi,Mokoena,66,Male,Divorced,1,Degree,Western Cape,Retired,22496.46,LSM 7-8,13600.0,2.6,24,641.15,15,6,0,Digital-Preferred,1,0,0,0,0,0,1,677,0.0,9999,Medium
CUST-01643,Samantha,van der Berg,18,Female,Single,0,Degree,Eastern Cape,Employed,32000.0,LSM 7-8,20600.0,1.5,39,701.47,18,1,3,Digital-Preferred,1,0,1,0,1,0,3,509,0.389,9999,Low
CUST-01644,Lethiwe,Ngubane,43,Male,Divorced,2,Degree,Gauteng,Employed,42100.0,Affluent,24100.0,2.5,47,216.78,4,5,2,Branch-Preferred,1,1,1,0,0,1,4,567,0.449,9999,Low
CUST-01645,Priya,Sithole,47,Male,Single,1,Matric,Gauteng,Retired,7063.87,LSM 1-4,6200.0,3.5,25,50.0,15,3,3,Digital-Preferred,1,0,0,1,0,0,2,521,0.61,341,High
CUST-01646,Pieter,Joubert,32,Male,Single,1,Degree,Western Cape,Employed,37700.0,LSM 7-8,24300.0,9.0,38,693.75,27,1,0,Digital-Only,1,1,1,1,0,1,5,710,0.326,246,Low
CUST-01647,Kim,Buthelezi,64,Female,Married,0,Matric,Gauteng,Unemployed,1007.25,LSM 1-4,400.0,8.6,3,93.81,14,0,0,Digital-Preferred,1,0,0,0,0,0,1,677,0.0,9999,Low
CUST-01648,Kagiso,Mthethwa,39,Male,Married,0,Diploma,Gauteng,Employed,23600.0,LSM 7-8,14100.0,13.6,33,364.71,13,5,3,Digital-Preferred,1,1,1,1,1,0,5,630,0.35,9999,Low
CUST-01649,Ayanda,Mokoena,63,Female,Divorced,0,Postgraduate,Limpopo,Self-Employed,118400.0,High Net Worth,80000.0,11.6,87,1167.18,16,2,2,Digital-Preferred,1,1,1,0,0,1,4,709,0.304,906,Low
CUST-01650,Megan,Ndlovu,50,Female,Married,2,Matric,KwaZulu-Natal,Unemployed,634.13,LSM 1-4,700.0,2.4,14,280.3,14,6,3,Digital-Preferred,0,0,0,0,0,0,0,530,0.0,1338,Medium
CUST-01651,Ashleigh,Hendricks,64,Female,Single,1,Matric,Gauteng,Unemployed,855.56,LSM 1-4,900.0,6.6,6,50.0,4,9,6,Branch-Preferred,1,0,0,0,0,0,1,467,0.0,483,Medium
CUST-01652,Zara,Brown,39,Female,Single,1,Degree,Gauteng,Self-Employed,32200.0,LSM 7-8,20400.0,12.8,27,844.04,18,2,2,Digital-Preferred,1,1,0,1,1,0,4,707,0.388,9999,Low
CUST-01653,Cleo,Botha,35,Female,Married,1,Matric,North West,Unemployed,1821.48,LSM 1-4,1600.0,9.7,6,50.0,20,5,3,Digital-Preferred,1,0,0,0,0,0,1,537,0.0,687,High
CUST-01654,Nandi,Mkhize,57,Female,Married,3,No Matric,Free State,Self-Employed,10900.0,LSM 5-6,9100.0,2.6,7,982.33,17,6,3,Digital-Preferred,1,0,0,0,1,0,2,576,0.586,9999,Medium
CUST-01655,Heinrich,Naidoo,56,Male,Married,1,Matric,Eastern Cape,Employed,11200.0,LSM 5-6,5400.0,5.3,13,236.82,13,4,0,Digital-Preferred,1,0,0,0,0,0,1,678,0.0,9999,Medium
CUST-01656,Zara,du Plessis,53,Female,Married,1,Degree,Gauteng,Employed,59600.0,Affluent,38700.0,11.5,41,933.31,15,5,0,Digital-Preferred,1,1,1,1,1,1,6,768,0.287,9999,Low
CUST-01657,Kefilwe,du Plessis,34,Female,Single,0,Degree,KwaZulu-Natal,Employed,27100.0,LSM 7-8,13100.0,9.6,33,266.36,10,5,0,Branch-Preferred,1,1,1,1,0,0,4,659,0.273,9999,Low
CUST-01658,Sipho,Pillay,21,Male,Single,0,Matric,KwaZulu-Natal,Self-Employed,15400.0,LSM 5-6,8200.0,4.3,12,773.58,12,2,1,Digital-Preferred,1,0,0,0,0,0,1,613,0.0,2115,High
CUST-01659,Lindiwe,Maharaj,40,Female,Married,3,Diploma,Limpopo,Unemployed,1929.5,LSM 1-4,2000.0,3.8,6,330.27,12,5,4,Digital-Preferred,1,0,0,0,0,0,1,497,0.0,9999,High
CUST-01660,Bongiwe,Nkosi,50,Female,Married,0,Diploma,Western Cape,Employed,25000.0,LSM 7-8,14600.0,8.4,27,763.56,11,3,2,Digital-Preferred,1,1,1,0,0,1,4,623,0.492,667,Low
CUST-01661,Rayan,Ndlovu,46,Male,Married,1,Diploma,Limpopo,Employed,12400.0,LSM 5-6,7100.0,8.6,33,324.28,7,3,1,Passive,1,0,0,0,1,0,2,621,0.485,1031,Medium
CUST-01662,Mihlali,Ndlovu,25,Female,Single,0,Degree,KwaZulu-Natal,Self-Employed,21100.0,LSM 7-8,11100.0,1.7,19,376.5,12,5,0,Digital-Preferred,1,1,0,0,0,1,3,633,0.484,9999,Low
CUST-01663,André,Khumalo,31,Male,Single,1,Postgraduate,Mpumalanga,Unemployed,382.12,LSM 1-4,400.0,9.0,3,313.46,1,6,4,Branch-Preferred,1,0,0,0,0,0,1,478,0.0,13,Medium
CUST-01664,Musa,February,42,Male,Single,1,Matric,KwaZulu-Natal,Employed,10000.0,LSM 5-6,7500.0,8.6,6,1077.61,5,8,4,Branch-Preferred,1,0,0,1,0,0,2,516,0.527,26,Medium
CUST-01665,Lethiwe,Maharaj,39,Male,Married,1,Matric,KwaZulu-Natal,Employed,9500.0,LSM 5-6,7300.0,3.4,9,893.41,11,2,2,Digital-Preferred,1,1,0,0,0,0,2,555,0.843,9999,High
CUST-01666,Zara,Govender,27,Female,Single,0,Diploma,Western Cape,Employed,17400.0,LSM 5-6,11700.0,8.3,16,632.79,20,2,1,Digital-Preferred,1,0,0,0,0,0,1,610,0.0,1407,Medium
CUST-01667,Priya,Reddy,33,Male,Single,0,Diploma,Eastern Cape,Employed,20700.0,LSM 7-8,12900.0,8.8,42,571.96,20,2,0,Digital-Preferred,1,1,1,1,0,0,4,696,0.373,9999,Low
CUST-01668,Kim,Nkosi,38,Female,Divorced,2,Diploma,North West,Employed,21300.0,LSM 7-8,11500.0,9.0,32,505.61,17,7,2,Digital-Preferred,1,0,0,0,0,0,1,588,0.0,530,High
CUST-01669,Devan,Nxumalo,32,Male,Single,0,No Matric,KwaZulu-Natal,Employed,3500.0,LSM 1-4,2200.0,10.0,10,81.48,5,1,5,Passive,0,0,0,0,0,0,0,462,0.0,288,High
CUST-01670,Sbusiso,Daniels,51,Male,Married,0,No Matric,North West,Employed,5500.0,LSM 1-4,2800.0,5.3,28,50.0,7,3,1,Passive,1,0,0,0,0,0,1,624,0.0,9999,High
CUST-01671,Fatima,van der Berg,31,Female,Single,1,Postgraduate,KwaZulu-Natal,Employed,77500.0,Affluent,48500.0,8.5,57,1504.74,21,3,3,Digital-Preferred,1,1,1,1,1,1,6,607,0.392,9999,Low
CUST-01672,Mandla,Pretorius,22,Male,Single,1,Matric,KwaZulu-Natal,Unemployed,1183.93,LSM 1-4,1200.0,0.5,7,50.0,10,7,2,Branch-Preferred,0,1,0,0,0,0,1,502,0.874,136,Medium
CUST-01673,Megan,Adams,32,Female,Single,0,Diploma,KwaZulu-Natal,Self-Employed,9600.0,LSM 5-6,4600.0,9.0,13,209.86,8,2,0,Passive,1,0,0,0,0,0,1,638,0.0,2838,Medium
CUST-01674,André,Mthembu,34,Male,Married,2,Degree,Gauteng,Employed,39600.0,LSM 7-8,23900.0,10.7,45,396.91,25,4,0,Digital-Preferred,1,1,1,1,1,1,6,728,0.374,9999,Low
CUST-01675,Jade,Daniels,30,Female,Single,1,No Matric,Mpumalanga,Employed,400.0,LSM 1-4,400.0,9.1,10,50.0,13,3,3,Digital-Preferred,1,0,0,0,0,0,1,576,0.0,47,High
CUST-01676,Kefilwe,Reddy,69,Female,Married,1,No Matric,Gauteng,Unemployed,362.62,LSM 1-4,400.0,2.2,22,50.0,8,3,1,Passive,0,0,0,0,0,0,0,565,0.0,1559,Medium
CUST-01677,Sipho,Sithole,39,Male,Divorced,1,Matric,KwaZulu-Natal,Retired,1997.71,LSM 1-4,2100.0,8.0,15,118.27,9,5,1,Branch-Preferred,1,0,0,0,0,0,1,621,0.0,401,Low
CUST-01678,Siyanda,Botha,56,Male,Single,0,Matric,Gauteng,Employed,10800.0,LSM 5-6,7900.0,8.8,24,424.47,5,7,7,Branch-Preferred,1,0,0,1,0,0,2,436,0.687,316,High
CUST-01679,Ruan,Mthembu,27,Male,Married,2,Matric,Limpopo,Self-Employed,10900.0,LSM 5-6,6300.0,3.5,3,1781.37,17,2,1,Digital-Preferred,1,0,0,0,1,0,2,584,0.489,9999,Medium
CUST-01680,Kim,Mkhize,30,Female,Single,0,Diploma,North West,Employed,14300.0,LSM 5-6,6900.0,9.1,6,1049.71,7,2,3,Passive,1,1,0,1,0,0,3,549,0.576,2584,Low
CUST-01681,Priya,Cele,22,Female,Single,0,Matric,Mpumalanga,Unemployed,2329.58,LSM 1-4,1200.0,4.4,3,239.2,14,4,3,Digital-Preferred,0,0,0,0,0,0,0,522,0.0,20,Medium
CUST-01682,Devan,Johnson,25,Male,Married,2,No Matric,KwaZulu-Natal,Self-Employed,6900.0,LSM 1-4,6100.0,0.5,11,320.45,20,4,2,Digital-Preferred,1,0,0,1,0,0,2,472,0.698,239,High
CUST-01683,Musa,Ndlovu,51,Male,Single,0,No Matric,KwaZulu-Natal,Self-Employed,7800.0,LSM 1-4,5300.0,7.3,3,1965.82,26,3,1,Digital-Preferred,1,1,1,0,0,0,3,621,0.316,10,Low
CUST-01684,Kim,Buthelezi,39,Female,Divorced,3,Matric,Gauteng,Unemployed,0.0,LSM 1-4,0.0,2.7,20,50.0,4,1,0,Passive,0,0,0,1,0,0,1,649,0.218,9999,Medium
CUST-01685,Kyle,Zulu,39,Male,Married,3,Matric,North West,Employed,8900.0,LSM 5-6,6300.0,0.6,14,176.02,8,4,0,Branch-Preferred,1,1,1,1,1,0,5,679,0.471,9999,Low
CUST-01686,Nozipho,Buthelezi,35,Female,Married,0,Postgraduate,Gauteng,Employed,44100.0,Affluent,20300.0,9.0,44,637.39,13,4,0,Digital-Preferred,1,1,1,1,1,0,5,753,0.24,9999,Low
CUST-01687,Jade,Dlamini,37,Female,Single,0,No Matric,Free State,Self-Employed,2200.0,LSM 1-4,1600.0,5.0,8,450.25,9,5,6,Branch-Preferred,1,0,0,0,0,0,1,430,0.0,3022,High
CUST-01688,Sipho,Buthelezi,54,Male,Married,0,Diploma,Mpumalanga,Student,2294.85,LSM 1-4,1500.0,9.4,18,130.86,9,4,0,Branch-Preferred,0,1,0,0,0,0,1,688,0.294,1419,Medium
CUST-01689,Chanel,Maharaj,31,Female,Single,1,Diploma,Limpopo,Self-Employed,18100.0,LSM 5-6,11500.0,6.8,6,1728.5,13,2,0,Digital-Preferred,1,1,1,0,1,0,4,620,0.439,9999,Low
CUST-01690,Nhlanhla,Hendricks,63,Male,Married,0,Diploma,Limpopo,Employed,17800.0,LSM 5-6,10800.0,8.5,21,458.75,9,5,4,Branch-Preferred,1,0,0,1,0,0,2,550,0.578,1249,Medium
CUST-01691,Sandile,Motsepe,28,Male,Single,0,Diploma,KwaZulu-Natal,Unemployed,1136.11,LSM 1-4,700.0,6.6,15,50.0,27,6,2,Digital-Preferred,1,0,0,0,0,0,1,570,0.0,9999,Medium
CUST-01692,Kim,Maharaj,49,Female,Single,0,No Matric,KwaZulu-Natal,Unemployed,1967.24,LSM 1-4,1300.0,8.2,16,71.37,6,1,2,Passive,1,1,0,0,0,0,2,592,0.582,995,Medium
CUST-01693,Kavitha,Naidoo,30,Female,Divorced,2,Diploma,KwaZulu-Natal,Employed,10700.0,LSM 5-6,9500.0,3.1,15,776.52,0,5,4,Branch-Preferred,1,0,0,0,1,0,2,483,0.578,905,High
CUST-01694,Thandi,Brown,36,Female,Married,2,Matric,Gauteng,Employed,14700.0,LSM 5-6,9500.0,6.6,6,1578.29,19,4,4,Digital-Preferred,1,1,0,0,0,0,2,546,0.431,155,Low
CUST-01695,Thandi,Daniels,62,Female,Married,1,Diploma,Limpopo,Employed,24300.0,LSM 7-8,16100.0,6.2,34,472.82,6,2,0,Passive,1,1,0,0,0,0,2,719,0.337,219,Medium
CUST-01696,Lungelo,Nxumalo,34,Male,Married,0,Matric,Western Cape,Unemployed,1568.28,LSM 1-4,900.0,7.1,8,50.0,14,3,0,Digital-Preferred,1,0,0,0,0,0,1,644,0.0,66,Medium
CUST-01697,Lerato,Pillay,43,Female,Married,4,Diploma,Mpumalanga,Employed,25700.0,LSM 7-8,17600.0,7.5,25,836.97,14,0,4,Digital-Preferred,1,1,1,1,0,1,5,560,0.466,2143,Low
CUST-01698,Lindiwe,Hendricks,48,Female,Married,1,Diploma,Mpumalanga,Unemployed,1170.13,LSM 1-4,1200.0,3.2,29,115.04,0,5,3,Branch-Preferred,0,0,0,0,0,0,0,544,0.0,9999,High
CUST-01699,Lethiwe,Ngubane,21,Male,Married,1,Diploma,Gauteng,Employed,14900.0,LSM 5-6,8400.0,1.5,21,50.0,23,3,3,Digital-Preferred,1,1,0,0,1,0,3,501,0.504,127,Low
CUST-01700,Arjun,Joubert,33,Male,Single,0,Matric,Gauteng,Unemployed,2115.67,LSM 1-4,1300.0,10.1,7,50.0,15,3,1,Digital-Preferred,1,1,0,1,0,0,3,659,0.371,286,Low
CUST-01701,Megan,Sithole,49,Female,Married,2,Diploma,KwaZulu-Natal,Employed,12100.0,LSM 5-6,7300.0,0.7,13,495.21,15,3,0,Digital-Preferred,1,0,0,0,0,0,1,622,0.0,3122,Medium
CUST-01702,Aaliya,Ngubane,29,Female,Married,0,Degree,Gauteng,Employed,26300.0,LSM 7-8,14100.0,8.6,33,621.41,16,3,0,Digital-Preferred,1,1,0,1,0,0,3,689,0.398,2142,Low
CUST-01703,Musa,Mkhize,32,Male,Single,1,Diploma,Eastern Cape,Employed,27200.0,LSM 7-8,17900.0,10.5,22,1046.97,17,4,2,Digital-Preferred,1,1,1,1,1,0,5,630,0.37,9999,Low
CUST-01704,Shenay,Nkosi,42,Female,Married,1,Matric,Limpopo,Employed,10300.0,LSM 5-6,7800.0,7.4,21,524.02,20,1,2,Digital-Preferred,1,0,0,1,0,0,2,579,0.43,795,Low
CUST-01705,Kyle,Adams,55,Male,Single,1,No Matric,Limpopo,Employed,10300.0,LSM 5-6,7200.0,11.6,26,246.79,16,6,1,Digital-Preferred,1,0,0,0,0,0,1,666,0.0,584,Low
CUST-01706,Thabo,Daniels,43,Male,Married,3,Matric,Western Cape,Self-Employed,18300.0,LSM 5-6,13600.0,9.0,21,940.6,13,8,3,Digital-Preferred,1,1,1,1,0,0,4,581,0.457,246,Low
CUST-01707,Dylan,Govender,29,Male,Married,1,Degree,Mpumalanga,Employed,19200.0,LSM 5-6,11200.0,7.4,31,216.79,10,3,2,Passive,1,1,1,0,1,1,5,630,0.294,3650,Low
CUST-01708,Fatima,Cele,33,Female,Single,1,Diploma,Eastern Cape,Self-Employed,16400.0,LSM 5-6,11500.0,4.7,20,506.8,10,3,2,Passive,1,1,0,0,0,0,2,547,0.545,216,High
CUST-01709,Sbusiso,Dlamini,48,Male,Married,0,Diploma,Northern Cape,Employed,27800.0,LSM 7-8,13000.0,8.1,23,281.03,12,5,3,Digital-Preferred,1,1,1,1,0,0,4,606,0.415,463,Low
CUST-01710,Mihlali,Naidoo,31,Female,Divorced,0,Degree,Mpumalanga,Employed,61600.0,Affluent,30700.0,9.5,38,738.83,23,5,0,Digital-Preferred,1,1,1,1,1,1,6,707,0.386,9999,Low
CUST-01711,Nhlanhla,Mkhize,28,Male,Married,3,Degree,Limpopo,Employed,32700.0,LSM 7-8,21600.0,6.0,34,462.95,7,3,0,Passive,1,1,1,1,1,1,6,714,0.262,9999,Low
CUST-01712,Thandi,du Plessis,56,Female,Married,1,Diploma,Gauteng,Employed,23700.0,LSM 7-8,15800.0,4.4,28,871.86,18,4,0,Digital-Preferred,1,1,0,0,1,0,3,699,0.375,9999,Low
CUST-01713,Nozipho,Jacobs,48,Female,Married,1,Diploma,Mpumalanga,Employed,16100.0,LSM 5-6,8000.0,2.5,29,544.06,10,5,0,Branch-Preferred,1,1,1,0,0,0,3,660,0.383,9999,Low
CUST-01714,Nkosinathi,Dlamini,50,Male,Single,1,Diploma,KwaZulu-Natal,Employed,5800.0,LSM 1-4,4400.0,5.9,21,222.18,2,5,5,Branch-Preferred,1,0,0,1,0,0,2,491,0.495,1574,Medium
CUST-01715,Nomvula,Joubert,25,Female,Single,0,Matric,KwaZulu-Natal,Self-Employed,6800.0,LSM 1-4,3400.0,0.5,31,203.07,8,0,1,Passive,1,0,0,1,0,0,2,610,0.429,9999,Medium
CUST-01716,Ruan,February,41,Male,Single,0,Degree,KwaZulu-Natal,Retired,8569.31,LSM 5-6,6200.0,4.2,11,442.8,14,2,4,Digital-Preferred,1,0,0,0,0,0,1,517,0.0,172,High
CUST-01717,Musa,Mokoena,28,Male,Married,2,Postgraduate,KwaZulu-Natal,Employed,42200.0,Affluent,28300.0,0.5,41,182.91,25,6,1,Digital-Preferred,1,1,1,1,1,0,5,601,0.493,9999,Low
CUST-01718,Lerato,Daniels,28,Female,Married,4,Diploma,Gauteng,Self-Employed,25800.0,LSM 7-8,16800.0,8.5,22,611.14,9,2,1,Passive,1,1,1,1,1,0,5,672,0.379,9999,Low
CUST-01719,Ayanda,Smith,54,Female,Married,1,Postgraduate,Gauteng,Self-Employed,80100.0,High Net Worth,50600.0,13.8,71,862.27,8,2,2,Passive,1,1,1,1,1,1,6,706,0.244,9999,Low
CUST-01720,Jason,Botha,52,Male,Divorced,1,Postgraduate,Limpopo,Employed,102900.0,High Net Worth,68000.0,12.1,71,1045.38,34,4,2,Digital-Preferred,1,1,0,0,1,1,4,714,0.341,3650,Low
CUST-01721,Shenay,Ngubane,38,Female,Single,0,Diploma,Eastern Cape,Employed,14400.0,LSM 5-6,6800.0,11.5,27,173.44,16,4,2,Digital-Preferred,1,0,0,1,0,0,2,560,0.302,628,Low
CUST-01722,Musa,Reddy,56,Male,Married,0,Diploma,North West,Retired,13029.28,LSM 5-6,5900.0,9.9,13,601.75,12,6,0,Digital-Preferred,1,0,0,0,1,0,2,714,0.31,9999,Low
CUST-01723,Fatima,Naidoo,28,Female,Single,0,Diploma,Mpumalanga,Employed,15800.0,LSM 5-6,7700.0,7.4,27,191.02,26,1,0,Digital-Only,1,1,0,0,0,0,2,631,0.444,9999,Medium
CUST-01724,Siphokazi,Botha,43,Female,Married,2,Matric,KwaZulu-Natal,Unemployed,1459.42,LSM 1-4,1500.0,4.8,21,50.0,13,5,5,Digital-Preferred,0,0,0,0,0,0,0,451,0.0,469,High
CUST-01725,Nozipho,Mkhize,38,Female,Single,0,No Matric,Limpopo,Employed,4200.0,LSM 1-4,2800.0,4.2,3,1081.25,19,3,7,Digital-Preferred,1,0,0,0,0,0,1,351,0.0,203,High
CUST-01726,Rayan,Adams,32,Male,Married,1,Diploma,Western Cape,Unemployed,2555.46,LSM 1-4,2200.0,6.9,3,610.97,19,2,1,Digital-Preferred,1,0,0,0,0,0,1,604,0.0,3077,Medium
CUST-01727,Aaliya,Nxumalo,52,Female,Married,0,Degree,KwaZulu-Natal,Student,2168.72,LSM 1-4,1100.0,4.7,13,289.94,16,9,1,Digital-Preferred,1,1,0,0,0,0,2,627,0.378,9999,Medium
CUST-01728,Kavitha,Zulu,56,Female,Married,0,Matric,Free State,Retired,3613.65,LSM 1-4,1900.0,6.9,13,50.0,13,5,3,Digital-Preferred,0,1,0,0,0,0,1,528,0.611,379,High
CUST-01729,Pieter,Mthembu,52,Male,Married,2,Degree,North West,Employed,39600.0,LSM 7-8,20600.0,9.5,34,491.97,20,2,0,Digital-Preferred,1,1,1,0,1,1,5,734,0.227,3650,Low
CUST-01730,Sipho,van der Berg,32,Male,Married,1,Diploma,Gauteng,Unemployed,811.94,LSM 1-4,900.0,4.4,7,248.01,14,3,2,Digital-Preferred,1,0,0,0,0,0,1,544,0.0,895,Medium
CUST-01731,Kavitha,Zulu,31,Female,Single,0,Degree,Mpumalanga,Employed,45100.0,Affluent,32200.0,10.8,33,1074.53,16,4,2,Digital-Preferred,1,1,1,0,1,0,4,665,0.358,9999,Low
CUST-01732,André,Mokoena,31,Male,Married,3,Matric,Gauteng,Unemployed,1614.27,LSM 1-4,1700.0,4.4,14,77.2,19,2,1,Digital-Preferred,0,0,0,0,0,0,0,559,0.0,1634,High
CUST-01733,Nandi,Cele,75,Female,Married,0,Matric,North West,Employed,14600.0,LSM 5-6,6100.0,6.0,12,565.8,9,11,2,Branch-Preferred,1,0,0,0,1,1,3,625,0.349,303,Low
CUST-01734,Lethiwe,van der Berg,23,Male,Single,0,Matric,Eastern Cape,Unemployed,376.39,LSM 1-4,300.0,0.6,13,51.11,7,4,0,Branch-Preferred,0,0,0,1,0,0,1,551,0.687,9999,High
CUST-01735,Samantha,Hendricks,28,Female,Married,1,Matric,Gauteng,Employed,5000.0,LSM 1-4,3000.0,4.5,9,50.0,17,2,3,Digital-Preferred,1,0,0,0,0,0,1,515,0.0,830,High
CUST-01736,Sbusiso,van der Berg,45,Male,Single,1,No Matric,Mpumalanga,Employed,5600.0,LSM 1-4,3400.0,11.8,10,267.28,13,7,0,Digital-Preferred,1,0,0,0,0,0,1,689,0.0,9999,Low
CUST-01737,Kefilwe,du Plessis,45,Female,Married,1,No Matric,Western Cape,Employed,7100.0,LSM 1-4,4600.0,2.8,24,237.14,11,1,0,Digital-Preferred,1,0,0,1,1,0,3,662,0.377,9999,Low
CUST-01738,Fatima,Zulu,30,Female,Single,0,Matric,Gauteng,Employed,13800.0,LSM 5-6,9200.0,7.2,27,441.98,20,2,0,Digital-Preferred,1,0,0,0,0,0,1,637,0.0,3650,Medium
CUST-01739,Musa,Ndlovu,27,Male,Married,1,Diploma,Limpopo,Employed,16800.0,LSM 5-6,9200.0,4.1,13,694.67,11,2,0,Digital-Preferred,1,1,0,0,0,0,2,673,0.529,421,Medium
CUST-01740,Liezel,February,45,Female,Married,2,Matric,Limpopo,Unemployed,934.66,LSM 1-4,1000.0,0.5,4,139.61,5,7,4,Branch-Preferred,1,0,0,0,0,0,1,472,0.0,9999,Medium
CUST-01741,Kavitha,Naidoo,29,Female,Single,0,Matric,Western Cape,Unemployed,1255.45,LSM 1-4,800.0,6.8,17,50.0,16,2,1,Digital-Preferred,0,0,0,0,0,0,0,597,0.0,9999,Medium
CUST-01742,Sbusiso,Dlamini,40,Male,Married,1,Degree,Limpopo,Self-Employed,40600.0,Affluent,17700.0,6.0,26,831.33,10,9,2,Branch-Preferred,1,1,1,1,1,1,6,629,0.369,9999,Low
CUST-01743,Siyanda,Joubert,32,Male,Single,1,Diploma,Gauteng,Unemployed,1097.14,LSM 1-4,1200.0,6.0,22,183.12,19,4,4,Digital-Preferred,0,0,0,0,0,0,0,460,0.0,9999,High
CUST-01744,Ayanda,Dlamini,24,Female,Single,0,Degree,KwaZulu-Natal,Employed,45400.0,Affluent,33700.0,7.0,41,1019.4,24,1,8,Digital-Only,1,1,0,1,1,0,4,366,0.686,88,Low
CUST-01745,Kim,Mthembu,36,Female,Married,3,Diploma,Eastern Cape,Employed,16200.0,LSM 5-6,10100.0,6.8,16,415.58,13,5,4,Digital-Preferred,1,0,0,1,1,0,3,502,0.723,24,Medium
CUST-01746,Ruan,Motsepe,27,Male,Married,2,No Matric,Gauteng,Unemployed,3258.15,LSM 1-4,2500.0,6.2,12,232.74,14,3,6,Digital-Preferred,1,0,0,1,0,0,2,437,0.696,1066,High
CUST-01747,Nandi,Govender,28,Female,Single,0,Postgraduate,KwaZulu-Natal,Employed,58600.0,Affluent,32400.0,3.4,60,401.55,31,1,0,Digital-Only,1,1,1,0,1,1,5,713,0.292,2269,Low
CUST-01748,Sandile,Naidoo,33,Male,Married,3,Degree,North West,Employed,49100.0,Affluent,26000.0,10.4,26,1009.29,20,4,1,Digital-Preferred,1,1,1,0,0,1,4,688,0.404,9999,Low
CUST-01749,Priya,Hendricks,29,Male,Single,0,Diploma,Mpumalanga,Self-Employed,40100.0,Affluent,27100.0,5.9,45,1183.55,23,2,2,Digital-Preferred,1,1,1,1,1,1,6,611,0.563,3650,Low
CUST-01750,Ashleigh,Mkhize,37,Female,Single,1,Diploma,Western Cape,Employed,18000.0,LSM 5-6,12600.0,0.5,32,574.48,15,5,2,Digital-Preferred,1,0,0,0,0,0,1,534,0.0,170,Medium
CUST-01751,Kiran,Mkhize,27,Male,Married,2,Diploma,Western Cape,Self-Employed,29100.0,LSM 7-8,13200.0,8.0,27,337.76,13,2,1,Digital-Preferred,1,1,1,0,1,0,4,643,0.315,9999,Low
CUST-01752,Pieter,du Plessis,43,Male,Married,4,Matric,Mpumalanga,Employed,10200.0,LSM 5-6,9600.0,9.1,16,549.47,8,5,4,Branch-Preferred,1,1,0,0,0,0,2,509,0.726,848,Medium
CUST-01753,Cleo,Johnson,48,Female,Married,0,Degree,Mpumalanga,Self-Employed,34800.0,LSM 7-8,22000.0,11.8,34,574.64,17,7,7,Digital-Preferred,1,1,1,1,1,1,6,521,0.53,982,Low
CUST-01754,Luca,Maharaj,28,Male,Single,1,Diploma,Gauteng,Employed,15000.0,LSM 5-6,10200.0,12.0,26,417.09,23,2,1,Digital-Preferred,1,0,1,1,0,1,4,660,0.333,1674,Low
CUST-01755,Luca,Govender,38,Male,Divorced,2,Matric,KwaZulu-Natal,Unemployed,1710.29,LSM 1-4,1800.0,7.4,5,55.21,19,1,4,Digital-Preferred,0,0,0,1,0,0,1,481,0.662,198,High
CUST-01756,Siphokazi,Ndlovu,45,Female,Divorced,1,No Matric,Gauteng,Employed,10800.0,LSM 5-6,6100.0,7.3,17,423.56,15,3,2,Digital-Preferred,1,0,0,0,0,0,1,628,0.0,671,High
CUST-01757,Kim,Johnson,48,Female,Married,4,No Matric,Gauteng,Unemployed,819.22,LSM 1-4,900.0,8.3,10,50.0,16,5,2,Digital-Preferred,0,0,0,1,0,0,1,564,0.548,744,High
CUST-01758,Tayla,February,37,Female,Single,1,Matric,KwaZulu-Natal,Employed,12700.0,LSM 5-6,9700.0,3.2,24,69.63,8,6,3,Branch-Preferred,1,0,1,0,0,0,2,534,0.581,1176,Medium
CUST-01759,Jade,Joubert,25,Female,Married,4,Matric,Eastern Cape,Employed,4500.0,LSM 1-4,4700.0,0.5,34,538.57,21,3,3,Digital-Preferred,1,0,0,0,0,0,1,509,0.0,9999,Medium
CUST-01760,Zanele,Mokoena,32,Female,Single,1,Degree,Limpopo,Employed,36100.0,LSM 7-8,20500.0,6.0,28,659.99,16,3,1,Digital-Preferred,1,1,1,1,1,0,5,667,0.377,94,Low
CUST-01761,Lungelo,Govender,24,Male,Married,2,Matric,North West,Employed,13800.0,LSM 5-6,10700.0,7.8,20,820.25,20,1,4,Digital-Preferred,1,1,1,0,0,0,3,495,0.711,1069,Low
CUST-01762,Kefilwe,Naidoo,57,Female,Divorced,1,Matric,KwaZulu-Natal,Self-Employed,7300.0,LSM 1-4,4700.0,3.5,9,360.19,10,4,5,Branch-Preferred,1,0,0,0,0,0,1,465,0.0,2316,Medium
CUST-01763,Arjun,Williams,28,Male,Married,0,Matric,KwaZulu-Natal,Retired,4638.73,LSM 1-4,2600.0,6.7,9,50.0,13,3,3,Digital-Preferred,1,0,0,0,0,0,1,500,0.0,1804,Medium
CUST-01764,Bongani,Ndlovu,25,Male,Single,0,Diploma,Gauteng,Employed,10400.0,LSM 5-6,4800.0,6.2,8,389.86,13,2,1,Digital-Preferred,1,1,0,0,0,0,2,604,0.476,9999,Low
CUST-01765,Lindiwe,Pretorius,25,Female,Married,5,Diploma,Gauteng,Employed,14400.0,LSM 5-6,11500.0,5.2,7,2180.46,4,6,5,Branch-Preferred,1,1,0,1,0,0,3,485,0.605,39,Medium
CUST-01766,Nomvula,Maharaj,31,Female,Divorced,2,Diploma,Gauteng,Unemployed,1555.33,LSM 1-4,1600.0,1.3,20,50.0,14,2,2,Digital-Preferred,1,0,0,1,0,0,2,494,0.682,208,High
CUST-01767,Ayanda,Mokoena,24,Female,Single,0,Postgraduate,Free State,Employed,48800.0,Affluent,25000.0,5.0,45,910.85,16,3,1,Digital-Preferred,1,1,0,1,1,1,5,654,0.316,9999,Low
CUST-01768,Dylan,Smith,37,Male,Married,2,Postgraduate,Gauteng,Self-Employed,74900.0,Affluent,45100.0,8.7,61,808.39,23,1,0,Digital-Only,1,1,0,0,1,1,4,711,0.341,9999,Low
CUST-01769,Priya,Mthembu,26,Male,Single,2,Degree,Limpopo,Employed,51300.0,Affluent,36200.0,10.0,37,1002.35,25,0,3,Digital-Only,1,1,1,0,1,1,5,598,0.469,9999,Low
CUST-01770,Fatima,Ndlovu,57,Female,Widowed,0,Diploma,KwaZulu-Natal,Employed,22800.0,LSM 7-8,12200.0,9.9,25,338.28,11,4,2,Digital-Preferred,1,1,0,0,0,1,3,612,0.424,2028,Low
CUST-01771,Kefilwe,Hendricks,45,Female,Married,1,Matric,Western Cape,Employed,15200.0,LSM 5-6,9400.0,4.9,11,674.3,7,3,1,Passive,1,0,0,0,0,0,1,602,0.0,9999,Medium
CUST-01772,André,Zulu,32,Male,Single,0,Diploma,Mpumalanga,Employed,26800.0,LSM 7-8,16100.0,12.1,28,687.82,15,4,3,Digital-Preferred,1,1,1,1,1,0,5,653,0.512,1151,Low
CUST-01773,Kiran,Mthethwa,54,Male,Married,0,Matric,North West,Self-Employed,13500.0,LSM 5-6,7900.0,6.9,22,622.95,11,4,6,Digital-Preferred,1,1,0,1,0,0,3,469,0.712,2353,Medium
CUST-01774,Ruan,Buthelezi,55,Male,Single,0,Diploma,Gauteng,Unemployed,314.27,LSM 1-4,300.0,0.5,6,89.26,3,6,0,Branch-Preferred,1,0,0,0,0,0,1,630,0.0,9999,Medium
CUST-01775,Jade,Reddy,38,Female,Married,1,Matric,North West,Employed,11100.0,LSM 5-6,5900.0,5.5,11,684.28,16,5,3,Digital-Preferred,1,1,0,0,0,0,2,522,0.467,3032,Low
CUST-01776,Chanel,Dlamini,33,Female,Married,2,Matric,Gauteng,Retired,5353.02,LSM 1-4,4100.0,10.3,10,324.88,16,5,6,Digital-Preferred,0,0,0,0,0,0,0,501,0.0,204,Medium
CUST-01777,Sandile,Motsepe,23,Male,Single,0,No Matric,Limpopo,Self-Employed,900.0,LSM 1-4,400.0,1.0,17,458.15,21,3,2,Digital-Preferred,1,0,0,0,0,0,1,532,0.0,106,High
CUST-01778,Heinrich,February,33,Male,Married,4,Diploma,Gauteng,Employed,8100.0,LSM 5-6,7400.0,5.3,17,483.01,7,5,3,Branch-Preferred,1,0,0,1,0,0,2,534,0.681,165,High
CUST-01779,Kyle,Motsepe,25,Male,Single,1,Degree,Western Cape,Self-Employed,57500.0,Affluent,30300.0,0.5,35,1272.35,29,2,1,Digital-Preferred,1,1,1,1,0,0,4,640,0.439,993,Low
CUST-01780,Devan,Pillay,40,Male,Married,1,No Matric,Limpopo,Retired,3876.5,LSM 1-4,2400.0,1.7,18,50.0,14,3,1,Digital-Preferred,1,0,0,0,0,0,1,595,0.0,9999,Medium
CUST-01781,Cleo,February,36,Female,Divorced,0,Diploma,Mpumalanga,Employed,16200.0,LSM 5-6,10500.0,3.6,25,411.0,1,3,2,Passive,1,1,0,0,0,0,2,566,0.46,127,High
CUST-01782,Johan,Pillay,32,Male,Married,1,Matric,Mpumalanga,Employed,9600.0,LSM 5-6,5000.0,2.0,18,492.08,11,7,0,Digital-Preferred,1,1,0,1,1,0,4,635,0.504,9999,Low
CUST-01783,Samantha,Adams,18,Female,Single,1,Degree,KwaZulu-Natal,Employed,26900.0,LSM 7-8,15200.0,0.5,41,399.13,19,2,0,Digital-Preferred,1,0,0,1,1,0,3,575,0.351,255,Low
CUST-01784,Zara,Jacobs,26,Female,Married,3,No Matric,Mpumalanga,Employed,6300.0,LSM 1-4,5700.0,10.0,14,510.69,16,2,2,Digital-Preferred,0,0,0,0,0,0,0,556,0.0,318,Medium
CUST-01785,Anika,Pillay,68,Female,Married,1,No Matric,KwaZulu-Natal,Retired,3585.64,LSM 1-4,2100.0,5.1,16,50.0,8,5,2,Branch-Preferred,1,1,0,0,0,0,2,581,0.555,865,Medium
CUST-01786,Kefilwe,Smith,39,Female,Married,0,Diploma,Gauteng,Employed,15900.0,LSM 5-6,10500.0,8.4,24,356.4,6,3,3,Passive,1,0,0,0,1,0,2,572,0.492,9999,Medium
CUST-01787,Dylan,Pretorius,38,Male,Single,0,Diploma,Gauteng,Self-Employed,25300.0,LSM 7-8,11400.0,10.0,34,160.23,20,3,0,Digital-Preferred,1,1,1,0,1,0,4,693,0.221,9999,Low
CUST-01788,Jason,Daniels,22,Male,Single,0,Degree,Gauteng,Employed,21900.0,LSM 7-8,12600.0,0.5,23,530.72,24,1,1,Digital-Only,1,0,0,0,1,0,2,590,0.442,213,Medium
CUST-01789,Bongani,Naidoo,67,Male,Married,1,Matric,Gauteng,Unemployed,2337.44,LSM 1-4,2400.0,2.7,6,362.32,14,7,2,Digital-Preferred,0,0,0,0,0,0,0,567,0.0,892,Medium
CUST-01790,Nomvula,Mokoena,45,Female,Married,1,Postgraduate,Eastern Cape,Employed,44800.0,Affluent,31500.0,10.3,48,550.44,6,8,2,Branch-Preferred,1,0,0,1,1,1,4,632,0.599,9999,Low
CUST-01791,Lungelo,du Plessis,22,Male,Single,1,Matric,Gauteng,Self-Employed,8000.0,LSM 1-4,6300.0,1.1,23,400.38,23,0,4,Digital-Only,1,1,0,1,0,0,3,507,0.811,937,Medium
CUST-01792,Sbusiso,Mokoena,31,Male,Married,1,Diploma,Western Cape,Employed,14500.0,LSM 5-6,8500.0,8.1,30,70.3,18,3,0,Digital-Preferred,1,0,1,0,1,0,3,653,0.328,9999,Low
CUST-01793,Siyanda,Sithole,33,Male,Married,3,Postgraduate,Gauteng,Student,1795.99,LSM 1-4,1900.0,10.2,15,50.0,11,2,2,Digital-Preferred,1,0,0,0,0,0,1,596,0.0,294,Medium
CUST-01794,Marco,Buthelezi,30,Male,Single,0,Matric,Eastern Cape,Unemployed,1358.69,LSM 1-4,700.0,0.7,3,119.02,8,4,0,Branch-Preferred,1,0,0,0,0,0,1,567,0.0,10,High
CUST-01795,Ashleigh,Botha,35,Female,Married,5,Degree,KwaZulu-Natal,Employed,37600.0,LSM 7-8,21700.0,6.4,36,1033.26,7,3,3,Passive,1,1,1,1,1,0,5,606,0.436,9999,Low
CUST-01796,Ayanda,Mokoena,30,Female,Single,0,No Matric,KwaZulu-Natal,Employed,9200.0,LSM 5-6,5300.0,5.0,16,433.23,13,4,5,Digital-Preferred,1,1,0,0,0,0,2,418,0.629,607,High
CUST-01797,Tayla,Naidoo,33,Female,Single,0,Diploma,Eastern Cape,Unemployed,2451.1,LSM 1-4,1800.0,3.6,21,50.0,8,2,4,Passive,1,0,0,1,0,0,2,536,0.561,623,Medium
CUST-01798,Thandi,Motsepe,31,Female,Married,3,Matric,North West,Unemployed,1145.92,LSM 1-4,1200.0,3.3,19,152.16,8,3,3,Passive,1,0,0,0,0,0,1,526,0.0,1567,Medium
CUST-01799,Kiran,Botha,28,Male,Single,0,Diploma,Northern Cape,Unemployed,2365.14,LSM 1-4,1700.0,3.7,16,79.42,8,11,0,Branch-Preferred,1,0,0,1,0,0,2,615,0.602,189,Medium
CUST-01800,Mandla,Zulu,49,Male,Married,2,Degree,KwaZulu-Natal,Employed,50500.0,Affluent,30000.0,8.3,27,1188.64,19,3,2,Digital-Preferred,1,1,1,0,1,1,5,675,0.338,9999,Low
CUST-01801,Thabo,Sithole,31,Male,Married,0,No Matric,North West,Employed,7100.0,LSM 1-4,3500.0,6.0,8,613.65,24,5,0,Digital-Preferred,1,1,0,0,0,0,2,608,0.349,2867,Low
CUST-01802,Nandi,Motsepe,42,Female,Married,1,Matric,Eastern Cape,Unemployed,1880.02,LSM 1-4,1800.0,8.0,8,263.7,7,8,4,Branch-Preferred,1,0,0,0,0,0,1,509,0.0,838,High
CUST-01803,Tayla,Jacobs,30,Female,Single,0,Matric,North West,Employed,1500.0,LSM 1-4,1100.0,5.0,8,161.61,8,3,1,Passive,0,0,0,0,0,0,0,597,0.0,1448,High
CUST-01804,Kyle,van der Berg,53,Male,Single,1,Matric,Gauteng,Employed,16100.0,LSM 5-6,11700.0,9.4,22,829.12,7,0,1,Passive,1,0,0,1,0,0,2,673,0.376,9999,Medium
CUST-01805,Nokwanda,Dlamini,32,Female,Single,0,Diploma,Gauteng,Employed,12300.0,LSM 5-6,8600.0,4.0,30,394.6,19,7,3,Digital-Preferred,1,1,0,1,1,0,4,545,0.527,182,Low
CUST-01806,Luca,Ngubane,20,Male,Single,2,Postgraduate,Gauteng,Employed,58000.0,Affluent,41700.0,0.5,55,797.15,5,0,1,Passive,1,0,0,1,0,0,2,602,0.548,33,Medium
CUST-01807,Nkosinathi,Maharaj,41,Male,Single,0,No Matric,Limpopo,Employed,6400.0,LSM 1-4,4100.0,4.5,7,594.16,13,4,1,Digital-Preferred,1,0,0,0,0,0,1,630,0.0,782,Medium
CUST-01808,Mihlali,Khumalo,31,Female,Single,3,Diploma,Gauteng,Self-Employed,17800.0,LSM 5-6,13300.0,7.6,15,773.49,18,4,3,Digital-Preferred,1,1,1,0,0,0,3,575,0.534,166,Low
CUST-01809,Nokwanda,Khumalo,32,Female,Married,1,Diploma,Gauteng,Employed,5700.0,LSM 1-4,3300.0,8.0,6,300.89,9,4,0,Branch-Preferred,1,0,0,0,0,0,1,595,0.0,9999,High
CUST-01810,Samantha,Motsepe,54,Female,Divorced,2,Matric,Western Cape,Self-Employed,8500.0,LSM 5-6,7200.0,9.9,15,614.08,0,5,1,Branch-Preferred,0,1,0,0,0,0,1,647,0.529,860,High
CUST-01811,Aaliya,Motsepe,20,Female,Single,2,Matric,Free State,Employed,2900.0,LSM 1-4,3000.0,2.9,18,421.98,19,6,2,Digital-Preferred,0,0,0,1,0,0,1,527,0.747,2027,High
CUST-01812,Heinrich,Botha,46,Male,Single,0,Diploma,Western Cape,Retired,9803.31,LSM 5-6,6500.0,7.9,24,356.4,12,6,0,Digital-Preferred,1,1,0,0,0,0,2,642,0.403,550,Low
CUST-01813,Fatima,Nkosi,33,Female,Married,1,Diploma,Limpopo,Employed,11400.0,LSM 5-6,5400.0,9.9,15,473.19,10,2,1,Passive,1,1,0,0,0,0,2,603,0.406,941,Low
CUST-01814,Megan,Maharaj,31,Female,Single,1,Degree,Gauteng,Employed,27800.0,LSM 7-8,18000.0,4.5,28,465.44,16,5,1,Digital-Preferred,1,1,0,0,0,0,2,648,0.454,9999,High
CUST-01815,Thandi,Nxumalo,33,Female,Single,3,Diploma,North West,Employed,18000.0,LSM 5-6,15000.0,5.6,35,309.33,5,3,4,Passive,1,1,1,1,0,0,4,505,0.577,1116,Low
CUST-01816,Lethiwe,Maharaj,29,Male,Single,0,Diploma,Gauteng,Employed,18500.0,LSM 5-6,9800.0,13.0,10,723.64,10,5,1,Branch-Preferred,1,1,0,0,1,0,3,641,0.39,1672,Low
CUST-01817,Zanele,Joubert,49,Female,Divorced,1,Degree,KwaZulu-Natal,Employed,28600.0,LSM 7-8,14200.0,9.5,34,367.74,10,2,0,Passive,1,1,1,1,0,1,5,702,0.395,9999,Low
CUST-01818,Musa,Mkhize,37,Male,Married,2,Degree,KwaZulu-Natal,Employed,38300.0,LSM 7-8,26800.0,9.1,40,866.64,11,5,5,Digital-Preferred,1,1,1,1,1,1,6,552,0.545,591,Low
CUST-01819,Musa,van der Berg,34,Male,Single,0,Postgraduate,Gauteng,Self-Employed,86800.0,High Net Worth,44800.0,11.7,65,549.75,24,1,3,Digital-Only,1,0,1,0,1,0,3,635,0.491,1442,Low
CUST-01820,Nomvula,Nkosi,30,Female,Married,3,Matric,Eastern Cape,Employed,9800.0,LSM 5-6,9200.0,1.6,16,560.07,18,4,2,Digital-Preferred,1,0,1,1,0,0,3,604,0.477,2878,Low
CUST-01821,Kavitha,Reddy,19,Female,Married,3,Postgraduate,Eastern Cape,Student,3185.87,LSM 1-4,3100.0,0.5,15,347.16,9,3,2,Passive,1,0,0,0,0,0,1,500,0.0,9999,High
CUST-01822,Nomvula,Ngubane,36,Female,Single,0,Degree,Gauteng,Employed,44900.0,Affluent,31800.0,5.0,38,1078.47,17,1,0,Digital-Preferred,1,1,1,1,1,0,5,704,0.399,9999,Low
CUST-01823,Aaliya,Sithole,49,Female,Married,1,Degree,Gauteng,Employed,39100.0,LSM 7-8,22100.0,8.9,31,383.5,16,2,0,Digital-Preferred,1,1,1,1,0,1,5,679,0.402,9999,Low
CUST-01824,Priya,Khumalo,47,Male,Single,0,Diploma,Gauteng,Employed,25700.0,LSM 7-8,14700.0,5.6,21,604.66,12,2,5,Digital-Preferred,1,1,0,1,1,0,4,479,0.602,933,Low
CUST-01825,Tayla,Motsepe,46,Female,Single,0,Postgraduate,Gauteng,Employed,84700.0,High Net Worth,47700.0,10.9,81,441.23,11,3,0,Digital-Preferred,1,1,1,0,1,1,5,795,0.206,356,Low
CUST-01826,Lungelo,Sithole,36,Male,Married,5,Diploma,North West,Retired,9767.46,LSM 5-6,9400.0,4.7,13,547.74,12,6,2,Digital-Preferred,1,0,0,0,0,0,1,592,0.0,9999,High
CUST-01827,Megan,Nxumalo,37,Female,Single,2,Degree,Eastern Cape,Self-Employed,47000.0,Affluent,32500.0,3.3,43,679.22,11,2,2,Digital-Preferred,1,1,1,1,1,1,6,634,0.326,373,Low
CUST-01828,Pieter,February,41,Male,Married,2,Diploma,Gauteng,Employed,9100.0,LSM 5-6,6800.0,8.3,22,50.0,11,11,3,Digital-Preferred,1,1,0,0,0,0,2,590,0.597,512,Medium
CUST-01829,Jade,Buthelezi,52,Female,Single,0,Diploma,Gauteng,Employed,16000.0,LSM 5-6,8000.0,0.8,19,347.53,5,2,0,Passive,1,0,1,1,1,0,4,639,0.267,298,Low
CUST-01830,Shenay,Mkhize,30,Female,Married,2,Degree,Mpumalanga,Student,2869.17,LSM 1-4,3000.0,3.0,12,257.0,7,2,3,Passive,0,0,0,0,0,0,0,540,0.0,368,High
CUST-01831,Kavitha,du Plessis,36,Female,Married,3,Matric,Mpumalanga,Unemployed,854.44,LSM 1-4,900.0,1.1,15,50.0,15,2,5,Digital-Preferred,0,0,0,1,0,0,1,409,0.69,562,Medium
CUST-01832,Sipho,Ngubane,32,Male,Married,0,Matric,North West,Self-Employed,13400.0,LSM 5-6,7700.0,3.3,12,545.32,18,5,1,Digital-Preferred,1,1,0,1,0,0,3,613,0.477,409,Low
CUST-01833,Rayan,van der Berg,48,Male,Married,0,Matric,Gauteng,Employed,10800.0,LSM 5-6,5900.0,6.3,5,1183.91,12,7,4,Digital-Preferred,1,0,0,1,0,0,2,598,0.409,9999,Low
CUST-01834,Nhlanhla,Maharaj,42,Male,Married,2,Diploma,Western Cape,Employed,15200.0,LSM 5-6,10400.0,9.7,14,766.82,11,5,2,Digital-Preferred,1,0,0,1,0,0,2,588,0.503,9999,Medium
CUST-01835,Luca,Mthembu,64,Male,Married,3,Diploma,Gauteng,Retired,8496.87,LSM 5-6,7200.0,0.9,29,50.0,13,2,1,Digital-Preferred,1,1,0,1,1,0,4,660,0.359,9999,Low
CUST-01836,Shenay,Pretorius,32,Female,Single,0,Degree,Limpopo,Employed,35000.0,LSM 7-8,17200.0,5.7,29,733.15,9,3,4,Passive,1,1,1,1,1,0,5,566,0.481,861,Low
CUST-01837,Bongani,Dlamini,55,Male,Married,1,Diploma,KwaZulu-Natal,Unemployed,2824.12,LSM 1-4,2400.0,0.5,13,329.48,11,1,2,Digital-Preferred,1,0,0,0,1,0,2,557,0.641,307,High
CUST-01838,Megan,Nkosi,30,Female,Single,0,Diploma,Eastern Cape,Employed,16200.0,LSM 5-6,7700.0,4.3,10,621.51,13,3,2,Digital-Preferred,1,0,0,1,1,0,3,626,0.262,9999,Low
CUST-01839,Thabo,Ndlovu,40,Male,Single,0,No Matric,Gauteng,Unemployed,2152.24,LSM 1-4,1200.0,5.4,22,390.14,26,0,0,Digital-Only,1,0,0,0,0,0,1,616,0.0,540,High
CUST-01840,Nkosinathi,Khumalo,26,Male,Married,2,Diploma,Limpopo,Employed,15200.0,LSM 5-6,7600.0,7.3,18,513.39,3,6,2,Branch-Preferred,1,1,0,0,0,0,2,573,0.472,9999,Medium
CUST-01841,Nozipho,Mokoena,28,Female,Single,0,Degree,Gauteng,Self-Employed,62400.0,Affluent,41500.0,0.5,48,926.84,29,0,3,Digital-Only,1,1,1,0,1,0,4,571,0.576,125,Low
CUST-01842,Jason,Williams,32,Male,Single,1,Diploma,Mpumalanga,Employed,9700.0,LSM 5-6,7100.0,7.3,15,609.95,15,3,7,Digital-Preferred,0,1,0,1,1,0,3,410,0.593,64,Medium
CUST-01843,Siyanda,Brown,37,Male,Married,2,Degree,Gauteng,Self-Employed,27300.0,LSM 7-8,14100.0,3.9,48,87.15,21,4,2,Digital-Preferred,1,1,1,0,0,0,3,667,0.366,983,Low
CUST-01844,Luca,Ndlovu,23,Male,Single,0,Postgraduate,Limpopo,Employed,37500.0,LSM 7-8,18500.0,0.5,39,403.67,25,2,1,Digital-Preferred,1,1,1,1,1,0,5,578,0.449,299,Low
CUST-01845,Kagiso,February,50,Male,Married,0,Matric,Gauteng,Unemployed,1667.28,LSM 1-4,1100.0,5.3,10,233.52,9,7,4,Branch-Preferred,1,0,0,0,0,0,1,553,0.0,193,High
CUST-01846,Kavitha,Naidoo,26,Female,Single,0,Degree,Eastern Cape,Self-Employed,20200.0,LSM 7-8,12800.0,6.9,3,4107.11,15,2,0,Digital-Preferred,1,0,0,0,1,0,2,588,0.504,958,Medium
CUST-01847,Bongani,du Plessis,49,Male,Married,1,Diploma,Limpopo,Self-Employed,34200.0,LSM 7-8,19700.0,7.0,44,377.24,6,2,1,Passive,1,1,1,0,1,1,5,606,0.417,9999,Low
CUST-01848,Sbusiso,Hendricks,25,Male,Married,1,Diploma,KwaZulu-Natal,Employed,12400.0,LSM 5-6,9000.0,1.2,13,812.51,10,2,2,Passive,1,1,0,0,1,0,3,549,0.43,473,Low
CUST-01849,Priya,Botha,29,Female,Single,0,Matric,Gauteng,Unemployed,1480.93,LSM 1-4,900.0,4.8,4,286.97,17,3,1,Digital-Preferred,1,0,0,0,0,0,1,602,0.0,9999,Medium
CUST-01850,Fatima,Buthelezi,41,Female,Married,2,Matric,KwaZulu-Natal,Employed,8500.0,LSM 5-6,7000.0,3.4,10,704.19,17,5,0,Digital-Preferred,1,0,0,0,0,0,1,671,0.0,9999,Medium
CUST-01851,Megan,du Plessis,28,Female,Single,0,Matric,KwaZulu-Natal,Employed,5600.0,LSM 1-4,3000.0,7.2,25,132.51,33,6,1,Digital-Preferred,1,1,0,0,0,0,2,645,0.353,9999,Low
CUST-01852,Devan,Maharaj,33,Male,Single,0,Diploma,Eastern Cape,Self-Employed,14600.0,LSM 5-6,7600.0,9.2,19,365.02,15,6,0,Digital-Preferred,0,1,0,1,0,0,2,668,0.31,9999,Low
CUST-01853,Anika,Reddy,30,Female,Single,0,Matric,Gauteng,Unemployed,1952.63,LSM 1-4,1100.0,8.2,3,537.22,9,3,4,Passive,1,0,0,0,0,0,1,510,0.0,1849,High
CUST-01854,Sandile,Khumalo,46,Male,Married,2,Matric,Gauteng,Employed,6000.0,LSM 1-4,5200.0,5.3,12,851.35,19,3,2,Digital-Preferred,0,0,0,1,0,0,1,586,0.543,627,High
CUST-01855,Lethiwe,Williams,34,Male,Single,1,Diploma,KwaZulu-Natal,Retired,6978.67,LSM 1-4,5200.0,8.8,8,708.53,7,5,3,Branch-Preferred,1,1,0,1,0,0,3,599,0.594,314,Low
CUST-01856,Samantha,Buthelezi,31,Female,Married,5,Diploma,KwaZulu-Natal,Employed,17100.0,LSM 5-6,12900.0,3.1,24,793.9,14,1,3,Digital-Preferred,1,1,0,0,0,0,2,496,0.494,256,High
CUST-01857,Priya,Daniels,30,Female,Single,0,Degree,Gauteng,Unemployed,3118.2,LSM 1-4,1400.0,10.6,9,68.21,10,3,1,Passive,1,0,0,0,0,0,1,598,0.0,2700,Medium
CUST-01858,Ashleigh,Ngubane,38,Female,Single,0,Diploma,Limpopo,Self-Employed,16500.0,LSM 5-6,8800.0,3.0,8,963.69,13,7,0,Digital-Preferred,1,1,1,0,1,0,4,678,0.424,9999,Low
CUST-01859,Mihlali,Mthembu,34,Female,Married,3,Matric,Gauteng,Retired,5709.36,LSM 1-4,5100.0,0.5,13,234.67,18,5,2,Digital-Preferred,1,0,0,0,1,0,2,572,0.713,9999,High
CUST-01860,Musa,February,23,Male,Single,0,Postgraduate,North West,Self-Employed,58800.0,Affluent,38600.0,7.0,49,604.09,25,1,1,Digital-Only,1,1,0,0,0,0,2,665,0.535,241,Low
CUST-01861,Tayla,Pillay,35,Female,Married,0,Degree,Limpopo,Retired,14271.04,LSM 5-6,7200.0,3.8,9,741.29,11,2,3,Digital-Preferred,1,0,1,0,0,1,3,540,0.633,9999,Medium
CUST-01862,Fatima,Nxumalo,25,Female,Married,2,Degree,KwaZulu-Natal,Employed,67000.0,Affluent,37800.0,4.9,39,1146.45,34,3,1,Digital-Preferred,1,0,0,1,1,1,4,633,0.421,281,Low
CUST-01863,Kagiso,Dlamini,40,Male,Married,1,Degree,Mpumalanga,Employed,44400.0,Affluent,20800.0,4.9,42,695.83,12,4,4,Digital-Preferred,1,1,1,0,1,0,4,566,0.456,1117,Low
CUST-01864,Ruan,Zulu,38,Male,Married,3,Matric,Eastern Cape,Employed,7900.0,LSM 1-4,6700.0,12.6,13,413.45,11,6,3,Digital-Preferred,1,0,0,1,0,0,2,551,0.436,365,Low
CUST-01865,Kagiso,Khumalo,32,Male,Single,0,Degree,Western Cape,Self-Employed,53000.0,Affluent,32500.0,13.5,44,673.85,15,1,0,Digital-Preferred,1,1,1,0,1,1,5,774,0.249,9999,Low
CUST-01866,Zara,Williams,32,Female,Single,1,Matric,KwaZulu-Natal,Employed,11300.0,LSM 5-6,9100.0,10.4,23,395.24,13,3,0,Digital-Preferred,1,0,0,0,1,0,2,653,0.547,105,Low
CUST-01867,Sipho,Mkhize,30,Male,Married,3,Diploma,Eastern Cape,Retired,11119.56,LSM 5-6,7700.0,6.0,3,2613.49,12,4,4,Digital-Preferred,1,1,0,0,0,0,2,493,0.484,322,High
CUST-01868,Devan,Khumalo,36,Male,Married,2,Matric,Gauteng,Employed,12700.0,LSM 5-6,8600.0,8.8,19,569.97,5,2,0,Passive,1,1,0,1,1,0,4,699,0.299,9999,Low
CUST-01869,Ashleigh,Smith,29,Female,Married,3,Degree,Western Cape,Self-Employed,26500.0,LSM 7-8,20200.0,6.3,33,532.29,16,4,3,Digital-Preferred,1,0,0,1,0,0,2,528,0.589,9999,High
CUST-01870,Nomvula,Johnson,33,Female,Divorced,0,Matric,Gauteng,Employed,16200.0,LSM 5-6,8900.0,9.4,19,428.34,16,8,0,Digital-Preferred,1,1,0,0,0,0,2,637,0.265,66,Low
CUST-01871,André,Nxumalo,50,Male,Married,0,Matric,KwaZulu-Natal,Unemployed,1530.96,LSM 1-4,600.0,3.9,3,470.94,0,6,0,Branch-Preferred,1,0,0,0,0,0,1,674,0.0,9999,Medium
CUST-01872,Lindiwe,Govender,28,Female,Married,0,Matric,Eastern Cape,Retired,4221.73,LSM 1-4,2200.0,10.0,8,219.28,20,3,3,Digital-Preferred,1,1,0,0,0,0,2,522,0.66,688,Medium
CUST-01873,Bongiwe,du Plessis,45,Female,Married,1,Diploma,Gauteng,Employed,18700.0,LSM 5-6,11400.0,4.9,19,485.08,7,3,3,Passive,1,1,1,0,1,0,4,580,0.524,9999,Low
CUST-01874,Bongiwe,Joubert,24,Female,Single,0,Matric,Gauteng,Unemployed,2724.21,LSM 1-4,1500.0,3.0,3,482.89,16,5,1,Digital-Preferred,0,0,0,0,0,0,0,560,0.0,455,High
CUST-01875,Ruan,Ngubane,25,Male,Single,0,Diploma,Mpumalanga,Employed,23100.0,LSM 7-8,11800.0,3.1,28,437.06,8,4,0,Branch-Preferred,1,1,0,1,1,0,4,595,0.459,706,Low
CUST-01876,Dylan,Adams,54,Male,Married,0,Matric,Gauteng,Unemployed,2211.99,LSM 1-4,900.0,5.7,12,50.0,8,5,1,Branch-Preferred,0,0,0,0,0,0,0,588,0.0,9999,High
CUST-01877,Mihlali,Johnson,36,Female,Single,1,Degree,Gauteng,Self-Employed,46500.0,Affluent,25900.0,6.9,36,630.71,21,5,1,Digital-Preferred,1,1,1,0,1,0,4,667,0.431,9999,Low
CUST-01878,Sbusiso,Maharaj,42,Male,Married,4,Matric,KwaZulu-Natal,Employed,12000.0,LSM 5-6,11600.0,7.3,26,530.15,21,2,2,Digital-Preferred,1,1,1,1,0,0,4,642,0.49,700,Low
CUST-01879,Lindiwe,Brown,40,Female,Married,1,Postgraduate,North West,Employed,30000.0,LSM 7-8,18100.0,5.6,26,1097.05,10,4,3,Branch-Preferred,1,1,0,0,0,1,3,550,0.531,3650,Low
CUST-01880,Marco,Ndlovu,52,Male,Married,1,Matric,Eastern Cape,Employed,11000.0,LSM 5-6,7600.0,8.1,29,156.29,24,3,4,Digital-Preferred,1,1,0,0,0,0,2,521,0.488,196,Medium
CUST-01881,Lerato,Govender,45,Female,Married,0,No Matric,Western Cape,Employed,6400.0,LSM 1-4,2800.0,10.0,12,386.31,8,3,2,Passive,1,0,0,0,0,0,1,618,0.0,167,Medium
CUST-01882,Mihlali,February,40,Female,Married,2,Matric,Mpumalanga,Unemployed,406.01,LSM 1-4,400.0,5.3,3,169.17,3,4,3,Branch-Preferred,1,0,0,0,0,0,1,552,0.0,939,High
CUST-01883,Lindiwe,du Plessis,53,Female,Married,1,No Matric,Eastern Cape,Employed,7600.0,LSM 1-4,5800.0,12.2,8,957.0,16,4,3,Digital-Preferred,1,1,0,0,0,0,2,620,0.295,3650,Low
CUST-01884,Kefilwe,Jacobs,32,Female,Married,1,Diploma,Mpumalanga,Retired,9777.6,LSM 5-6,6000.0,9.0,17,229.17,12,1,4,Digital-Preferred,1,0,0,0,0,0,1,515,0.0,13,Medium
CUST-01885,Liezel,Mokoena,19,Female,Single,1,Matric,Eastern Cape,Student,7033.56,LSM 1-4,5700.0,3.0,6,1170.64,14,0,2,Digital-Preferred,1,0,0,0,0,0,1,515,0.0,9999,Medium
CUST-01886,Dylan,Brown,50,Male,Divorced,4,Degree,Mpumalanga,Unemployed,2118.76,LSM 1-4,2200.0,5.0,13,449.65,6,5,4,Branch-Preferred,1,1,0,1,0,0,3,547,0.639,445,Low
CUST-01887,Sandile,Williams,25,Male,Single,0,Diploma,Eastern Cape,Employed,17500.0,LSM 5-6,9000.0,0.5,18,788.92,15,4,1,Digital-Preferred,1,0,0,1,1,0,3,581,0.574,1314,Low
CUST-01888,Liezel,Naidoo,33,Female,Single,0,Matric,KwaZulu-Natal,Employed,16400.0,LSM 5-6,8800.0,4.0,18,774.37,12,6,1,Digital-Preferred,1,1,0,1,1,0,4,636,0.528,1365,Low
CUST-01889,Megan,Reddy,47,Female,Married,0,Matric,Gauteng,Unemployed,1980.92,LSM 1-4,900.0,3.3,11,119.99,19,6,3,Digital-Preferred,1,1,0,0,0,0,2,528,0.472,9999,Medium
CUST-01890,Bongiwe,Pretorius,35,Female,Single,0,Matric,Gauteng,Unemployed,653.34,LSM 1-4,400.0,2.2,18,139.21,10,3,3,Passive,1,0,0,0,0,0,1,504,0.0,97,Medium
CUST-01891,Kefilwe,Ngubane,37,Female,Single,1,Matric,Western Cape,Student,2586.5,LSM 1-4,2300.0,0.5,7,244.66,12,4,0,Digital-Preferred,1,1,0,0,0,0,2,631,0.484,9999,Low
CUST-01892,Thabo,du Plessis,27,Male,Single,0,Matric,Free State,Employed,12100.0,LSM 5-6,8900.0,8.6,20,50.0,22,2,2,Digital-Preferred,1,0,0,1,0,0,2,528,0.447,1107,Medium
CUST-01893,Ashleigh,Jacobs,25,Female,Married,2,Matric,Limpopo,Employed,9300.0,LSM 5-6,5900.0,0.5,20,346.17,11,4,2,Digital-Preferred,1,0,0,0,0,0,1,560,0.0,396,High
CUST-01894,Nokwanda,Dlamini,19,Female,Single,0,Matric,Limpopo,Student,5058.3,LSM 1-4,3000.0,3.0,4,717.8,10,6,0,Branch-Preferred,0,0,0,0,0,0,0,588,0.0,630,Medium
CUST-01895,Nozipho,Mkhize,56,Female,Single,0,Degree,Eastern Cape,Self-Employed,18400.0,LSM 5-6,13400.0,12.8,26,708.0,0,7,1,Branch-Preferred,1,0,0,0,0,0,1,598,0.0,9999,Medium
CUST-01896,Thandi,Botha,28,Female,Single,0,Degree,North West,Employed,3200.0,LSM 1-4,1600.0,2.9,19,256.61,9,5,0,Branch-Preferred,0,0,0,0,0,0,0,605,0.0,9999,Medium
CUST-01897,Fatima,Mokoena,22,Female,Single,0,Degree,Limpopo,Self-Employed,52500.0,Affluent,34600.0,4.2,53,440.4,26,1,1,Digital-Only,1,1,0,1,0,1,4,617,0.537,9999,Low
CUST-01898,Bongiwe,Naidoo,67,Female,Widowed,0,Matric,Gauteng,Employed,14400.0,LSM 5-6,9900.0,4.8,11,1367.83,11,5,3,Digital-Preferred,1,0,0,0,0,1,2,538,0.0,132,Medium
CUST-01899,Priya,Motsepe,43,Male,Single,0,Degree,Western Cape,Employed,37600.0,LSM 7-8,21400.0,10.0,27,870.22,15,2,1,Digital-Preferred,1,1,1,1,0,1,5,736,0.329,9999,Low
CUST-01900,Priya,Govender,53,Female,Married,1,Matric,KwaZulu-Natal,Employed,14600.0,LSM 5-6,7900.0,2.4,19,158.96,5,5,3,Branch-Preferred,1,1,0,0,0,0,2,573,0.449,774,High
CUST-01901,Sipho,Ndlovu,28,Male,Single,1,Matric,Gauteng,Employed,8400.0,LSM 5-6,5300.0,5.2,15,124.51,17,5,3,Digital-Preferred,1,0,0,0,0,0,1,515,0.0,59,High
CUST-01902,Sandile,Mokoena,38,Male,Married,1,Degree,Gauteng,Employed,41900.0,Affluent,29900.0,11.2,38,351.29,23,2,3,Digital-Preferred,1,1,1,0,1,1,5,619,0.308,148,Low
CUST-01903,Sipho,Reddy,35,Male,Married,4,No Matric,KwaZulu-Natal,Employed,6300.0,LSM 1-4,6600.0,5.3,11,752.73,17,3,4,Digital-Preferred,1,1,0,0,0,0,2,508,0.543,1781,High
CUST-01904,Thabo,Botha,47,Male,Married,2,Matric,Gauteng,Employed,11900.0,LSM 5-6,7200.0,0.9,19,273.57,2,4,0,Branch-Preferred,1,0,0,0,0,0,1,592,0.0,418,High
CUST-01905,Musa,Maharaj,33,Male,Married,3,Degree,Gauteng,Employed,55300.0,Affluent,30500.0,12.2,26,1005.0,19,3,1,Digital-Preferred,1,1,1,1,1,0,5,760,0.274,1329,Low
CUST-01906,Palesa,Naidoo,74,Female,Married,0,Matric,North West,Unemployed,1445.29,LSM 1-4,600.0,1.2,16,50.0,0,3,0,Passive,1,0,0,0,0,0,1,636,0.0,9999,Medium
CUST-01907,Lindiwe,Mokoena,32,Female,Married,3,Diploma,KwaZulu-Natal,Employed,18500.0,LSM 5-6,11100.0,6.5,34,266.35,20,3,0,Digital-Preferred,1,1,0,1,1,0,4,712,0.207,182,Low
CUST-01908,Nandi,Mthethwa,32,Female,Single,0,Matric,Mpumalanga,Unemployed,1181.69,LSM 1-4,700.0,6.8,6,231.8,22,2,0,Digital-Preferred,1,1,0,1,0,0,3,628,0.463,1999,Low
CUST-01909,Nhlanhla,Jacobs,29,Male,Single,0,No Matric,Gauteng,Unemployed,2724.01,LSM 1-4,1800.0,5.5,13,50.0,25,6,0,Digital-Preferred,1,0,0,0,0,0,1,637,0.0,28,High
CUST-01910,Jason,Jacobs,34,Male,Single,0,Postgraduate,Free State,Employed,59500.0,Affluent,28200.0,16.6,63,233.66,21,5,3,Digital-Preferred,1,1,1,1,0,1,5,621,0.439,26,Low
CUST-01911,Kavitha,Nkosi,27,Female,Single,0,Matric,Limpopo,Employed,17200.0,LSM 5-6,12100.0,7.7,22,643.01,24,2,2,Digital-Preferred,0,0,0,0,0,0,0,490,0.0,1476,Medium
CUST-01912,Siphokazi,Reddy,35,Female,Married,4,Matric,North West,Unemployed,1268.28,LSM 1-4,1300.0,4.5,13,50.0,15,2,0,Digital-Preferred,1,0,0,1,0,0,2,656,0.414,9999,Medium
CUST-01913,Cleo,Botha,45,Female,Married,3,Matric,Western Cape,Unemployed,1587.15,LSM 1-4,1700.0,6.9,26,181.84,17,2,3,Digital-Preferred,1,0,0,1,0,0,2,561,0.64,612,Medium
CUST-01914,Lindiwe,Dlamini,36,Female,Single,1,Degree,Eastern Cape,Retired,11994.93,LSM 5-6,9500.0,6.4,34,179.92,8,5,3,Branch-Preferred,1,0,1,0,0,0,2,534,0.507,9999,Medium
CUST-01915,Siphokazi,Naidoo,27,Female,Single,1,Degree,KwaZulu-Natal,Unemployed,1788.78,LSM 1-4,1900.0,5.3,3,948.3,30,0,1,Digital-Only,1,1,0,0,0,0,2,507,0.768,724,High
CUST-01916,Chanel,Dlamini,47,Female,Married,1,Matric,KwaZulu-Natal,Unemployed,1728.72,LSM 1-4,1200.0,5.8,8,191.73,16,4,1,Digital-Preferred,0,0,0,1,0,0,1,604,0.74,858,High
CUST-01917,Nomvula,Ngubane,46,Female,Married,1,Postgraduate,Limpopo,Self-Employed,89300.0,High Net Worth,42000.0,9.7,77,790.71,17,7,0,Digital-Preferred,1,1,0,1,0,1,4,758,0.232,709,Low
CUST-01918,Ashleigh,Reddy,43,Female,Married,3,No Matric,Gauteng,Self-Employed,3300.0,LSM 1-4,3500.0,5.9,16,322.3,11,5,2,Digital-Preferred,1,0,0,0,0,0,1,549,0.0,942,Medium
CUST-01919,Anika,Daniels,30,Female,Married,4,Degree,Gauteng,Self-Employed,59000.0,Affluent,28900.0,5.5,55,641.11,29,1,0,Digital-Only,1,1,1,0,1,1,5,697,0.432,9999,Low
CUST-01920,Kiran,Mthethwa,23,Male,Single,0,Matric,Mpumalanga,Retired,4207.6,LSM 1-4,2900.0,0.5,3,816.18,11,3,1,Digital-Preferred,1,1,0,0,0,0,2,547,0.62,21,Medium
CUST-01921,Nkosinathi,Daniels,25,Male,Single,0,Diploma,Gauteng,Self-Employed,19700.0,LSM 5-6,10100.0,7.9,8,1495.98,21,4,3,Digital-Preferred,1,0,0,1,1,0,3,521,0.507,9999,Low
CUST-01922,Luca,Smith,38,Male,Single,0,No Matric,Limpopo,Self-Employed,800.0,LSM 1-4,500.0,3.4,25,63.15,8,5,4,Branch-Preferred,1,0,0,0,0,0,1,481,0.0,897,High
CUST-01923,Siphokazi,van der Berg,20,Female,Single,1,Postgraduate,Gauteng,Employed,33100.0,LSM 7-8,25300.0,2.4,38,475.03,22,2,0,Digital-Preferred,1,0,0,0,0,0,1,560,0.0,1554,High
CUST-01924,Ashleigh,Khumalo,56,Female,Married,0,Degree,KwaZulu-Natal,Employed,47700.0,Affluent,26300.0,5.9,45,162.45,20,4,0,Digital-Preferred,1,1,1,0,1,1,5,733,0.336,9999,Low
CUST-01925,Ruan,Govender,50,Male,Married,5,Diploma,KwaZulu-Natal,Employed,24300.0,LSM 7-8,14800.0,4.4,16,952.99,20,5,1,Digital-Preferred,1,0,0,0,0,1,2,639,0.0,9999,Low
CUST-01926,Kavitha,Dlamini,58,Female,Widowed,0,No Matric,Western Cape,Unemployed,2005.28,LSM 1-4,1100.0,2.0,8,439.07,11,4,0,Digital-Preferred,1,0,0,0,0,0,1,654,0.0,9999,Medium
CUST-01927,Kagiso,Brown,57,Male,Single,0,Matric,Mpumalanga,Unemployed,1368.34,LSM 1-4,700.0,7.9,15,50.0,12,5,2,Digital-Preferred,0,0,0,0,0,0,0,618,0.0,795,Medium
CUST-01928,Jason,Sithole,35,Male,Married,2,Diploma,Mpumalanga,Employed,9900.0,LSM 5-6,7300.0,9.2,6,1028.51,21,1,1,Digital-Only,1,0,0,1,0,0,2,622,0.369,142,Low
CUST-01929,Ayanda,Adams,37,Female,Married,6,Matric,Gauteng,Unemployed,2162.96,LSM 1-4,2300.0,5.2,6,320.08,10,6,4,Branch-Preferred,0,0,0,0,0,0,0,418,0.0,241,High
CUST-01930,Sipho,Adams,42,Male,Married,6,No Matric,KwaZulu-Natal,Self-Employed,7300.0,LSM 1-4,7700.0,3.9,18,648.03,16,4,5,Digital-Preferred,1,0,0,0,0,0,1,456,0.0,318,High
CUST-01931,Nhlanhla,Botha,39,Male,Divorced,0,Diploma,Mpumalanga,Employed,24600.0,LSM 7-8,13300.0,1.6,31,61.67,5,3,0,Passive,1,1,0,0,1,0,3,620,0.424,9999,Low
CUST-01932,Jade,February,57,Female,Widowed,0,Matric,Gauteng,Employed,18200.0,LSM 5-6,9500.0,8.6,18,397.74,15,2,1,Digital-Preferred,1,0,0,1,0,0,2,691,0.306,9999,Low
CUST-01933,Dylan,Daniels,26,Male,Married,0,Degree,Gauteng,Employed,30900.0,LSM 7-8,14000.0,3.0,38,167.27,38,1,0,Digital-Only,1,1,0,1,1,0,4,639,0.475,9999,Low
CUST-01934,Jade,Brown,39,Female,Divorced,3,Diploma,Western Cape,Self-Employed,26500.0,LSM 7-8,15200.0,3.4,35,546.71,22,5,0,Digital-Preferred,1,0,0,1,0,0,2,672,0.316,637,Low
CUST-01935,Liezel,Ndlovu,53,Female,Married,1,Matric,Limpopo,Unemployed,640.34,LSM 1-4,700.0,5.1,3,204.79,11,4,1,Digital-Preferred,1,0,0,1,0,0,2,663,0.448,624,Low
CUST-01936,Ashleigh,Botha,41,Female,Married,4,Diploma,KwaZulu-Natal,Self-Employed,20400.0,LSM 7-8,14200.0,5.4,37,314.47,16,5,2,Digital-Preferred,1,1,0,0,0,1,3,579,0.423,9999,Low
CUST-01937,Cleo,Jacobs,31,Female,Married,0,Matric,Gauteng,Employed,5500.0,LSM 1-4,3000.0,0.8,23,94.42,12,3,7,Digital-Preferred,1,0,0,0,0,0,1,361,0.0,18,High
CUST-01938,Musa,Daniels,25,Male,Married,2,Diploma,Free State,Self-Employed,22700.0,LSM 7-8,15700.0,0.5,27,738.45,11,1,0,Digital-Preferred,1,1,0,0,1,0,3,622,0.525,9999,Low
CUST-01939,Ayanda,van der Berg,27,Female,Single,0,Degree,North West,Employed,30800.0,LSM 7-8,16000.0,6.5,29,776.04,9,0,0,Passive,1,1,0,0,1,0,3,715,0.288,731,Low
CUST-01940,Kiran,Mthembu,27,Male,Single,0,Matric,Eastern Cape,Employed,5400.0,LSM 1-4,3200.0,3.4,20,364.93,3,7,2,Branch-Preferred,1,0,0,1,0,0,2,581,0.337,9999,Medium
CUST-01941,Sandile,Buthelezi,51,Male,Single,0,Matric,Eastern Cape,Self-Employed,18400.0,LSM 5-6,12900.0,7.8,27,592.86,24,4,2,Digital-Preferred,1,0,1,0,0,0,2,589,0.576,2828,High
CUST-01942,Ayanda,Joubert,46,Female,Married,1,Degree,North West,Employed,41900.0,Affluent,20400.0,8.2,36,843.45,22,5,3,Digital-Preferred,1,1,1,0,1,0,4,592,0.307,546,Low
CUST-01943,Sbusiso,Naidoo,41,Male,Single,1,Diploma,Eastern Cape,Unemployed,1644.77,LSM 1-4,1700.0,8.3,24,50.0,12,5,6,Digital-Preferred,0,0,0,0,0,0,0,424,0.0,552,High
CUST-01944,Priya,Williams,18,Female,Single,0,Diploma,Limpopo,Employed,4700.0,LSM 1-4,3500.0,0.5,3,1244.2,27,1,2,Digital-Only,1,0,0,0,0,0,1,492,0.0,242,High
CUST-01945,Nkosinathi,Ndlovu,29,Male,Single,0,Degree,KwaZulu-Natal,Self-Employed,54600.0,Affluent,32500.0,7.2,41,1262.4,16,1,3,Digital-Preferred,1,1,1,0,0,0,3,569,0.441,82,Low
CUST-01946,Bongiwe,Sithole,21,Female,Single,0,Diploma,Gauteng,Employed,16500.0,LSM 5-6,9700.0,4.4,25,50.0,23,0,4,Digital-Only,1,0,0,0,0,0,1,461,0.0,23,High
CUST-01947,Sandile,Buthelezi,27,Male,Married,2,No Matric,Mpumalanga,Unemployed,505.81,LSM 1-4,500.0,3.2,10,50.0,0,4,5,Branch-Preferred,0,0,0,0,0,0,0,425,0.0,289,High
CUST-01948,Johan,Jacobs,26,Male,Single,2,Degree,Eastern Cape,Self-Employed,39700.0,LSM 7-8,23600.0,8.4,42,354.74,21,2,2,Digital-Preferred,1,1,1,1,0,0,4,609,0.424,3099,Low
CUST-01949,Fatima,Khumalo,49,Female,Single,0,Degree,KwaZulu-Natal,Self-Employed,66000.0,Affluent,41900.0,4.4,43,1032.16,9,4,2,Branch-Preferred,1,1,1,1,1,1,6,688,0.28,2343,Low
CUST-01950,Rayan,Nxumalo,49,Male,Married,3,No Matric,Eastern Cape,Retired,1643.74,LSM 1-4,1700.0,2.6,9,476.46,11,6,6,Digital-Preferred,1,0,0,0,0,0,1,409,0.0,117,High
CUST-01951,Thandi,Ngubane,32,Female,Married,1,Matric,Mpumalanga,Unemployed,2060.55,LSM 1-4,1700.0,0.5,21,188.45,21,3,5,Digital-Preferred,1,0,0,0,0,0,1,385,0.0,115,High
CUST-01952,Mandla,Ndlovu,33,Male,Married,3,Degree,KwaZulu-Natal,Employed,37600.0,LSM 7-8,25900.0,5.3,23,1082.62,12,4,2,Digital-Preferred,1,1,1,0,0,0,3,585,0.36,9999,Low
CUST-01953,Kavitha,Naidoo,21,Female,Single,0,Diploma,Limpopo,Student,1976.31,LSM 1-4,1000.0,2.0,9,220.25,1,3,1,Passive,1,0,0,1,0,0,2,550,0.544,9999,Low
CUST-01954,Nozipho,Pretorius,28,Female,Single,1,Diploma,Gauteng,Retired,4736.38,LSM 1-4,4400.0,7.8,9,430.95,12,3,8,Digital-Preferred,1,0,0,0,1,0,2,399,0.823,870,Medium
CUST-01955,Lindiwe,du Plessis,33,Female,Married,1,Diploma,Eastern Cape,Employed,18800.0,LSM 5-6,10900.0,5.8,25,474.87,8,3,2,Passive,1,1,0,0,0,0,2,600,0.451,9999,Medium
CUST-01956,Lerato,Brown,25,Female,Married,0,Degree,Northern Cape,Employed,49600.0,Affluent,28100.0,2.7,46,734.59,16,1,3,Digital-Preferred,1,1,0,1,1,0,4,586,0.487,1377,Low
CUST-01957,Rayan,Mthethwa,37,Male,Married,1,Diploma,Mpumalanga,Employed,12100.0,LSM 5-6,6100.0,1.2,19,671.62,13,3,1,Digital-Preferred,1,0,0,0,1,0,2,617,0.269,9999,Low
CUST-01958,Kavitha,Ngubane,24,Female,Single,0,Matric,Mpumalanga,Unemployed,2652.83,LSM 1-4,1900.0,0.5,9,301.0,12,0,4,Digital-Preferred,1,0,0,0,0,0,1,401,0.0,74,High
CUST-01959,Nokwanda,Motsepe,43,Female,Divorced,1,No Matric,Eastern Cape,Student,3700.41,LSM 1-4,3000.0,6.2,13,274.31,13,3,4,Digital-Preferred,0,0,0,0,0,0,0,479,0.0,323,Medium
CUST-01960,Shenay,Daniels,28,Female,Married,4,Diploma,KwaZulu-Natal,Unemployed,1684.38,LSM 1-4,1800.0,7.8,10,587.08,6,7,3,Branch-Preferred,1,0,0,0,0,0,1,490,0.0,888,High
CUST-01961,Ayanda,Pretorius,32,Female,Single,0,Postgraduate,Eastern Cape,Employed,75400.0,Affluent,45200.0,6.7,60,362.14,6,7,2,Branch-Preferred,1,1,1,1,1,0,5,683,0.404,9999,Low
CUST-01962,Zara,Khumalo,28,Female,Married,3,Diploma,KwaZulu-Natal,Employed,5900.0,LSM 1-4,5500.0,9.0,26,193.14,9,4,3,Branch-Preferred,0,0,0,0,0,0,0,549,0.0,9999,High
CUST-01963,Liezel,Reddy,30,Female,Married,0,Matric,Western Cape,Self-Employed,10700.0,LSM 5-6,5100.0,2.9,8,489.24,12,2,0,Digital-Preferred,1,0,0,0,0,0,1,627,0.0,9999,Medium
CUST-01964,Lungelo,Adams,30,Male,Married,1,Degree,Western Cape,Employed,18000.0,LSM 5-6,11400.0,5.0,25,408.32,18,6,2,Digital-Preferred,1,1,0,1,0,1,4,572,0.526,9999,Low
CUST-01965,Bongiwe,Cele,47,Female,Married,2,Matric,Western Cape,Employed,7400.0,LSM 1-4,5400.0,4.6,7,892.22,10,3,2,Passive,1,1,0,0,0,0,2,575,0.554,9999,Medium
CUST-01966,Tayla,du Plessis,41,Female,Married,5,Diploma,KwaZulu-Natal,Employed,22700.0,LSM 7-8,15800.0,11.1,41,581.5,8,1,3,Passive,1,1,1,1,1,0,5,588,0.53,2119,Low
CUST-01967,Nandi,Joubert,33,Female,Single,0,Matric,KwaZulu-Natal,Employed,8300.0,LSM 5-6,5000.0,6.0,16,208.42,13,7,3,Digital-Preferred,1,0,0,0,0,0,1,546,0.0,1678,Medium
CUST-01968,Rayan,Khumalo,31,Male,Single,0,Degree,KwaZulu-Natal,Employed,47600.0,Affluent,29500.0,2.1,32,1055.7,19,1,1,Digital-Preferred,1,1,1,1,1,0,5,638,0.497,1111,Low
CUST-01969,Zara,Dlamini,29,Female,Married,2,Degree,Gauteng,Self-Employed,30400.0,LSM 7-8,16100.0,9.4,28,395.47,14,2,1,Digital-Preferred,1,1,1,1,1,0,5,675,0.341,9999,Low
CUST-01970,Nomvula,Maharaj,36,Female,Married,1,Degree,KwaZulu-Natal,Employed,34200.0,LSM 7-8,22300.0,12.8,21,805.81,24,6,1,Digital-Preferred,1,1,1,1,1,1,6,706,0.358,9999,Low
CUST-01971,Ashleigh,Pillay,30,Female,Single,0,Matric,Gauteng,Employed,10000.0,LSM 5-6,7000.0,4.9,12,597.5,8,5,3,Branch-Preferred,0,0,0,0,1,0,1,542,0.439,9999,High
CUST-01972,Mandla,Maharaj,52,Male,Divorced,3,Matric,North West,Self-Employed,19900.0,LSM 5-6,15500.0,3.6,28,509.86,10,2,0,Passive,1,0,0,1,0,0,2,680,0.474,9999,Low
CUST-01973,Kiran,Motsepe,32,Male,Single,0,Matric,Gauteng,Retired,6410.21,LSM 1-4,3700.0,8.0,25,446.11,17,1,0,Digital-Preferred,1,0,1,0,0,0,2,678,0.307,9999,Low
CUST-01974,Musa,Pretorius,42,Male,Married,1,Postgraduate,Mpumalanga,Self-Employed,69500.0,Affluent,41600.0,15.5,65,1065.69,14,4,3,Digital-Preferred,1,1,1,1,1,1,6,690,0.306,9999,Low
CUST-01975,Johan,February,23,Male,Single,2,Matric,Gauteng,Unemployed,1900.04,LSM 1-4,2000.0,6.0,10,78.29,12,4,6,Digital-Preferred,0,0,0,0,0,0,0,385,0.0,332,High
CUST-01976,Bongiwe,Nxumalo,36,Female,Single,2,Diploma,Mpumalanga,Self-Employed,9600.0,LSM 5-6,6400.0,0.8,21,50.0,6,3,3,Passive,1,0,0,1,0,0,2,530,0.516,9999,High
CUST-01977,Luca,Govender,53,Male,Single,0,Diploma,Limpopo,Self-Employed,25400.0,LSM 7-8,13000.0,9.0,33,120.5,11,3,4,Digital-Preferred,1,0,1,0,0,0,2,565,0.379,9999,High
CUST-01978,Nokwanda,Zulu,33,Female,Single,1,Matric,North West,Unemployed,1023.29,LSM 1-4,1100.0,6.3,29,50.0,4,5,5,Branch-Preferred,1,0,0,1,0,0,2,460,0.739,128,Medium
CUST-01979,Marco,Mthembu,41,Male,Married,0,Matric,Mpumalanga,Employed,11900.0,LSM 5-6,7100.0,2.9,13,587.61,16,4,1,Digital-Preferred,1,0,0,1,0,0,2,607,0.51,352,Low
CUST-01980,Kagiso,Jacobs,34,Male,Single,0,No Matric,Eastern Cape,Unemployed,2547.44,LSM 1-4,1700.0,9.0,24,50.0,11,6,3,Digital-Preferred,1,1,0,0,0,0,2,576,0.41,119,High
CUST-01981,Megan,Zulu,53,Female,Married,1,Diploma,Gauteng,Employed,15600.0,LSM 5-6,10600.0,7.4,12,631.63,5,3,1,Passive,1,1,0,0,0,0,2,661,0.409,2298,Low
CUST-01982,Nomvula,Govender,28,Female,Single,0,Postgraduate,Western Cape,Employed,47900.0,Affluent,24400.0,9.9,51,835.66,24,1,1,Digital-Only,1,1,1,1,1,1,6,702,0.368,9999,Low
CUST-01983,Sipho,Pretorius,32,Male,Single,0,Diploma,KwaZulu-Natal,Employed,13700.0,LSM 5-6,9400.0,2.7,14,804.0,27,4,5,Digital-Preferred,1,0,0,0,0,0,1,447,0.0,82,Medium
CUST-01984,Bongani,Daniels,30,Male,Single,0,Postgraduate,Mpumalanga,Employed,95000.0,High Net Worth,70200.0,8.2,68,1384.16,19,3,1,Digital-Preferred,1,1,1,0,1,1,5,725,0.16,712,Low
CUST-01985,Liezel,du Plessis,27,Female,Single,0,Matric,Mpumalanga,Employed,8000.0,LSM 1-4,3600.0,2.8,13,50.0,6,2,0,Passive,1,0,0,0,1,0,2,637,0.516,9999,Medium
CUST-01986,Palesa,Reddy,43,Female,Single,0,Matric,KwaZulu-Natal,Self-Employed,10500.0,LSM 5-6,6600.0,6.4,11,854.54,18,3,1,Digital-Preferred,1,1,0,0,1,0,3,614,0.409,2029,Low
CUST-01987,Johan,Brown,33,Male,Single,0,Degree,Eastern Cape,Employed,24100.0,LSM 7-8,12000.0,11.0,29,383.99,16,5,4,Digital-Preferred,1,1,1,1,1,0,5,554,0.397,100,Low
CUST-01988,Tayla,Smith,27,Female,Married,3,Degree,KwaZulu-Natal,Employed,39100.0,LSM 7-8,19000.0,1.2,46,334.68,8,2,0,Passive,1,1,0,0,1,0,3,617,0.406,9999,Low
CUST-01989,Sipho,Maharaj,27,Male,Married,4,Matric,Eastern Cape,Employed,10500.0,LSM 5-6,9400.0,1.4,3,3138.2,11,3,1,Digital-Preferred,1,1,0,1,0,0,3,559,0.532,413,Medium
CUST-01990,Anika,Khumalo,23,Female,Single,0,Diploma,Eastern Cape,Employed,11700.0,LSM 5-6,8600.0,6.4,16,397.6,16,3,2,Digital-Preferred,1,0,0,0,0,0,1,621,0.0,3436,Medium
CUST-01991,Arjun,Khumalo,34,Male,Married,3,Degree,Western Cape,Employed,28300.0,LSM 7-8,13300.0,6.8,20,636.4,24,2,1,Digital-Preferred,1,1,1,1,1,0,5,693,0.307,9999,Low
CUST-01992,Nandi,Botha,39,Female,Married,0,Degree,Mpumalanga,Employed,59700.0,Affluent,33300.0,12.5,57,773.5,15,2,1,Digital-Preferred,1,1,1,1,1,1,6,745,0.222,9999,Low
CUST-01993,Ashleigh,Govender,33,Female,Single,0,Diploma,Gauteng,Employed,33700.0,LSM 7-8,24800.0,4.8,44,171.03,23,2,3,Digital-Preferred,1,0,1,1,1,0,4,576,0.61,9999,Low
CUST-01994,Heinrich,Govender,37,Male,Single,0,Matric,Limpopo,Employed,13700.0,LSM 5-6,6200.0,6.1,18,643.91,15,2,0,Digital-Preferred,1,0,1,0,1,0,3,648,0.571,1030,Low
CUST-01995,Thabo,Hendricks,32,Male,Married,3,No Matric,Eastern Cape,Unemployed,2917.14,LSM 1-4,3100.0,7.3,6,595.14,0,6,2,Branch-Preferred,1,1,0,0,0,0,2,547,0.707,503,High
CUST-01996,Pieter,Ndlovu,43,Male,Married,2,Diploma,KwaZulu-Natal,Employed,32700.0,LSM 7-8,17600.0,7.8,19,904.27,16,5,1,Digital-Preferred,1,0,1,0,0,0,2,643,0.403,9999,Low
CUST-01997,Sbusiso,Khumalo,33,Male,Single,0,Diploma,KwaZulu-Natal,Employed,15700.0,LSM 5-6,8100.0,0.7,36,412.12,9,4,1,Branch-Preferred,1,1,1,1,0,0,4,584,0.401,829,Low
CUST-01998,Lungelo,Khumalo,31,Male,Married,1,Matric,Gauteng,Self-Employed,6900.0,LSM 1-4,5000.0,13.9,25,272.76,18,5,6,Digital-Preferred,1,0,0,1,0,0,2,486,0.699,910,High
CUST-01999,Kyle,du Plessis,28,Male,Single,0,Matric,Eastern Cape,Retired,3234.97,LSM 1-4,2000.0,5.9,3,570.68,18,2,1,Digital-Preferred,1,0,0,0,0,0,1,592,0.0,803,High
CUST-02000,Nozipho,Naidoo,45,Female,Single,1,Matric,Mpumalanga,Unemployed,1394.88,LSM 1-4,1500.0,1.1,16,50.0,3,10,2,Branch-Preferred,0,0,0,0,0,0,0,567,0.0,9999,High
